document_id,chunk_id,title,chunk_text,source,comment
5,0,Post 5 (2016-10-09 22:08:21),"Сегодня последний день регистрации на киллера. Внизу конечные правила, все внимательно прочитайте, так как не очень хочется отвечать всем на одни и те же вопросы. Также внизу ссылка на форму, которую вы будете заполнять при убийстве. Завтра будут запакованы конверты! В течение вторника и среды каждый игрок получит свою цель. Начиная с четверга можно будет убивать",https://vk.com/wall-130344439_5,пост
5,1,Post 5 (2016-10-09 22:08:21),. Начиная с четверга можно будет убивать. Ссылка на регистрацию Ссылка на отчет об убийстве,https://vk.com/wall-130344439_5,пост
7,0,Post 7 (2016-10-10 01:13:47),"Доброй ночи, эконом! Все мы знаем как сильна математическая статистика. И вот настал час продемонстрировать вам её силу! С высокой вероятностью кто-то спалился.",https://vk.com/wall-130344439_7,пост
7,0,Post 7 (2016-10-10 01:13:47),"Тут отправили фото, Тут отправили фото, мне кажется, он нажрался и рандомил, кого отчислить, а ничо, что там есть и женщина старше 45? а мужчин даже не 1, а скорее 4. Так что существует вероятность, что 1 из 4 Шилин, но также может быть, что у кого-то стоит год рождения в стиле 1900, Он просто с разных аккаунтов заходит D, id145608859Никита, умеешь ты все испортить, у меня 1900",https://vk.com/wall-130344439_7,комментарий
16,0,Post 16 (2016-10-10 01:25:31),Заливайте НОРМ мемы про ЕКАНАМ или учебу в альбом ГАВНО МЕМЫ БУДУТ УДАЛЯТЬСЯ,https://vk.com/wall-130344439_16,пост
26,0,Post 26 (2016-10-12 23:21:23),"И так, все карты розданы и судьбы предрешены. Больше никому нельзя доверять, лучшие друзья могут оказаться врагами, а опасность будет поджидать вас за каждым углом",https://vk.com/wall-130344439_26,пост
26,1,Post 26 (2016-10-12 23:21:23),". МЫ НАЧИНАЕМ ИГРУ! Теперь когда нервы на пределе, азарт бурлит в вашей крови, а хитроумные планы занимают все ваши мысли, интуиция станет величайшим оружием, а мнительность возможно спасет вам жизнь! Удачной охоты! И не забывайте, каждый охотник, в любой момент может стать жертвой",https://vk.com/wall-130344439_26,пост
26,0,Post 26 (2016-10-12 23:21:23),", Как я понимаю в лидерах пока Артем Ревтов и Дмитрий Савченко ?, Наверн эта шутка ща в топе, я тож так говорю, id18236049Igor, а что делать если кому-то в конверте попался Артем?, а что с Артёмом?, id32346529Агафья, небольшие неприятности у него, Тут отправили фото",https://vk.com/wall-130344439_26,комментарий
64,0,Post 64 (2016-10-14 19:41:36),"Ребята, которые играют в киллера! Вбивайте своих убитых вместе с паролями в форму! Без этого их смерть не будет вам засчитана! P.S. По моим данным уже скончалось около 5 человек.",https://vk.com/wall-130344439_64,пост
75,0,Post 75 (2016-10-15 15:04:25),"В Киллер играли n человек. После окончания игры, когда были убиты все, кто может быть убит, встретились два игрока возможно убитых и оказалось, что один убил 5 человек, а другой 7 человек. Оцените n подходящим методом.",https://vk.com/wall-130344439_75,пост
75,0,Post 75 (2016-10-15 15:04:25),киллер приходит к жертве и заставляет решать задачку,https://vk.com/wall-130344439_75,комментарий
78,0,Post 78 (2016-10-18 16:26:36),"346., ПОЧЕМУ ГОДА ТАКИЕ ДЛИННЫЕ?, id6045249Филипп, или почему посвятов так мало?!, id18236049Игорь, организуй плиз еще один, можно организовать посвящение в студенты после первой сессии гыгык, id18236049Igor, а ты че, посвят крафтил??, id8176408Сергей, в 2014 и 2015. В этом был почётным советником",https://vk.com/wall-130344439_78,комментарий
85,0,Post 85 (2016-10-20 17:19:08),"Тут отправили фото, Тут отправили фото, А фоток поживее нет?, id18236049Игорь,, id6045249Филипп, я тут понял что эт самое экстремальное моё занятие за последнее время, id6045249Филипп, почему девочка на заднем фоне просит пожалуйста, я не готова? Что у вас там происходит??, id4434770Таисия, всё легально",https://vk.com/wall-130344439_85,комментарий
95,0,Post 95 (2016-10-23 11:26:58),"2, 3, 4, 5, 6, 7, 8, 9, 10, 11, 12, 13, 14, 15, 16, 17, 18, 19, 20!, Всем спасибо! Все свободны!, id18236049Игорь, а контрольные 7?, 1, 2, 3, 4, 5, 6, 7, Ну и три в голову, конечно!, 1, 2, 3!, It was legen. wait for it dary! Legendary!, как же мы ебошим",https://vk.com/wall-130344439_95,комментарий
113,0,Post 113 (2016-10-23 20:48:45),"Кого бы вы выбрали на 4-м курсе, уважаемые иконамисты?",https://vk.com/wall-130344439_113,пост
113,0,Post 113 (2016-10-23 20:48:45),"Эскобар - это кто?, id219261651Антон, при чем тут он?, id28317794Мариана,, Шкребела очень крута, тож не в тему добавили, id150423338Руслан, крута как специалист, а не препод на 4 курсе",https://vk.com/wall-130344439_113,комментарий
143,0,Post 143 (2016-10-24 17:04:11),Господа ПЕРВОКУРСНИКИ соизволили позвать нас на тусу в пятницу. Поддержим их! Время и место будет опубликовано здесь ставь класс там и все дела,https://vk.com/wall-130344439_143,пост
143,0,Post 143 (2016-10-24 17:04:11),"ГООООООО!, и всех вас там поубивают., id1598589Антон, зато эта смерть будет веселой",https://vk.com/wall-130344439_143,комментарий
149,0,Post 149 (2016-10-25 00:29:45),"Лирика на Иканаме Его лик сияет при свете огней Он самый Великий из ученых людей Когда Он заходит, весь класс замирает, Встает и с удивлением на слайде читает Академик Раен, пожарный, ученый, Трижды профессор Отрадное района, Читал час назад лекции В ТурГПФи, Закончил авансом все кафедры в МИФи, Обладатель двух премий Столыпинских реформ, Подал в пятом классе собачкам на корм",https://vk.com/wall-130344439_149,пост
149,1,Post 149 (2016-10-25 00:29:45),", Подал в пятом классе собачкам на корм, Лично участвовал в посвяте КемГУ, Почетный заседатель на лавке в МГУ, Пожал Гайдара руку через 5 человек, Молдаванину объяснил, что такое субъект, Написал около десяти тыщ работ, Заставил работать коньячный завод, Магистр экономики в МАГРиТу Открыл на небе сверхновую звезду, Сочинил универсальный по безопасности гайд К сожалению, на этом закончился слайд",https://vk.com/wall-130344439_149,пост
149,2,Post 149 (2016-10-25 00:29:45),".. Сколькими регалиями ещё, кто знает Кафидов Валерий В. обладает.",https://vk.com/wall-130344439_149,пост
154,0,Post 154 (2016-10-25 22:47:58),А между тем умерло всего 20 человек. Убивайте друг-друга активнее!,https://vk.com/wall-130344439_154,пост
177,0,Post 177 (2016-10-29 22:56:31),"Я надеюсь, что эконометрика мне понравится. Так, налей мне виски., бывает, 111 views, Это успех",https://vk.com/wall-130344439_177,комментарий
182,0,Post 182 (2016-10-31 18:59:12),"Киллер продлевается до тех пор, пока не умрет больше половины!",https://vk.com/wall-130344439_182,пост
187,0,Post 187 (2016-11-01 17:11:17),"Хочешь написать хороший нир, но не можешь накачать статей, потому что доступ к базам данных есть только из библиотеки, а там такой медленный интернет что просто капец? Качай статьи прямо из дома! Просто скопируй ссылку на статью в sci-hub! P.S. На самом деле мы в шоке, что многие не знают об этой штуке",https://vk.com/wall-130344439_187,пост
187,0,Post 187 (2016-11-01 17:11:17),А вообще в академии рекомендуют пользоваться купленной подпиской. Академия миллионы тратит на подписки и ведет статистику,https://vk.com/wall-130344439_187,комментарий
187,1,Post 187 (2016-11-01 17:11:17),"., Миллионы на подписку в которой почти ничего стоящего нет или на стоящее подписка не распространяется, id3577476Никита, бесплатные две недели, id6045249Филипп, это была другая подписка, id3577476Никита, Просто подписка есть, а на самом деле ее нет деньги платят, но ничего не работает",https://vk.com/wall-130344439_187,комментарий
201,0,Post 201 (2016-11-07 17:28:55),"Выбор теперь не будет случайным, потому что ты всем сказал во что мы играем., id6045249Philip, ошибка была в последней фразе, id6045249Philip, остальное на случайность не влияет, Так ведь название игры все равно не несет никакого смысла. Поч не случайность?, Ну более мене на самом деле получилось даже при косяке в самом начале",https://vk.com/wall-130344439_201,комментарий
206,0,Post 206 (2016-11-07 17:46:23),"Хочу увидеть проголосовавших и убедиться, что молодые неопытные голосуют не за хи-квадрат",https://vk.com/wall-130344439_206,комментарий
211,0,Post 211 (2016-11-09 00:04:41),"id10592581Александр, понятненько, ясненько, Почему Трамп сэндвич?",https://vk.com/wall-130344439_211,комментарий
216,0,Post 216 (2016-11-16 20:35:48),"тут очередной топ трек ставьте классы, подписывайтесь на канал, ссылка в описании",https://vk.com/wall-130344439_216,пост
216,0,Post 216 (2016-11-16 20:35:48),"хочу придумать остроумный коммент, но так горит, что ничего на голову не приходит, , Норм трек. Качает, Это, конечно, такое, но все же лучше, чем предыдущие услышанные треки., Ой, аннулирую свой прошлый коммент, когда пошёл рэп стало плохо, Все проекты просто топ!",https://vk.com/wall-130344439_216,комментарий
223,0,Post 223 (2016-11-19 13:48:28),"Иканаааам, в понедельник идем в бар! Веселая компания и 4 по цене 1 в понедельник в 19.00 в Papas place Идем бухать, не будь как Никитка",https://vk.com/wall-130344439_223,пост
223,0,Post 223 (2016-11-19 13:48:28),"Парень дело говорит, Если будете раньше меня Стол на 10 человек не мое имя, Всем спасибо, было весело и слишком пьяно",https://vk.com/wall-130344439_223,комментарий
227,0,Post 227 (2016-11-23 15:44:46),"Товарищи экономисты, есть такая инфа которую никто, оказывается, не знал, хотя это уже как год работает Каждому студенту на время обучения бакалавриат, магистратура, аспирантура предоставляется личная учётная запись Microsoft Office 365, которая гарантирует вам 1 ТБ облачного хранилища на OneDrive, личный почтовый ящик в домене edu.ranepa",https://vk.com/wall-130344439_227,пост
227,1,Post 227 (2016-11-23 15:44:46),".ranepa.ru, а так возможность установки лицензионных версий Microsft Office 365 последней версии на 5 компов, 5 планшетов и 5 телефонов. Все подробности и инструкции можно найти по ссылке",https://vk.com/wall-130344439_227,пост
227,0,Post 227 (2016-11-23 15:44:46),"шок-контент, Слабо, физтехам phystech.edu остаётся после обучения вместе с гугл диском на 5Тб",https://vk.com/wall-130344439_227,комментарий
230,0,Post 230 (2016-11-24 13:40:45),"Дорогие экономовцы! В субботу собираем всех желающих на открытый каток в Парке Горького! Все, кто хочет пойти, ставим лойсы. Время сбора уточним позже, но думаю, что это будет в часов 5 дня. Приходите, откроем зимний сезон! Также после катка решим о продолжении банкета.",https://vk.com/wall-130344439_230,пост
230,0,Post 230 (2016-11-24 13:40:45),"Там можно взять коньки напрокат?, id87749968Александр, да, Коньки на прокат там включены в стоимость билета на вход, В прошлом году по крайней мере так было, но они не оч, Игорь, а альфатон?, ТЫ ШТО В СУББОТУ ЦОМЭЭФ!11, Одним словом - Организатор!, id145608859Никита, для по ходу уже нет",https://vk.com/wall-130344439_230,комментарий
241,0,Post 241 (2016-11-25 16:53:58),Люди вдохновили написать книгу под названием Пустота - это печально.,https://vk.com/wall-130344439_241,комментарий
243,0,Post 243 (2016-11-25 21:33:32),"Гайз! Кто завтра идет на каток, встречаемся у входа в ПГ в 5 часов. Если что, мой телефон 89260357545",https://vk.com/wall-130344439_243,пост
243,0,Post 243 (2016-11-25 21:33:32),"89169493204, Карочи, Молдованин - Организатор с большой буквы Х, так что звоните Фильке или мне 89169261965",https://vk.com/wall-130344439_243,комментарий
246,0,Post 246 (2016-11-26 23:05:03),"Посвяты не бывают в декабре, id3577476Никита, посвят не терпит сослагательного наклонения?, id6045249Филипп, нет",https://vk.com/wall-130344439_246,комментарий
250,0,Post 250 (2016-11-28 20:37:20),"Сегодня День рождения у одного из самых преданных экономовцев! Этот человек закончил бакалавриат, магистратуру иканамчика и теперь продолжает обучение в аспирантуре. Один из рекордсменов по количеству посещенных посвятов 7!, прекрасный гитарюга и просто хороший парень. Хочется пожелать, чтобы в жизни было поменьше случайных блужданий, больше иканама и много много лонгов в папасе!",https://vk.com/wall-130344439_250,пост
250,0,Post 250 (2016-11-28 20:37:20),"ооо братка с днюхой., С днюшечкой!, С днем рождения!, Поздравляю!, О, спасибо, от души",https://vk.com/wall-130344439_250,комментарий
261,0,Post 261 (2016-11-30 15:19:17),16.40 около входа на каток в Парке Горького. Всех ждем! 8-916-949-32-04 - Ульянкин Филипп 8-916-554-42-16 - Осипов Семён,https://vk.com/wall-130344439_261,пост
262,0,Post 262 (2016-11-30 22:00:55),"Отделение Экономики предупреждает Капустники опасны для вашего здоровья! И рекомендует ботать, а не танцевать.",https://vk.com/wall-130344439_262,пост
266,0,Post 266 (2016-12-02 16:50:19),"Ну типа пора привыкнуть что если пишут шото про економику рашки, то це хлопцi iз вышки",https://vk.com/wall-130344439_266,комментарий
268,0,Post 268 (2016-12-03 15:11:59),"ДИНГ ДИНГ ДОН! ДИНГ ДИНГ ДОН! ЛЬЁЁЁТСЯ ЧУДНЫЙ ЗВООООН! КОКА КОЛА ВСЕ ДЕЛА ПРАЗДНИК К НАМ ПРИШЁЁЁЁЁЁЛ! Всем привет! И да, я намекаю на то, что к нам приближается долгожданный Новый гооооооод! В этот праздник все мы с вами ждем какого-то чуда и жаждем получить самый заветный подарок, о котором так мечтали всю неделю, или месяц, или год или вообще всю свою жизнь!!",https://vk.com/wall-130344439_268,пост
268,1,Post 268 (2016-12-03 15:11:59),"! Так вот поэтому мы предлагаем вам в этот Новый Год помочь друг другу исполнить эти мечты и ощутить себя хотя бы на несколько дней ТАЙНЫМ ДЕДОМ МОРОЗОМ! ИМЕННО СЕГОДНЯ, ИМЕННО СЕЙЧАС, МЫ ОБЪЯВЛЯЕМ РЕГИСТРАЦИЮ НА ТАЙНОГО ДЕДА МОРОЗА ОТКРЫТОЙ! ССЫЛКА НА РЕГИСТРАЦИЮ ПРИЛАГАЕТСЯ! На этот раз мы решили провести мероприятие не только на своем курсе, но и на всем отделении экономики",https://vk.com/wall-130344439_268,пост
268,2,Post 268 (2016-12-03 15:11:59),"! Любому из вас может попасться как однокурсник, так и совершенно незнакомый человек, но разве же так не интереснее?! БУДЕТ ОЧЕНЬ ЗДОРОВО! Ну и, собственно, о том, что же вообще такое Тайный Дед Мороз? Это тайный обмен подарками",https://vk.com/wall-130344439_268,пост
268,3,Post 268 (2016-12-03 15:11:59),"! Начинается все с того, что вы получаете конверт, в котором находится анкета другого студента с описанием его хобби, желаний и просто того, что он любит больше всего Вместе с этим вам, конечно, достается номер счастливчика, чью заветную мечту вы будете исполнять! На поиски лучшего подарка каждому будет отведено 2 недели, после чего, 28 декабря, в предверии Нового Года, ПРОИЗОЙДЕТ ВОЛШЕБСТВО",https://vk.com/wall-130344439_268,пост
268,4,Post 268 (2016-12-03 15:11:59),! Тогда и ты сам получишь свой подарок! Обо всех остальных правилах вы сможете узнать уже в день выдачи заветных конвертов РЕГИСТРАЦИЯ НА РОЛИ ТАЙНЫХ ДЕДОВ МОРОЗОВ БУДЕТ ЗАКРЫТА 15,https://vk.com/wall-130344439_268,пост
268,5,Post 268 (2016-12-03 15:11:59),".12 В 2359! После чего, увы, ваше участие в конкурсе, будет невозможным ТАК ЧТО РЕГИСТРИРУЙСЯ СЕЙЧАС, НЕ ОТКЛАДЫВАЙ ДЕЛО НА ПОТОМ! И будет тебе подарочек Если у тебя возникнут или уже возникли какие-то вопросы, можешь их смело задавать id321378609Оле Колесниковой или id10592581Саше Тишину",https://vk.com/wall-130344439_268,пост
268,0,Post 268 (2016-12-03 15:11:59),"Ну хоть не убьют., P.S. Преподаватели тоже участвуют, Блин, чего так сложно зарегаться!",https://vk.com/wall-130344439_268,комментарий
271,0,Post 271 (2016-12-04 11:15:18),"РЕБЯТА, СЕГОДНЯ У НАШЕГО ГЛЕБУШКА ДЕНЬ РОЖДЕНИЯ, ДАВАЙТЕ-КА ВСЕ ДРУЖНО ПОЗДРАВИМ ЭТОГО ПАРНЯ С ИКАНАМЧИКА! ГЛЕБ, МЫ ТЕБЯ ОЧЕНЬ-ОЧЕНЬ СИЛЬНО ЛЮБИМ",https://vk.com/wall-130344439_271,пост
274,0,Post 274 (2016-12-04 19:21:57),"Внимание! Игра в Киллера заканчивается 11 декабря в час ночи! В связи с тем, что игра в Киллера скоро заканчивается, было решено с понедельника открыть охоту на самых успешных игроков, оставшихся в живых",https://vk.com/wall-130344439_274,пост
274,1,Post 274 (2016-12-04 19:21:57),. 1 Даминова Рита 2 Коннова Настя 3 Кожевников Егор 4 Долбёжева Марина 5 Завизион Мария 6 Колесникова Оля 7 Щербаков Саша 8 Шебзухова Дарина 9 Радионова Лена 10 Вишневская Ксюша 11 Синельникова-Мурылёва Елена 12 Скроботов Антон 13 Изидорчик Ксения 14 Гвоздева Лиза 15 Шкредов Миша 16 Шакуров Тимур Абсолютно любой живой участник игры может убить любого из вышеприведённого списка,https://vk.com/wall-130344439_274,пост
274,2,Post 274 (2016-12-04 19:21:57),". Для этого достаточно застрелить его из пальца и просто предоставить ему доказательсвто своего участия в игре в виде конверта. Конфликтные ситуации жертва случайно решила убить своего охотника, один из людей из списка выше решил убить другого человека из списка выше разрешаются с помощью игры камень ножницы бумага при участии третьей незаинтересованной стороны.",https://vk.com/wall-130344439_274,пост
274,0,Post 274 (2016-12-04 19:21:57),"это все оставшиеся? хаха, я в среду улетаю, id1598589Антон, нет, это самые успешные, Что за подстава, Deathmode какой-то Получается эти участники теперь никого не могут убить, не выиграв у него в камень ножницы, id18805608Egor, режим хардкор00, id6045249Филипп, ну много уже кого из этого списка убили?, Да, Филипп?",https://vk.com/wall-130344439_274,комментарий
284,0,Post 284 (2016-12-10 21:19:28),"Хей-хей-хей! Осталось меньше недели, чтобы зарегистрироваться на тайного Деда Мороза! Хочешь подарить подарок и получить от неизвестно тебе человека? Скорее заполняй форму!",https://vk.com/wall-130344439_284,пост
293,0,Post 293 (2016-12-13 21:35:23),Игра в киллера кончилась. Вчера. Результаты будут подведены немного позже!,https://vk.com/wall-130344439_293,пост
295,0,Post 295 (2016-12-17 16:24:42),"То самое чувство, когда в тайного санту играет как минимум 12 прогрессивных ребят D",https://vk.com/wall-130344439_295,пост
295,0,Post 295 (2016-12-17 16:24:42),"12 человек на линуксе? Откуда столько, Тут отправили фото, 12 бруталов",https://vk.com/wall-130344439_295,комментарий
301,0,Post 301 (2016-12-20 23:44:14),"Рубрика Советы от подписчика Недавно в Apple music появилась льготная подписка для студентов. Чтобы подтвердить свой статус студента, нужно через айфон пройти по инструкции, ввести название вуза, затем логин с доменом ранхигс это тот логин, который был прислан для доступа к вай-фай в академии с добавлением домена edu.ranepa.ru",https://vk.com/wall-130344439_301,пост
301,1,Post 301 (2016-12-20 23:44:14),".ranepa.ru . После этого на вашу личную почту придет сообщение о том, что письмо выслано на указанный адрес с доменом академии. Чтобы войти в почту от академии, через MS Outlook нужно добавить учетную запись с тем же логином с добавлением edu.ranepa.ru и паролем, который шел вместе с ним. Потом, вероятнее всего, надо перезапустить outlook, а письмо вы наверняка найдете в папке нежелательная почта",https://vk.com/wall-130344439_301,пост
301,2,Post 301 (2016-12-20 23:44:14),". пройти по ссылке, подтвердить статус, что делать дальше я пока не поняла. Затем нужно снова зайти в приложении с музыкой для айфона, опять нажать на подписки, снова для студентов, снова подтвердить статус, вас автоматически перенаправит на страницу почти готово, где всякая информация про длительность студенческой подписки и условия.",https://vk.com/wall-130344439_301,пост
302,0,Post 302 (2016-12-21 21:20:43),"это не наш Санта, У нас наш, отечественный, Дед мороз, Импортозамещение",https://vk.com/wall-130344439_302,комментарий
308,0,Post 308 (2016-12-22 13:23:50),"Ребята! Завтра я буду проводить эксперимент по поведенческой экономике и мне нужны вы все для участия там От вас потребуется не более 15-20 минут, проводиться это будет в две сессии в 1400 и в 1540",https://vk.com/wall-130344439_308,пост
308,1,Post 308 (2016-12-22 13:23:50),". Особо отличившиеся участники эксперимента получат денежное вознаграждение Сбор в 1355 и в 1535 в 5 корпусе рядом в 512 аудитории, буду всех ждать! Те, кто готов потратить немного времени ради классного исследования, ставьте в комментариях 1, если придете в первой сессии и 2, если, соответственно, во второй. В приложении инструкция для игроков",https://vk.com/wall-130344439_308,пост
321,0,Post 321 (2016-12-23 17:54:46),"Ребята, мы тут подумали публиковать всякие интересные вакансии и стажировки, которые могут быть нам интересны. Если Вам эта идея нравится, ставьте лайки На первый раз тут стажировка в Credit Suisse, которая длится 6 недель и начинается в июле. Есть трейдинг, айби, рисеч - в общем, по нашей теме все. Одно ограничение - выпускной год думаю, имеется в виду бакалавриата, но могут попробовать все",https://vk.com/wall-130344439_321,пост
321,1,Post 321 (2016-12-23 17:54:46),". Требований вроде сильно жестких нет, по-крайней мере сейчас. По опыту подачи могу сказать, что чем раньше заэплаитесь, тем выше шанс пройти дальше.",https://vk.com/wall-130344439_321,пост
321,0,Post 321 (2016-12-23 17:54:46),"охуенная вакансия, как раз для выпускников бакалавриата с отсутствием нормальных курсов по финансам",https://vk.com/wall-130344439_321,комментарий
322,0,Post 322 (2016-12-24 18:02:05),Проза на иканаме. Летняя сессия оказалась такой же простой и понятной как и сама учеба на нашем простом и понятном факультете. В связи с этим 33 человека получили уникальную возможность пересдать эконометрику осенью,https://vk.com/wall-130344439_322,пост
322,1,Post 322 (2016-12-24 18:02:05),". А теперь немного о том, как это было На этот раз процедура получения оценки по метрике была такая же длинная, как и розыгрыш Лиги Чемпионов на первом квалификационном раунде необходимо было решить энннное количестве домашних заданий, затем студенты выходили в группой этап, в рамках которого нужно было досдавать 2 контрольные работы разумеется сейчас речь не идет о тех несчастных",https://vk.com/wall-130344439_322,пост
322,2,Post 322 (2016-12-24 18:02:05),", кто сдал обе контрольные на положительную оценку и таким образом получил автомат, ну и затем, преодолевшие предыдущие этапы выходили в плей-офф тянули билеты, отвечали по билету, не отвечали на 4-ый дополнительный вопрос и шли на пересдачу",https://vk.com/wall-130344439_322,пост
322,4,Post 322 (2016-12-24 18:02:05),"! - скажите вы и будете не правы, ибо по настоящему понять и прочувствовать эконометрику смогут лишь те, кто будет в третий раз готовиться сдавать билеты именно в их мозгу появятся те тончайшие нити связи практики с теорией, именно они смогут потом пользоваться знаниями, полученными в рамках курса, именно они смогут гордиться тем, что благодаря своей спортивной злости смогли сдать этот предмет",https://vk.com/wall-130344439_322,пост
322,5,Post 322 (2016-12-24 18:02:05),", именно они смогут рассказать своим внукам о том, как было непросто",https://vk.com/wall-130344439_322,пост
322,6,Post 322 (2016-12-24 18:02:05),". И это наша эконометрика, иностранцы завистливо говорят эконометрикс, но все-таки он наш, НАШ эконометрикс.",https://vk.com/wall-130344439_322,пост
322,0,Post 322 (2016-12-24 18:02:05),"и кто это писал?, мы не знаем, мы случайно нашли, Это из знаменитой данной мне старшими курсами папки От Викторовича, Кто такой Викторович?, id6045249Филипп, понятия не имею, А мб объявим его непостижимой великой сущностью и начнём ему поклоняться",https://vk.com/wall-130344439_322,комментарий
322,1,Post 322 (2016-12-24 18:02:05),"?, Викторовичу и Аркхарченко, id6045249Филипп, хорошая идея, Тут отправили фото, id3438784О великая, расскажи о Викторыче D, Пусть останется тайной, Аааа, это Витя писал?",https://vk.com/wall-130344439_322,комментарий
332,0,Post 332 (2016-12-25 12:46:02),"Всем привет! Вы устали от сессии? Хочется спокойствия, умиротворения и немного алкоголя? В таком случае самое время сдать свои последние зачёты, а потом затусить! Зовём всех в среду вечером в Duckstars! Вроде бы предусмотрена акция два по цене одного.",https://vk.com/wall-130344439_332,пост
332,0,Post 332 (2016-12-25 12:46:02),"Среда, Duckstars станция метро Маяковская 1800. Ждём всех!, id150423338Руслан, в пятницу уже многие уедут",https://vk.com/wall-130344439_332,комментарий
336,0,Post 336 (2016-12-28 16:43:55),"Туса будет СЕГОДНЯ в Duckstars, станция метро Маяковская 1800. Ждём всех! Не забываем паспорт.",https://vk.com/wall-130344439_336,пост
342,0,Post 342 (2017-01-11 18:41:09),"Привет, иканам. Как сессия? Присылайте нам ботающие и не очень фотки себя и своих друзей в комменты Автор лучшей фотки получит в награду рэдбул! Лучшая фотка - фотка, которая набрала наибольшее число лайков.",https://vk.com/wall-130344439_342,пост
342,0,Post 342 (2017-01-11 18:41:09),"сплю до обеда и смотрю мемасы, еее, мой вариант добавили, Почему нельзя проголосовать за несколько., Пью вино добавь тоже вариант, id18236049Igor, уже максимум, больше нельзя, id32346529Agafya, он самый ходовой, Открываю конкурс фото, фу, постановочное D, То чувство, когда Эконометрика пригодилась в жизни, Похоже, что ты победил за счёт отсутствия конкуренции..",https://vk.com/wall-130344439_342,комментарий
342,1,Post 342 (2017-01-11 18:41:09),"., club130344439Иканам Стьюдентс Коммьюнити, где мой рэдбулл и два лонга?, id7560796Семён, соберёшь тусу в папасе в 30 человек, получишь свои богатства!",https://vk.com/wall-130344439_342,комментарий
358,0,Post 358 (2017-01-16 10:24:27),", id145608859Nikita, что такое?, id49853608Alexander, да классная вакансия просто, id145608859Nikita, для 3 курса эконома классическая, вообще-то",https://vk.com/wall-130344439_358,комментарий
360,0,Post 360 (2017-01-18 13:50:52),"Друзья Экономисты! Вот и подходит к концу, важный жизненный этап каждого студента - сессия! Когда каждый первокурсник может с гордостью назвать себя СТУДЕНТОМ а вместе с тем получает право кричать ЭКОНОМ! вместе с самым илитным сообществом икономистов! А потому каждый из вас приглашается отметить успешное закрытие сессии со своим любимым Отделением",https://vk.com/wall-130344439_360,пост
360,1,Post 360 (2017-01-18 13:50:52),"! У кого-то естественным образом может возникнуть вопрос А что если я еще не закрыл сессию? Приходи мы ждем и тебя, на празднике ты сможешь загадать желание о ее скором закрытии и спросить совета старшего товарища Туса намечается на 21",https://vk.com/wall-130344439_360,пост
360,2,Post 360 (2017-01-18 13:50:52),.01.17 в 1900 по адресу ул. Маросейка 42 Килфиш бар метро Китай-Город! Будет весело!,https://vk.com/wall-130344439_360,пост
360,0,Post 360 (2017-01-18 13:50:52),"А что так поздно то, еще до вечера ждать после экзамена, id8780561Ann, и тут на помощь приходит id386799133Dr Beerman, id8780561Ann, Аня, как верно заметил Кирилл, доктор Бирман для разогрева - идеальное место, id18236049Игорь, щас бы начинать пить в 10 утра, Ебать, он жив?!",https://vk.com/wall-130344439_360,комментарий
369,0,Post 369 (2017-01-31 10:02:52),"Кто хочет на каток? Ждём всех желающих в среду 1 февраля в 1700 и позже на ВДНХ! Кто пойдёт, лайкните чтоль запись.",https://vk.com/wall-130344439_369,пост
369,0,Post 369 (2017-01-31 10:02:52),"А кто орг?, id49853608Александр, спонтанность Можешь мне звонить 8 916 949 32 04 D, Сань, погнали, а, id33447090Luiza, посмотрим, я только прилетаю сегодня, мб спать буду, id49853608Александр, блин, я на самом деле, вышла на работу уже, и не взяла ничего из тёплых вещей",https://vk.com/wall-130344439_369,комментарий
376,0,Post 376 (2017-02-08 21:03:00),"Ты же понимаешь, что мы тебя там посвещать будем? D Ты готовься морально, 233, 232, 231, 227.",https://vk.com/wall-130344439_376,комментарий
382,0,Post 382 (2017-02-10 00:19:40),"Вечерняя рубрика дайте Крыловой почитать! Если у кого-нибудь есть Джанки, Голый завтрак, И бегемоты сварились в своих бассейнах Ульяма Берроуза, дайте пожалуйста почитать! В залог дам любые свои и пивасик в благодарность",https://vk.com/wall-130344439_382,пост
382,0,Post 382 (2017-02-10 00:19:40),"Ты свои книги Видимо, очень интересные книги, раз ты на такое пошла",https://vk.com/wall-130344439_382,комментарий
385,0,Post 385 (2017-02-13 13:39:06),Есть возможность показать свои супермега исследования другим людям,https://vk.com/wall-130344439_385,пост
389,0,Post 389 (2017-02-20 17:31:27),"Господа, есть замечательная идея провести один из 4 дней отдыха в компании иканамчика, отметить начало нового семестра, поговорить по душам и просто расслабиться, пока на то есть времяЗовём всех без исключения 23 февраля! Подробности о месте проведения тусы и времени будут известны позже",https://vk.com/wall-130344439_389,пост
390,0,Post 390 (2017-02-21 15:51:15),"Друзья, 23 февраля в 1800 ждём всех в Duckstars на Маяковской",https://vk.com/wall-130344439_390,пост
390,0,Post 390 (2017-02-21 15:51:15),"Дизлайк, id3577476Никита, понижаю ставку, Бля то чувство, когда не понял свой же прикол, написанный по пьяне",https://vk.com/wall-130344439_390,комментарий
398,0,Post 398 (2017-03-05 23:46:54),"Это очень классная штука, в которой стоит поучаствовать 3 и 4 курсам Там вкусная еда и куча красивых девушек - эконометристов D",https://vk.com/wall-130344439_398,пост
398,0,Post 398 (2017-03-05 23:46:54),Можете дать ссылку на Портал универсиады для регистрации,https://vk.com/wall-130344439_398,комментарий
398,1,Post 398 (2017-03-05 23:46:54),"?, id125147726Иван, зайди сам в группу, там в информации ссылка, Если кому нужно, наши материалы прошлого года Есть решение куска универсиады 2016, куча красивых девушек - эконометристов хорошая попытка, id3739940Kirill, я в прошлом году только красивые задачи видел, id145608859Никита Фокин скажи им, что там норм девушки были, id3739940Kirill, там была леди Мелиссандра",https://vk.com/wall-130344439_398,комментарий
406,0,Post 406 (2017-03-12 16:50:32),"Не знаем насколько это легально, но можно кое-что смотреть перед сном.",https://vk.com/wall-130344439_406,пост
418,0,Post 418 (2017-03-14 16:38:10),"В этом году не только лектор, но и семинарист с большой литеры из правого глаза. Да, да, да - баян",https://vk.com/wall-130344439_418,пост
419,0,Post 419 (2017-03-16 10:14:36),вакансия Internship Data analyst in VC fund Description of responsibilities -dealsourcing of investment opportunities in AI and machine learning -preparing analytics and due diligence reports on projects in AI and machine learning -analysing AI market and trends globally -parsing of various data for the fund,https://vk.com/wall-130344439_419,пост
419,1,Post 419 (2017-03-16 10:14:36),", automation of specific ad hoc fund processes where possible Skills -Parsing -Data analytics -Machine learning knowledge -Python, JavaScript is a plus -Interest in technology, AI and machine learning industry trends -Business education or understanding of financial modelling",https://vk.com/wall-130344439_419,пост
419,2,Post 419 (2017-03-16 10:14:36),", statistics and economics is highly recommended -Creativity and desire to improve processes and automate them is a plus Principal contact for applicants Alexandra azruvento",https://vk.com/wall-130344439_419,пост
420,0,Post 420 (2017-03-21 22:28:07),"Возможно, скоро в этой группе появится полезный пост. Интрига.",https://vk.com/wall-130344439_420,пост
420,0,Post 420 (2017-03-21 22:28:07),"Но это не точно, club130344439Иканам Стьюдентс Коммьюнити, устал ждать, id49853608Александр, решил отписаться?, club130344439Иканам Стьюдентс Коммьюнити, да, нафиг вы нужны, id49853608Александр, так ты админ, мб ты сам с собой и общаешься",https://vk.com/wall-130344439_420,комментарий
427,0,Post 427 (2017-03-25 08:57:46),"Классная возможность для 3 и 4 курса попробовать себя в консалтинге Обратите внимание, что работа начнется в сентябре 2017 минимум 20 часов в неделю.",https://vk.com/wall-130344439_427,пост
429,0,Post 429 (2017-03-30 18:49:54),"Прикольная штука. Московская Биржа даёт вам 90 000 виртуальных рублей и возможность поторговать ценными бумагами на реальном рынке. Если вам удаётся заработать более 3000 рублей, то . вы их получаете на свою карточку. Размер максимального выигрыша 45 000 рублей. Участие бесплатное. Рекомендуем попробовать прочувствовать рынок",https://vk.com/wall-130344439_429,пост
429,1,Post 429 (2017-03-30 18:49:54),. Рекомендуем попробовать прочувствовать рынок. Не забудьте поделиться своим опытом торговли в комментах или при одном из походов в бар!,https://vk.com/wall-130344439_429,пост
430,0,Post 430 (2017-03-31 00:26:07),"Вакансия Внимние! Вакансии в ЦБ. Задачи основные Моделирование и прогнозирование различных показателей российского денежного и валютного рынка овернайт-ставки, временная структура ставок, валютные курсы, волатильность, CDS-спреды и т.д. Построение макромоделей для зарубежных экономик США, ЕС, Китай и т.д",https://vk.com/wall-130344439_430,пост
430,1,Post 430 (2017-03-31 00:26:07),".д. Анализ трансфертной кривой по банкам, прогнозирование показателей кредитногодепозитного рынка Прогнозирование и nowcasting платежного баланса РФ на основе данных ФТС и форм отчетности банков Data analysis MOEX order flow, данные по межбанковским операциям и др",https://vk.com/wall-130344439_430,пост
430,2,Post 430 (2017-03-31 00:26:07),". Обязательные требования Высшее образование ВШЭРЭШМГУМФТИ и тд, без него формально нельзя но это решаемо, если кандидат хороший Понимание теории вероятностей, матстатистики. Знание базовых эконометрических моделей и методов их оценки Понимание основ макроэкономики и механизмов функционирования финрынков ИИЛИ живой интерес к данной теме Знание хотя бы одного языка программирования MatlabRPythonCC.",https://vk.com/wall-130344439_430,пост
430,3,Post 430 (2017-03-31 00:26:07),". на уровне upper intermediate Английский на уровне свободного чтения статей Способность быстро впитывать новые знания и понятно излагать свои мысли critical Будет плюсом Опыт работы аналитиком или модельером по FIFXIR или смежным областях Хороший бэкграунд в математических финансах риск-нейтральная мера, стохастические дифуры, прайсинг деривативов и т.д",https://vk.com/wall-130344439_430,пост
430,4,Post 430 (2017-03-31 00:26:07),". Понимание принципов трансфертного ценообразования в банке Знание моделей DSGE, large BVAR, GVAR Опыт пользования SQLSAS Знание методов машинного обучения Что получите Внушительный соцпакет Регулярные зарубежные командировки Доступ к огромной базе знаний и разных данных Хорошие перспективы роста внутри банка и exit opportunities Коллектив отдела - ребята по 25-28 лет",https://vk.com/wall-130344439_430,пост
430,5,Post 430 (2017-03-31 00:26:07),", крутые профи и весёлые Более подробная информация о вакансии от id14200099Екатерины Пыльцыной",https://vk.com/wall-130344439_430,пост
430,6,Post 430 (2017-03-31 00:26:07),". Наш директор департамента денежно-кредитной политики решил устроить реинжениринг уволить возрастных дорогих и малопродуктивных сотрудников и нанять молодых горячих дорогие они потому что со стажем в цб у тебя растет надбавка к зп за стаж. В связи с этим куча вакансий. Обе вакансии в управлении финансовых рынков это мое управление, поэтому я много про него знаю",https://vk.com/wall-130344439_430,пост
430,7,Post 430 (2017-03-31 00:26:07),". Задачи полный анализ финансовых рынков за сегментом overnight и внешнего сектора внешние фин рынки, торговые балансы, потоки капиталов. Для этого нужно писать много кода по выгрузке данных тиковых и из отчетностей и применять метрику или машинку если вы спец только в одном, то не переживайте, значит другое реализуют ваши коллеги. Начальник мехматянин",https://vk.com/wall-130344439_430,пост
430,8,Post 430 (2017-03-31 00:26:07),". Начальник мехматянин. Вторая вакансия анализирует сегмент overnight. Требования по моделированию меньше, но зато требуется понимание экономических взаимосвязей. Задачи анализ и прогнозирование ликвидности, обеспечения, проведение операций в части установки параметров согласно анализу и прогнозу в смысле это установление объемов репо, интервенций, депозитов, а не трейдинг денежного рынка овернайт",https://vk.com/wall-130344439_430,пост
430,9,Post 430 (2017-03-31 00:26:07),". Требования по моделированию ниже поскольку требуется экономическое понимание, что нужно рынку и в каком он состоянии, но многие вещи все же моделируются, так что модельеры тоже нужны. Кто заинтересовался и при этом ничего не понял из того, что сказано выше может задать вопросы по почте Pyltsynaeocbr.ru. Свои CV слать туда же.",https://vk.com/wall-130344439_430,пост
431,0,Post 431 (2017-04-02 15:22:14),"Мы тут решаем кейс, нужны данные Пройдите опрос, пожалуйста Бесконечный плюс к карме",https://vk.com/wall-130344439_431,пост
437,0,Post 437 (2017-04-12 17:47:31),"Всем привет! 22 апреля суббота мы организуем Работающие для безработных - 2017! Мы подумали, что было бы круто позвать людей, которые выпустились с эконома и сейчас работают в разных интересных местах, чтобы они рассказали о том, как трудоустроились, что делают и какие эмоции получают. Ну и, собственно, позвали",https://vk.com/wall-130344439_437,пост
437,1,Post 437 (2017-04-12 17:47:31),". Мероприятие будет полезно как тем, кто не знает, чем хочет заниматься в жизни, так и тем, кто хочет работать в одной из указанных ниже компаний и хочет получить ценную информацию из первых уст",https://vk.com/wall-130344439_437,пост
437,2,Post 437 (2017-04-12 17:47:31),"! Приблизительный список спикеров 1 Чухров Никита - ЦБ 2 Горшкова Таисия - Аэрофлот 3 Неверов Саша - АТОН 4 Прибыльский Денис - PwC 5 Беленко Вера - Maxus 6 Пыльцына Катя - ЦБ 7 Другие спикеры обсуждаются Приходите, будет интересно",https://vk.com/wall-130344439_437,пост
437,3,Post 437 (2017-04-12 17:47:31),". А ещё там будут раздаваться классные стикеры от Иканам Стьюдентс Комьюнити, которые мало кого оставят раавнодушными В голосовании просьба отвечать честно, тк мы заказываем аудиторию на то количество человек, которое получится в итоге. Мероприятие начнется в 1400 и ориентировочно закончится в 1700. По возникающим вопросам можете писать мне, либо id6045249Philip Ulyankin.",https://vk.com/wall-130344439_437,пост
439,0,Post 439 (2017-04-13 18:28:07),"Update2 ваши страные комментарии о том, что вы готовы мне отдаться за наклейки, видят все! Update голосование закроется в пн вечером. После 22 распечатаные наклейки будут храниться в блумберге. Всем снова привет! Какие же всё-таки приветливые у нас посты! Что не пост, то фраза Всем привет! У нас тут подъехала демократия и общеэкономовский референдум",https://vk.com/wall-130344439_439,пост
439,1,Post 439 (2017-04-13 18:28:07),". Многие из вас знают, что раз в полгода проходит масштабное сборище датамайнеров - датафест. Гвоздём этого сборища являются наклейки, которые хотят все! Мы давно одержимы идеей распечатать свою партию наклеек по аналогии с датафестовскими. И наконец то в предверии 22 апреля время пришло..",https://vk.com/wall-130344439_439,пост
439,2,Post 439 (2017-04-13 18:28:07),". Итак, вашему вниманию представляется голосование за то какие из наклеек надо распечатать и потом везде поклеить P.S. Две я украл у датафеста.",https://vk.com/wall-130344439_439,пост
442,0,Post 442 (2017-04-14 19:31:38),"Спустя неопределенное время снова статья по карьерным перспективам. Тут хорошо описана последовательность действий по тому, как попасть на стажировкуработу и в целом информация. Про консалтинг в конце статьи, если не интересно, можно не читать Если полезно было, поставьте лайк, чтобы больше таких постов делали. И да, всем классной пятницы!",https://vk.com/wall-130344439_442,пост
442,0,Post 442 (2017-04-14 19:31:38),"куда дислайк поставить? 0, id6045249Philip, себе на посты пиши, Есть ещё 20 админов",https://vk.com/wall-130344439_442,комментарий
446,0,Post 446 (2017-04-20 19:49:08),"Дорогие участники сообщества! Напоминаю, что многие из вас собираются посетить мероприятие Работающие для безработных, которое будет проходить 22 апреля с 14 до 17 часов в аудитории 6-3112. Ждём всех желающих и просим приходить заранее, чтобы всех посадить Опять же, если есть вопросы, можете писать либо мне, либо id6045249Philip Ulyankin. P.S. Будет интересно!",https://vk.com/wall-130344439_446,пост
448,0,Post 448 (2017-04-21 19:30:44),Всем привет. 1 Завтра Работающие для безработных-2017. 2 После всех ждём в баре Duckstars на менделеевской. Устроим after party и кулуарное общение! Столик на много людей забронирован на 1900. 3 только что забрал из типографии наклейки. Печатали их в АРМА. Даже не спрашивайте какого порядка,https://vk.com/wall-130344439_448,пост
450,0,Post 450 (2017-04-22 13:41:40),Кирилл Юрьевич награждён почётными орденами своих профессиональных знаний и навыков на дне открытых дверей РАНХиГС,https://vk.com/wall-130344439_450,пост
451,0,Post 451 (2017-04-22 18:12:47),"Огромное спасибо всем, кто посетил Работающих для безработных 2017. Мы надеемся, что это было полезно для вас. Для нас было очень. Отдельное спасибо спикерам, которые с энтузиазмом откликнулись на наше приглашение выступить. Спасибо вам, что на время отложили свою неотложную работу и пришли. Прикладываем к посту презенташки, которые были показаны. Также прикладываем ссылки на странички спикеров",https://vk.com/wall-130344439_451,пост
451,1,Post 451 (2017-04-22 18:12:47),". Также прикладываем ссылки на странички спикеров. Надеюсь, что они с радостью или нет ответят на ваши вопросы и помогут, если вам нужна будет помощь. id21329738Denis Pribylskiy PWC. Лучше писать ему в facebook id112561839Вера Беленко PWC, Maxus. id14200099Катя Пыльцына ЦБ id3577476Никита Чухров ЦБ id1193986Мария Попова Accenture id20920616Sasha Neverov Атон id4434770Таисия Горшкова Аэрофлот P.S",https://vk.com/wall-130344439_451,пост
451,2,Post 451 (2017-04-22 18:12:47),".S. Вроде как среди людей на каждом курсе есть свой наклеечный диллер. Ищите таких диллеров и отжимайте у них наклейки. Более того, много наклеек лежит в блумберге. Можно зайти туда во вторник или четверг или пятницу и взять себе наклеек. P.P.S. Оставшиеся две презы прикреплю, когда найду их.",https://vk.com/wall-130344439_451,пост
451,0,Post 451 (2017-04-22 18:12:47),"Спасибо тебе за организацию этой встречи!, Спасибо",https://vk.com/wall-130344439_451,комментарий
454,0,Post 454 (2017-04-23 18:46:41),"Презы от ЦБ. Ну что, куда хоть стикеры налепили? D",https://vk.com/wall-130344439_454,пост
454,0,Post 454 (2017-04-23 18:46:41),"Тут отправили фото, id3577476Никита, спс подрочил, Тут отправили фото, id6045249Филипп, на работе первые подъехали",https://vk.com/wall-130344439_454,комментарий
462,0,Post 462 (2017-04-29 20:38:24),"Видела такую ссылку, id28317794Мариана, спасибо большое, Лучше вступи в Вышкинский или РЭШ, , , Аааа крейсеры на иканаме множатся, Тут отправили фото, Прочитал как есть ли гей-клуб Потом понял что написано тоже самое",https://vk.com/wall-130344439_462,комментарий
470,0,Post 470 (2017-05-02 03:51:30),"Тут есть такая тема, что у одного из небезызвестных преподов есть ачивка 2015 Почетное звание и знак Рыцарь науки и искусств Некоторых это не оставило равнодушными, отсюда и родилась Баллада о Кафиде - легенда о Великом. P.S. Надпись на гербе в переводе с латинского означает Безопасность - это отсутствие опасности. Баллада о Кафиде Проносится рыцарь средь РАНХиГСа полей",https://vk.com/wall-130344439_470,пост
470,1,Post 470 (2017-05-02 03:51:30),". О нет! Академики! Вам он не снится! Для него не бывает закрытых дверей, Он науки и искусств славный рыцарь",https://vk.com/wall-130344439_470,пост
470,2,Post 470 (2017-05-02 03:51:30),". Но вот приключилась такая беда Галина прекрасная в заточении! Она дамой сердца для Кафида была, Теперь же у злого дракона в имении! И как же хитер этот Фокин дракон! Он мысль доносит в сообщениях ста! И в молчании тоже опасен он, Ведь пламя идет у него не из рта! И с легкой ноги входит в корпус Кафид, И устремляется в логово зверя. С ним флешка с регалиями на 800 мегабит И книжка его просвещенья",https://vk.com/wall-130344439_470,пост
470,3,Post 470 (2017-05-02 03:51:30),". То логово блумом все чего-то зовут, - Мурашки от одного лишь названья. Но как бы ни был рыцарь наш крут, Не избежать огня наказанья",https://vk.com/wall-130344439_470,пост
470,4,Post 470 (2017-05-02 03:51:30),". Залетает Кафид, обводит взглядом компы И кличет злого дракона Галину пусти! Иначе на смех толпы Тебя книга ждет в конце года",https://vk.com/wall-130344439_470,пост
470,5,Post 470 (2017-05-02 03:51:30),"! Иначе на смех толпы Тебя книга ждет в конце года! Дракоша встает и в сердцах вопрошает Блть Ты чо Охел Ска Несешь менеджмента ученья? Но Кафид тут же сходу ему отвечает Как Ты Ска Назвал Концепции Современного Управленья? И слились они в битве, как Голиаф и Давид Вертухи, огонь Исход рыцаря томный Но вдруг ему на ухо судьба говорит Соберись, ведь ты же Пожарный",https://vk.com/wall-130344439_470,пост
470,6,Post 470 (2017-05-02 03:51:30),"! И тут появились на нем галифе И шлем на подвязочке златый, И походкой пожарного под шофе Задал урок он не слабый!",https://vk.com/wall-130344439_470,пост
470,7,Post 470 (2017-05-02 03:51:30),". Лежит в пене дракон. С Галиной боец, И схемка над ним, как ореол. Наш рыцарь теперь - повелитель сердец, Дракон же отправлен на кол",https://vk.com/wall-130344439_470,пост
471,0,Post 471 (2017-05-02 10:07:45),"Пока мы все спали один из наших студентов стал призёром Универсиады по эконометрике! Приятно видеть, когда надпись РАНХиГС Экономический разряжает собой стройные ряды из надписей МГУ. Мы поздравляем id32218565Алексея Царёва и ждём новых призёров и победителей от нашего отделения в следующем году!",https://vk.com/wall-130344439_471,пост
474,0,Post 474 (2017-05-06 02:45:52),Немного таинственного исследователя вам в выходные,https://vk.com/wall-130344439_474,пост
477,0,Post 477 (2017-05-15 06:53:59),"Кроч, выяснил тут, что 11-12 июля в Питере будет летняя школа ЦБ, она вроде только для магистроваспирантовмолодых ученых и сегодня вроде как последний день подачи. По описанию выглядит интересно, так что го. P.S. дедлайн 20 мая, я лалка, так что го. P.P.S дедлайн все еще 20 мая, но я не лалка, они его оказывается сдвинули на 5 дней, так что все еще го.",https://vk.com/wall-130344439_477,пост
477,0,Post 477 (2017-05-15 06:53:59),"кейсеры ебаные, Го, Го !, Какая потная заявка Скиньте пример",https://vk.com/wall-130344439_477,комментарий
482,0,Post 482 (2017-05-19 08:39:06),В жаркое время по поиску работыстажировок отличные советы от Ведомостей,https://vk.com/wall-130344439_482,пост
486,0,Post 486 (2017-05-24 17:18:00),Всем привет. Наследие случайно снесли. Вот новая ссылка.,https://vk.com/wall-130344439_486,пост
487,0,Post 487 (2017-05-24 23:09:29),"Приятный бонус, , Я не понимаю, как на это реагировать. ., аж антиплагиат сломался от такого, хардовенько",https://vk.com/wall-130344439_487,комментарий
493,0,Post 493 (2017-06-01 18:05:39),"Гайз, Может быть среди вас есть люди, желающие присоединиться к замечательной компании, в которой я имею счастье сейчас работать Позиция ассистента Занятость на полный рабочий день свободное владение английским маст позитивное отношение к работе с большим количеством данных позитивное это когда бесконечные таблицы, аналитика и срочные запросы, связанные с ними",https://vk.com/wall-130344439_493,пост
493,1,Post 493 (2017-06-01 18:05:39),", аналитика и срочные запросы, связанные с ними, не вызовут рвотных рефлексов на первой же неделе - на входе, думаю, это необходимо и достаточно Опыт работы будет большим преимуществом в глазах начальства, однако, если такового нет, но я готова за вас поручиться - все ок Ты будешь работать в отличном коллективе на самом деле в самом лучшем эвер",https://vk.com/wall-130344439_493,пост
493,2,Post 493 (2017-06-01 18:05:39),", часто взаимодействовать напрямую с управляющим милый экспат, выполнять интересные задачки много задачек, а ещё обедать за 50 рублей в день максимум",https://vk.com/wall-130344439_493,пост
500,0,Post 500 (2017-06-08 20:18:29),"Всем добрый вечер! Перед вами презентация, в которой очень понятно и красиво расписывается, что нужно делать, чтобы успешно проходить интервью куда угодно. Вряд ли есть кто-то в сообществе, кто все это выполняет! Рекомендую присмотреться P.S. Как всегда - если нашли что-то интересное, не поленитесь показать это лайком!",https://vk.com/wall-130344439_500,пост
502,0,Post 502 (2017-06-13 15:44:56),"Всем привет от Шиловой Н.В. Друзья, в Global Strategy Group KPMG сейчас открыто несколько позиций разного уровня. Не могу раскрывать детали, но мы проводим ряд изменений и укрепляем группы, фокусирующиеся на ряде отдельных отраслей. Если есть желание присоединиться к нашей практике стратегического консалтинга, буду рад лично обсудить. Please share if relevant for your network",https://vk.com/wall-130344439_502,пост
502,1,Post 502 (2017-06-13 15:44:56),. Please share if relevant for your network. Писать вот этому чуваку,https://vk.com/wall-130344439_502,пост
504,0,Post 504 (2017-06-15 18:53:40),"Всем привет! Если кто-то помнит, мы полгода назад играли в киллера. Ну и мы там призы обещали, когда только начинали игру. Ну а мы вроде экономисты, а не политики. Поэтому можно их разок и выполнить. В общем говоря, пришло время подвести итоги игры. Мы долго не подводили их, потому что хотели подарить победителю игру Прайм Однако её первый тираж до сих пор не напечатали",https://vk.com/wall-130344439_504,пост
504,1,Post 504 (2017-06-15 18:53:40),". В связи с этим пришлось найти субститут. И им стали взрывные котята - игра для любителей взрывов и котят. Мы хотим подарить эту игру шести самым классным игрокам, а именно id73614108Ахмеду, который убил шесть человек. id750115ЕВ, которая убила троих",https://vk.com/wall-130344439_504,пост
504,2,Post 504 (2017-06-15 18:53:40),". id750115ЕВ, которая убила троих. id87749968Саше, убившему двоих id13633686Наде, убившей двоих id1598589АА, убившему двоих id69561580Тимуру, убившему двоих Можно забрать котят завтра из блумберга до 7 часов, либо договориться со мной о их получении. Есть две версии игры для 7 и для 30 D Информацию о смертях можно найти тут",https://vk.com/wall-130344439_504,пост
504,0,Post 504 (2017-06-15 18:53:40),"Воу воу воу, счастье то какое!, а можно заказать доставку на газетный?, 30 это мне!",https://vk.com/wall-130344439_504,комментарий
509,0,Post 509 (2017-06-20 11:23:43),"Тут отправили фото, Ещё хочу, Анстапбл Ш-Т, Вот как-то так происходит каждые две недели на защите домашки в маге., id7560796Семён,",https://vk.com/wall-130344439_509,комментарий
516,0,Post 516 (2017-06-23 14:06:56),"Правда она там кончается по-разному Как минимум у 2 курса - 28 D Но я всегда готов, 30 июня 3 курс, А го ежедневно D, 28, id6045249Philip, меняй дату короче, Я не главный, я всего лишь посетитель, Тут отправили фото",https://vk.com/wall-130344439_516,комментарий
525,0,Post 525 (2017-06-26 15:38:33),"В связи с тем, что многие уезжают из города, первый курс будет отмечать конец сессии 27 июня, но мы будем рады всем-всем, кто хочет и сможет прийти. Туса состоится в 1930 в дакстарсе на Маяковской кстати, в это день там будут ништячковые акции, поэтому ждём",https://vk.com/wall-130344439_525,пост
529,1,Post 529 (2017-06-27 19:20:11),"! Есть возможность попасть сразу на интервью с руководителями департаментов в Сбербанк Факторинг на стажировку для выпускников и студентов нынешнего 34 курса в аналитический отдел, отдел анализа рисков, либо в отдел it на позицию, связанную с project management, у которого проекты в сфере блокчейн и не только",https://vk.com/wall-130344439_529,пост
529,2,Post 529 (2017-06-27 19:20:11),", у которого проекты в сфере блокчейн и не только , занятость 20 часов в неделю и к осени по результатам стажировки можно попасть в постоянный штат и совмещать с учебой, получить рекомендательное письмо, опыт и строчку в резюме",https://vk.com/wall-130344439_529,пост
529,3,Post 529 (2017-06-27 19:20:11),".Начало планируется в июле. По требованиям в зависимости от отдела базовые знания финансов, нормальное владение Excel , остальное покрывает наш экономовский бэкграунд. Кто заинтересовался, пишите в лс, отвечу на все вопросы .",https://vk.com/wall-130344439_529,пост
532,0,Post 532 (2017-07-12 14:03:33),вакансия Министерство финансов Российской Федерации Должность главный специалист эксперт Отдела макроэкономического прогнозирования Департамента бюджетной политики и стратегического планирования Основные обязанности мониторинг и анализ основных макроэкономических показателей российской экономики подготовка аналитических записок по экономической тематике Требования анализ временных рядов,https://vk.com/wall-130344439_532,пост
532,1,Post 532 (2017-07-12 14:03:33),", макроэкономическое моделирование и прогнозирование знание английского языка на уровне чтения профессиональной литературы опыт работы со специализированным ПО Eviews, Stata, R, MatLab и т",https://vk.com/wall-130344439_532,пост
532,2,Post 532 (2017-07-12 14:03:33),".п. умение работать с большими массивами статистической информации знание основных российских статистических источников Росстат, ЦБ РФ, ФТС и др. аналитические способности, способность работать в режиме многозадачности Условия Оформление по ТК РФ. Продолжительность испытательного срока 3 месяца Возможности для карьерного роста Профессиональное развитие обучение в JVI г. Вена, Австрия",https://vk.com/wall-130344439_532,пост
532,3,Post 532 (2017-07-12 14:03:33),". Вена, Австрия. Профессиональный и дружный коллектив, корпоративные мероприятия Офис м. Китай-город, Ильинка 9 Тип занятости полная занятость, полный день Контакты Irina.Goptaminfin.ru",https://vk.com/wall-130344439_532,пост
538,0,Post 538 (2017-08-19 20:37:48),"Осталось 12 дней до конца жаркого лета и начала нового учебного года! Мы искренне приветствуем поступивших на 1 курс эконома и тех, кто уже давно здесь учится",https://vk.com/wall-130344439_538,пост
538,1,Post 538 (2017-08-19 20:37:48),". Мы более чем уверены, что за это лето все успели соскучиться по своим коллегам - иканамистам и потому традиционно устраиваем ежегодную общую встречу в понедельник 28 августа в 1830 у метро Лубянка к улице никольская и дальше пойдем в бар - PapaS НИКОЛЬСКАЯ, 10, где первокурсники познакомятся со старшими курсами, магистрантами, аспирантами и тд",https://vk.com/wall-130344439_538,пост
538,2,Post 538 (2017-08-19 20:37:48),", магистрантами, аспирантами и тд, смогут задать все вопросы про жизнь на отделении и учебу, получат много полезных советов от тех кто уже пережил 1 курс Добро пожаловать",https://vk.com/wall-130344439_538,пост
538,3,Post 538 (2017-08-19 20:37:48),! Ждем встречи! По всем вопросам о встрече можете звонить-писать ему 8-916-075-71-33,https://vk.com/wall-130344439_538,пост
540,0,Post 540 (2017-08-29 12:27:46),"Резюме тоже в личку? И надо ли CL писать?, Лучшая вакансия !, id145608859Никита, мотивационное письмо не забудь и желательно все на немецком, id6045249Philip, блядь, ты че не читаешь членчлендж? CL и есть сопроводительное письмо, мда конечно ты очень слабый, id145608859Никита,",https://vk.com/wall-130344439_540,комментарий
543,0,Post 543 (2017-08-29 13:06:35),"Если кто-то будет готовиться мало ли, на курсьере есть курс по теории игр от Саватеева",https://vk.com/wall-130344439_543,комментарий
550,0,Post 550 (2017-09-02 12:13:09),"Позади первый день учебы! Кто то уже успел от нее устать, а кто-то только начинает входить во вкус",https://vk.com/wall-130344439_550,пост
550,1,Post 550 (2017-09-02 12:13:09),". Первокурсники уже пережили 1 день, а впереди ещё 4 года насыщенной жизни на экономе! На этой ноте мы НАКОНЕЦ-ТО делаем то, что все ждали уже очень давно - мы анонсируем ПОСВЯТ 2017 Мы готовим для вас нечто незабываемое, а потому просим отнестись со всей серьезностью к опросу ниже, что бы мы могли лучше спланировать и организовать ГЛАВНОЕ ПРИКЛЮЧЕНИЕ ГОДА!",https://vk.com/wall-130344439_550,пост
550,0,Post 550 (2017-09-02 12:13:09),"Что такое посвят?, id18236049Igor, подрастешь - узнаешь, Я бы с радостью, но слишком далеко, Договорись с id17296672Вовой, чтобы поближе 3",https://vk.com/wall-130344439_550,комментарий
558,0,Post 558 (2017-09-05 16:33:46),"Если кому-то интересно, есть возможность записаться на вышкинские факультативы. Они бывают разные 3",https://vk.com/wall-130344439_558,пост
558,0,Post 558 (2017-09-05 16:33:46),"Почему ранх это может сделать?, Это, конечно же, риторический вопрос. Но, тем не менее, на него можно ответить алегоричной ссылкой, Иканам, не премину восполнить полость недопонимания, мсье.",https://vk.com/wall-130344439_558,комментарий
564,0,Post 564 (2017-09-07 18:05:20),"Вчера Open Data Science сообщество перезапустило свой открытый курс по машинному обучению Если вас давно мучает вопрос А чё за деревья такие?, А почему лес случайный?, Главные компоненты? То есть существуют ещё и не очень главные?, то эта штука может помочь вам ответить на эти вопросы",https://vk.com/wall-130344439_564,пост
564,1,Post 564 (2017-09-07 18:05:20),". Хотя кого мы обманываем, полюбак у тех, кто его начнёт, не хватит силы воли, и они тупо забьют после первых двух недель. stati",https://vk.com/wall-130344439_564,пост
567,0,Post 567 (2017-09-15 20:11:59),"Свершилось, подготовка посвята движется по полной, а потому мы начинаем собирать деньги, что бы устроить ГЛАВНОЕ ПРИКЛЮЧЕНИЕ ОСЕНИ! Мы традиционно собираем по 3000р вместо 4000-5000р, как на многих других факультетах! Мы готовим нечто незабываемое и интересное! Сбор денег в этом году осуществляет Владимир телефон - 89160757133 и Ахмед телефон - 89611467023",https://vk.com/wall-130344439_567,пост
567,1,Post 567 (2017-09-15 20:11:59),". Можно сдать лично или переводом через сбербанк онлайн телефоны привязаны к картам, в сообщении к переводу напишите имя, фамилию и курс и продублируйте вк!. p.s. Скоро мы анонсируем еще несколько крутых фишек, ждите! p.p.s. выучите классическую песню",https://vk.com/wall-130344439_567,пост
567,0,Post 567 (2017-09-15 20:11:59),"А непьющим стоит ехать?, id72233213Михаил, стоит, id72233213Михаил, 2 или 3 раза из 6 ездил и не пил. Всегда было охеренно. С алкоголем, конечно, подвижовей, но и без него это событие, которое нельзя пропускать",https://vk.com/wall-130344439_567,комментарий
571,0,Post 571 (2017-09-18 19:58:32),"Всем привет. Пришло время конкурсов. Сразу к делу. Приз Поездка на посвят за мой счёт. Призов несколько. Первого призёра определяет организатор конкурса - парень по имени Филипп. Второй приз отдаётся исходя из зрительских симпатий. Если вы решили поучаствовать в конкурсе, выиграли приз, но на посвят ехать не собираетесь, вы можете подарить эту поездку своему ближнему",https://vk.com/wall-130344439_571,пост
571,1,Post 571 (2017-09-18 19:58:32),". Что надо сделать Этой весной на экономе появились наклейки. Ребята с эконома придумали их, напечатали и раздали всем желающим. Сейчас мы бы хотели напечатать новую партию. Правда есть одно но. Перед тем, как наклейки печатать, их нужно нарисовать. Именно это предлагается сделать конкурсантам",https://vk.com/wall-130344439_571,пост
571,2,Post 571 (2017-09-18 19:58:32),". Именно это предлагается сделать конкурсантам. Примеры наклеек, которые были созданы в прошлом году, а также критерии, которым они соответствуют, можно найти по ссылке наклейки лежат в папке order_1, критерии написаны сразу на страничке Правила конкурса Участвовать может любой человек, связанный с экономом",https://vk.com/wall-130344439_571,пост
571,3,Post 571 (2017-09-18 19:58:32),". Даже первокурсник? КОНЕЧНО ДА! Нужно создать свою уникальную наклейку, которую все хотят заполучить. Наклейка должна соответствовать идеологии, о которой речь пойдёт ниже. Рисовать наклейку можно в какой угдно программе. Даже в paint . Главное, чтобы она получилась качественной! Вместе с наклейкой нам нужно прислать все исходники, из которых вы её делали картинки, которые вырезали и т.п.",https://vk.com/wall-130344439_571,пост
571,4,Post 571 (2017-09-18 19:58:32),".п.. Лучше всего всё запаковать в архив. Посмотрите на наклейки! Они шестиугольные. Ваша наклейка тоже будет взята шестиугольную рамочку. Воровать шутки с пабликов типичный математик, физтех-радио, мемы про машинное обучение для взрослых мужиков и т.п. запрещается. Если вы расчитываете на приз, то вы должны создать уникальный контент",https://vk.com/wall-130344439_571,пост
571,5,Post 571 (2017-09-18 19:58:32),". Куда присылать наклейки В личные сообщения вк вот этому парню Зрительское голосование будет запущено в ближайшее воскресение веером. Итоги конкурса будут подведены в 2000 26 сентября. Что-то непонятно? Спроси! Идеология наклеек На наклейке изображён либо общеизвестный символ эмблема R, бэтка и т.п., либо тонкая профессиональная шутка. Если вы рисуете шутку, то она не должна быть локальной",https://vk.com/wall-130344439_571,пост
571,6,Post 571 (2017-09-18 19:58:32),". Например, если это макроэкономическая шутка, то другой, случайно увидивший её макроэкономист, например работающий в ЦБ, должен понять шутку и захотеть такую наклеечку себе. Мемы с Перевышином другие люди могут себе просто-напросто не захотеть! Вы сами должы хотеть прилепить свою наклеечку на какое-то видное место. Например, на крышку своего ноута или на тетрадку",https://vk.com/wall-130344439_571,пост
571,7,Post 571 (2017-09-18 19:58:32),". Например, на крышку своего ноута или на тетрадку. В конечном итоге, при печати, все стикеры будут приведены к одному размеру. Помните об этом при прорисовке. Мы сами сожмём ваши стикеры, эта информация здесь для того, чтобы вы не сделали элементы на них слишком маленькими. На размеры можно посмотреть в репозитории",https://vk.com/wall-130344439_571,пост
571,8,Post 571 (2017-09-18 19:58:32),". На размеры можно посмотреть в репозитории. Стикер может быть нарисован в какой угодно программе! Если вы решились рисовать его в TikZ пакет для графики в LaTeX, то среди файлов репозитория, вы найдёте много примеров. Не забывайте сохранять исходники для своего стикера и присылать их нам.",https://vk.com/wall-130344439_571,пост
576,0,Post 576 (2017-09-21 08:01:00),"Привет, подготовка к посвяту идет полным ходом, и мы хотели бы вам показать место, где в этом году мы будем проводить посвящение! Да-да, этот дворец будет в нашем распоряжении. а еще до него совсем недалеко",https://vk.com/wall-130344439_576,пост
576,0,Post 576 (2017-09-21 08:01:00),"Это в 8 утра кто-то сидит и пилит постики про коттедж? Вот это преданность делу, Забыл сфоткать самую главную комнату этого дворца, спальню. Полная дичь, Теперь пост полноценен, id14212636Ярослав, Ты там был? з, id6045249Филипп, нет, но фотки до боли знакомые. Недавно приятель занимался поиском дома для тусовки, был в т.ч",https://vk.com/wall-130344439_576,комментарий
576,1,Post 576 (2017-09-21 08:01:00),".ч. этот вариант с комнатой-траходромом, но в итоге едем в другой, id151243444Виктория, даа, вот она, красота, id14212636Ярослав, отправить туда спать 10 человек D, id14212636Ярослав, иди вообще нахуй, id18236049Игорь, ты чего такой грустный, Тут отправили фото",https://vk.com/wall-130344439_576,комментарий
585,0,Post 585 (2017-09-23 13:38:34),"Напоминаю, что у вас есть возможность поехать на посвят за мой счёт. Окно будет открыто ещё два дня! Смотри инфу про конкурс на стене ниже",https://vk.com/wall-130344439_585,пост
585,0,Post 585 (2017-09-23 13:38:34),"Никто не способен на такие подвиги, you know nothing, Dasha",https://vk.com/wall-130344439_585,комментарий
591,0,Post 591 (2017-09-25 22:55:02),"Традиции приходят и уходят, что то забывается а что то остаётся на века, и сегодня хотелось бы поделиться с вами традицией, зарождение которой не помнят самые древние Иканамовцы",https://vk.com/wall-130344439_591,пост
591,1,Post 591 (2017-09-25 22:55:02),. Традиционно принято после мероприятия носящие название капустник собраться экономом и пойти отметить первые трудовые недели учебного года,https://vk.com/wall-130344439_591,пост
591,2,Post 591 (2017-09-25 22:55:02),"! На сие мероприятии окрещенным Послекапустник собираются самые элитные и почетные студенты отделения экономики экономического факультета РАНХиГС, дабы поделиться своим опытом с вновь прибывшими, испить нектаров богов и спеть гимн эконома, несущий удачу всякому, кто подпоет хоть пару строк",https://vk.com/wall-130344439_591,пост
591,3,Post 591 (2017-09-25 22:55:02),"! А потому всяк читающий это письмо, готовься, в среду, сразу после капустника, мы всей дружиной собираемся у 5 корпуса и отправляемся праздновать!",https://vk.com/wall-130344439_591,пост
591,0,Post 591 (2017-09-25 22:55:02),"Откуда отправляетесь, понятно. А куда ?, В тоннель, там где пруды 3 Хочешь у метро встретимся?, id6045249Филипп, маргинальненько звучит. Не, раз на Южку, то я пас., id6045249Филипп, не грусти, ты тоже приглашён, id112561839Вера, то самое чувство, когда ты пасанула, но всёравно пришла з, id6045249Филипп, что-то я не то прочитала с первого раза. Да, было норм.",https://vk.com/wall-130344439_591,комментарий
597,0,Post 597 (2017-09-26 20:25:47),"Стикеры прислали три человека. Я рассчитывал на большее. Все трое едут на посвят за мой счёт Это id26306341Лиза , id166909712Настя и id37280099Илья. Настя, при этом, нарисовала кучу экстракрутых стикеров, часть из которых есть в новой обложке группы, которую тоже нарисовала она. Когда я соберу все архивы, я залью новые стикеры в репозиторий в папку Stick_v3. Пока что держите вот эти четырез P.S",https://vk.com/wall-130344439_597,пост
597,1,Post 597 (2017-09-26 20:25:47),". Пока что держите вот эти четырез P.S. Не забывайте посетить посткапустник в среду, а также поехать на посвят P.P.S. Да-да-да. Мы выгнали кафидыча с обложки группы. Наканецта.",https://vk.com/wall-130344439_597,пост
597,0,Post 597 (2017-09-26 20:25:47),"Тут отправили фото, Ого Настя скрывала свой талантище, За Валерия Викторовича не простим!, Тут отправили фото, Мб Валерия Викторовича тоже впихнуть как-нибудь в обложку?, id49853608Александр, я тогда покину сообщество, id6045249Philip, чего это, id6045249Philip, т.е. когда стояла картинка с Валерием Викторовичем, ты не покидал",https://vk.com/wall-130344439_597,комментарий
614,0,Post 614 (2017-09-27 10:56:14),"вакансия годная Специалист по макроэкономическому анализу и статистическому моделированию Компания X5 Retail Group Город Москва Задачи - организация и поддержка базы экономических данных - построение моделей, увязывающих макроэкономические тренды и бизнес-показатели компании. Будут и модели, направленные на причинно-следственный анализ проверка различных гипотез, будут на прогноз",https://vk.com/wall-130344439_614,пост
614,1,Post 614 (2017-09-27 10:56:14),". Будут на малых данных, будут на больших у нас их хватает. Будем работать на стыке ML и эконометрики. Отсюда возможность пробовать совершенно разные методы и развиваться. - представление результатов анализа. Будет и прод, и отдельные задачи. Внедрение моделей, отчетывизуализация, выступления",https://vk.com/wall-130344439_614,пост
614,2,Post 614 (2017-09-27 10:56:14),". Навыки - математическая подготовка и интерес к экономике - знание базовых алгоритмов и структур данных - знания методов ML и эконометрики. Временные ряды, кластеризация, классификация, регрессионный анализ и др",https://vk.com/wall-130344439_614,пост
614,3,Post 614 (2017-09-27 10:56:14),". - RPython, SQL, Spark - готовность к обучению и развитию Будут плюсом - подтверждение знаний в области анализа данных например, прохождение курса ODS на него есть ссылка на стене ниже - примеры реализованных проектов Вилка 90-120 т.р. net годовые бонусы",https://vk.com/wall-130344439_614,пост
614,4,Post 614 (2017-09-27 10:56:14),". Что от нас - Белая зп и ДМС - Возможность влиять на процессы в компании, направление только развивается - Возможность публикаций в рецензируемых научных журналах - Возможно обучение за счет компании - Спортивная площадка на территории - В офисе есть аптека, годная столовая",https://vk.com/wall-130344439_614,пост
614,5,Post 614 (2017-09-27 10:56:14),", годная столовая, кофейня и магазин с корп скидками - Дополнительные плюшки в виде разных скидок в своих магазинах и у партнеров включая спорт Резюме можно присылать на Irina",https://vk.com/wall-130344439_614,пост
619,0,Post 619 (2017-10-03 13:00:48),"Привет! Скоро начинается сезон кейс-чемпионатов, которые могут помочь каждому из вас получить, как минимум, хорошую строчку в резюме, как максимум, - стажировку в компании-партнере. И традиционно сейчас в самом разгаре серия мероприятий по подготовке к командному решению кейсов. Одним из таких является данная встреча",https://vk.com/wall-130344439_619,пост
619,1,Post 619 (2017-10-03 13:00:48),". Одним из таких является данная встреча. Поэтому мы рекомендуем принять участие, если ты - Слышала о кейс-чемпионатах - Хочешь принять участиеузнать, что это и зачем вообще нужно - Решила попробовать свои силы, но не знаешь, с чего начать Дерзайте!",https://vk.com/wall-130344439_619,пост
619,0,Post 619 (2017-10-03 13:00:48),"Вы охерели это репостить?, Это че такое бля?, id145608859Nikita, тебе что-то не нравится?, Покажись урод и получи свой вечный бан, id145608859Nikita, го раз на раз, id49853608Alexander, бан, Админ продался, id145608859Nikita,, Ееее, членчленж, Как меня всегда бесил главный чувак этой конторы. А кейсы норм",https://vk.com/wall-130344439_619,комментарий
619,1,Post 619 (2017-10-03 13:00:48),". А кейсы норм. Например, в год, когда я участвовала в их чемпионате, был кейс про презервативы.",https://vk.com/wall-130344439_619,комментарий
629,0,Post 629 (2017-10-03 19:05:45),"до последнего, id219243643Дарья, омерзительно, club130344439Иканам Стьюдентс Коммьюнити, сначала добейтесь бомберов, потом уже пишите всякую муть и компот, id6045249Филипп, ну раз бомбер, то тоже продам свои студпассивные идеалы",https://vk.com/wall-130344439_629,комментарий
637,0,Post 637 (2017-10-04 12:54:19),"Специально для самых модных и digital участников ИСК, для тех, кто часто пропускает посты в вк, но следит за новостями в телеграме. Именно для вас мы запилили новостной чат. Обещаем только важные новости пьянки и посвят, только студпассив! Ps будем постить максимум раз в недельку, так что не кидайте в мьют сразу",https://vk.com/wall-130344439_637,пост
638,0,Post 638 (2017-10-05 15:43:54),"Друзья, большая просьба. У человека, который небезразличен сотруднику иканам стьюдентскоммьюнити, конкурс на выход сериала на тв-3 человек продюсирует сериал. Если не сложно, пройдите по ссылке, и проголосуйте, пожалуйста, за сериал Свобода в самом низу списка. Повышение иканамической кармы от доисторических иканамовцев обеспечено!",https://vk.com/wall-130344439_638,пост
639,0,Post 639 (2017-10-06 18:52:35),"ЗАВТРА! НАКОНЕЦ СОВЕРШИТСЯ ТО, ЧЕГО МЫ ВСЕ ТАК ЖДАЛИ! А именно событие к которому невозможно остаться равнодушным - ЕЖЕГОДНЫЙ ПОСВЯТ! Уже почти все готово Осталось дело за малым - встретиться и добраться до места проведения встречи! Выезд будет со станции метро Саларьево, сбор в центре зала. Отправление будет в 3 группы",https://vk.com/wall-130344439_639,пост
639,1,Post 639 (2017-10-06 18:52:35),. Отправление будет в 3 группы. Для удобства вы приезжаете с 1800 до 1845 и едите с ближайшей к отправлению группой,https://vk.com/wall-130344439_639,пост
639,2,Post 639 (2017-10-06 18:52:35),. ------------------------------------------------------------------------------------------------------------------------ 1 группа - Канцевич Дарья 89261430366 отправление в 1815 ------------------------------------------------------------------------------------------------------------------------ 2 группа - Каипов Булат 89775729979 отправление в 1830,https://vk.com/wall-130344439_639,пост
639,3,Post 639 (2017-10-06 18:52:35),- Каипов Булат 89775729979 отправление в 1830 ------------------------------------------------------------------------------------------------------------------------ 3 группа - Гареев Михаил 89994502279 отправление в 1845 ------------------------------------------------------------------------------------------------------------------------ Коттедж располагается по адресу Киевское шоссе,https://vk.com/wall-130344439_639,пост
639,4,Post 639 (2017-10-06 18:52:35),", деревня Картмазаво, улица Московская, дом 82 Ехать будем на автобусе 1 остановку, поэтому не забывайте -Проездной на наземный транспорт если что 55р туда и 55р обратно -Зонты ВАЖНО",https://vk.com/wall-130344439_639,пост
639,5,Post 639 (2017-10-06 18:52:35),! 1 На посвяте никаких психотропных веществ от слова совсем кроме алкогольной и табачной продукции,https://vk.com/wall-130344439_639,пост
639,6,Post 639 (2017-10-06 18:52:35),". 2 На посвяте будет дорогая аппаратура, с ней надо быть максимально аккуратной вы же не хотите платить лишних 100к 3 Курение в доме запрещено! Курить - только на улице! 4 Орать на улице так же не стоит! 5 На время посвята относитесь бережно ко всему что есть в доме в тч людям PS Учим песню!",https://vk.com/wall-130344439_639,пост
640,0,Post 640 (2017-10-07 12:04:28),"От лица ИСК хотим поздравить этого прекрасного Человека с Днем Рождения! Счастья, здоровья, успехов в работе и личной жизни! P.S. Навальный - чушка",https://vk.com/wall-130344439_640,пост
640,0,Post 640 (2017-10-07 12:04:28),"Присоединяюсь к поздравлению! Счастья, здоровья, долгих лет жизни и правления!, Сила, горжусь, что учусь при нем!, Что с вами не так",https://vk.com/wall-130344439_640,комментарий
644,0,Post 644 (2017-10-07 22:31:07),"Мы бухаем целый день и в актив нам идти лень, мы ебашим матанал и херачим весь линал, ступассивный комитет - автоматом в жизнь билет., id118165020Сергей, есть победитель! Постираем футболку и передадим молодому поколению, id3577476Никита, ееее, id118165020Сергей, не забудь в ней сфоткаться и кинуть в предложку фотку. И ещё сделай плиз так, чтобы тебя к хуям не отчислили",https://vk.com/wall-130344439_644,комментарий
644,1,Post 644 (2017-10-07 22:31:07),". А то жалко, если футболка пропадёт., club130344439Иканам Стьюдентс Коммьюнити, я же в студпассиве, а значит много ботаю, меня не отчислят",https://vk.com/wall-130344439_644,комментарий
659,0,Post 659 (2017-10-09 10:31:42),"Никто не хочет? Когда я там работал, в рисече сидели ребята из Дойче и Мерил Линч",https://vk.com/wall-130344439_659,пост
659,0,Post 659 (2017-10-09 10:31:42),"Мы все скорбим по посвяту и семе Осипову, зачем ты это постишь в такой тяжелый для всех нас момент, id145608859Никита, потеряный друг это всегда больно, но рано или поздно придётся смириться и двигаться дальше..",https://vk.com/wall-130344439_659,комментарий
659,1,Post 659 (2017-10-09 10:31:42),"., club130344439Иканам Стьюдентс Коммьюнити, да посрать на сему, до посвята еще целый год, id145608859Никита, когда на что-то отвлекаешься, время идёт быстрее, id145608859Nikita, согласен с ИСК, id145608859Nikita, согласен с ИСК, id145608859Nikita, согласен с ИСК",https://vk.com/wall-130344439_659,комментарий
667,0,Post 667 (2017-10-10 13:59:08),"Всем добрый день! Очередная возможность проявить себя и получить стажировку в международных компаниях особенно в Макинзи, советуем не пропускать! Ваши горячо любимые, ИСК",https://vk.com/wall-130344439_667,пост
667,0,Post 667 (2017-10-10 13:59:08),"админы, почему кейсов так много последнее время?, id18236049Игорь, мы потихоньку подготавливаем аудиторию к постам с капустниками., Igor, за кейсы и двор стреляю в упор, когда нибудь я вычислю кейсера с админкой и отправлю его в пожизненный заслуженный бан",https://vk.com/wall-130344439_667,комментарий
672,0,Post 672 (2017-10-11 12:37:00),"Привет! Мы предположили, что у многих из вас могут быть вопросы, на которые мы могли бы ответить, поэтому есть инициатива организовать QA Тема, по сути, любая, начиная от академической среды нашего отделения и заканчивая индивидуальным развитием и советами по тому, куда сходить после тяжелого дня.",https://vk.com/wall-130344439_672,пост
680,0,Post 680 (2017-10-12 11:37:35),Яндекс решил показать парочку интересных фильмов всем желающим. Про термоядерный реактор Про то как полтора года назад машины победили человека в GO и почему это так важно Про вирусы и пандемии Судя по анонсам должно быть интересно,https://vk.com/wall-130344439_680,пост
684,0,Post 684 (2017-10-13 09:34:00),"Господа, Корпоративный университет Сбербанка где регулярно проходят обучение руководители Банка запускает интересное обучение по риск-менеджменту. Если вы всегда мечтали работать в рисках или хотите узнать что это вообще такое, то программа для вас. Из плюшек - обучение у практиков, сотрудников Блока Риски и возможность попасть в Сбер на стажировку. ПОДАЧА ЗАЯВОК ДО 18 ОКТЯБРЯ",https://vk.com/wall-130344439_684,пост
686,0,Post 686 (2017-10-14 12:45:36),"Привет! Недавно проведённый опрос показал, что спрос на вопросы старшим коллегам по цеху имеется, поэтому теперь любой желающий может анонимно обратиться к нам по ссылке По мере поступления вопросов будем выкладывать ответы в группе Всем отличных выходных! ИСК",https://vk.com/wall-130344439_686,пост
686,0,Post 686 (2017-10-14 12:45:36),"? ? ? ? ? ??, Пздц. Запилили форму и ни одного ответа, id49853608Alexander Konev, id6045249Philip Ulyankin, где ответы??77777?777, club130344439Иканам Стьюдентс Коммьюнити, скоро будет",https://vk.com/wall-130344439_686,комментарий
689,0,Post 689 (2017-10-19 21:09:34),вакансия Дамы и господа. Если вы хотите попробовать себя в финансовой сфере и поработать в одном из лучших банков страны предлагающий продукты лучше рокета - банк Тинькофф - присылайте свои резюме Чухрову Никите. В банке готовы взять в группу аналитиков на начальную позицию человека без опыта,https://vk.com/wall-130344439_689,пост
689,1,Post 689 (2017-10-19 21:09:34),". Условия Полный рабочий день Норм зп для первого опыта работы даже больше, чем на работе в приёмке Ну и клевая многонациональная команда Требования Что то понимать Не быть нулевым Составлять отчётики какие попросят Плюсом будет Стрессоустойчивость Базовое знание эскуэль Следование доктринам студпассива Это вакансия, но не на начальную позицию, будет примерно то же самое, только полегче",https://vk.com/wall-130344439_689,пост
689,2,Post 689 (2017-10-19 21:09:34),. По всем вопросам обращаться к id3577476Никите Чухрову.,https://vk.com/wall-130344439_689,пост
689,0,Post 689 (2017-10-19 21:09:34),"Чухров больше не в ЦБ работает?, id1598589Anton, лайк к вопросу, id1598589Антон, работаю, это от жены, Киньте немагии видос сюда, Корочи немагия сказала шо там зп не платят вообще и заставляют 25 часов в сутки работать и сотрудников унижают00 подумойте, id12840592Игорь,, Бля хочу в немагию работать, id3577476Nikita Chukhrov Закрой_рокет",https://vk.com/wall-130344439_689,комментарий
690,0,Post 690 (2017-10-19 21:47:24),"Тут отправили фото, Где-то после слов Ходрик-Прескотта радуется один Перевышин",https://vk.com/wall-130344439_690,комментарий
701,0,Post 701 (2017-10-23 22:50:05),Давайте что-нибудь на квн начнем придумывать.. только что? как все будет происходить? идеи в комментарии,https://vk.com/wall-130344439_701,пост
701,0,Post 701 (2017-10-23 22:50:05),"АХАХАХАХ, id49853608Александр, тебя просили написать идею, а не АХАХАХАХ пиши идею, id145608859Nikita, я не эксперт в идеях для квн, id145608859Nikita, предлагаю танец сделать, Давайте соберёмся на 4 этаже 6 корпуса и там уже что-нибудь придумаем",https://vk.com/wall-130344439_701,комментарий
701,1,Post 701 (2017-10-23 22:50:05),"., Скиньте плз лекции по культуре речи, может идеи сами потом придут, ребят неужели если человек учился на фэне, то он безнадежен? что за стереотипы? может ошибся с выбором факультета, id10592581Александр, я готов D, как насчёт коровы?, id32346529Агафья, кто будет сзади",https://vk.com/wall-130344439_701,комментарий
701,2,Post 701 (2017-10-23 22:50:05),"?, id32346529Агафья, кто будет сзади?, Не ведала я, что делаю, Давайте для начала назовём команду рок н ролл, Тут отправили фото, Предлагаю, чтобы id7560796Semyon Osipov был капитаном, id10592581Александр, думаешь легко капитаном быть? а возьми и сам стань, попробуй привести команду к победе",https://vk.com/wall-130344439_701,комментарий
701,4,Post 701 (2017-10-23 22:50:05),"., А кто костюмы будет шить? Нужно у нацэконома одолжить машинки, id26306341Лиза, там не игсу разве кружок вышивания устроили?, ?почему-то удалился коммент? Говорю, хорошая мысль",https://vk.com/wall-130344439_701,комментарий
701,5,Post 701 (2017-10-23 22:50:05),"! Можно и у тех, и у других взять, чтобы было больше нарядных костюмов, id26306341Liza, потому что ты использовала название факультета, который находится в чс в данном обществе, А коммент игоря поч до сих пор тут?",https://vk.com/wall-130344439_701,комментарий
720,0,Post 720 (2017-10-27 00:22:52),"Всем привет. Первый модуль этого года подходит к концу. Это означает, что пришло время большой ежемодульной пьянки. Есть предложение завалиться в четверг, 2 ноября в классический дакстарс большой компанией. В четверг там есть акция 2 по цене 1. Можно куда-то завалиться в пятницу, но я хз куда",https://vk.com/wall-130344439_720,пост
720,1,Post 720 (2017-10-27 00:22:52),". Можно куда-то завалиться в пятницу, но я хз куда. Поэтому го голосовать, и, если кто-то знает альтернативу дакстарс в плане бюджетно-норм алкоголь, предлалгайте её в комментах З",https://vk.com/wall-130344439_720,пост
720,0,Post 720 (2017-10-27 00:22:52),"Алкоголь для быдла, id55623441Булат, насвай для пацанов, Там разве не 3 по цене 1 было всегда?, Я написал их боту вк, они сказали что 2, id6045249Филипп, пусть тогда два раза пойдут нахуй вместо одного, Да там ведь всегда было два по цене одного. В чем проблема",https://vk.com/wall-130344439_720,комментарий
735,0,Post 735 (2017-10-30 17:12:04),"Outsourcing_vacancy Всем привет Крупная международная фармацевтическая компания ищет человека на аутсорсинг для решения задачки по поиску маршрута на графе. Задача Необходимо привести математическое обоснование алгоритма, на основе которого потом будет сформировано ТЗ программистам. Требования Математический background. Срок до конца декабря. Цена своя, но в пределах разумного",https://vk.com/wall-130344439_735,пост
735,1,Post 735 (2017-10-30 17:12:04),". Цена своя, но в пределах разумного. Заинтересовавшиеся, пишите в лс",https://vk.com/wall-130344439_735,пост
737,0,Post 737 (2017-10-31 12:33:48),"11 будет день анализа данных от Сбербанка. В течение осени Сбер провёл два хакатона. В первом нужно было обучить своего бота для игры в покер, во втором надо было анализировать тексты. На этом дне победители представят свои решения, а также будет прочитано несколько прикольных лекций. А ещё будет дофига халявной вкусной жратвы. Сберыч не скупится на хавку.",https://vk.com/wall-130344439_737,пост
738,0,Post 738 (2017-10-31 17:18:26),"Всем ещё раз привет Есть две новости 1. Завтра в течение дня будут распространяться наклейки. Скорее всего, найти их вы сможете на лекциях, которые стоят у вас в расписании. Мы подумаем о том как распространить стикеры среди курсов как можно равномернее. Существуют наклейки двух разновидностей глянцевые и матовые. Какие из них лучше в плане дизайна и долговечности, хз. Просто имейте это в виду. 2",https://vk.com/wall-130344439_738,пост
738,1,Post 738 (2017-10-31 17:18:26),". Просто имейте это в виду. 2. В четверг на 6 часов вечера мы забронили стол на много людей в дакстарс на маяковской. Да начнётся ежемодульная большая пьянка! update если вы не догоняете что нарисовано на вашей наклейке, приходите на пьянку. Мы поясним за базар.",https://vk.com/wall-130344439_738,пост
741,0,Post 741 (2017-11-03 14:29:52),"Попросили расшарить Возможно, кому-нибудь это будет интересно.",https://vk.com/wall-130344439_741,пост
741,0,Post 741 (2017-11-03 14:29:52),"от себя добавлю при всей видимости не техничности программы, придется хорошо и сильно погрузится во все аспекты разработки. 70 выпускников этой программы в итоге остаются в Я, но на большом спектре вакансий. поэтому очень советую, если ищите около стажировку на 4м курсе",https://vk.com/wall-130344439_741,комментарий
747,0,Post 747 (2017-11-04 15:54:54),"Туда же. Мало ли Всем привет! У нас в Devexperts расширяется проект для одной из ведущих бирж США, и я ищу кандидатов на позицию аналитикa. Позиция возможно, даже не одна, 2-3 пока временная, но как минимум до конца февраля, и с хорошими шансами стать постоянной. Что нужно будет делать разбираться в логике построения биржевых индексов и заниматься написанием этой логики на R",https://vk.com/wall-130344439_747,пост
747,1,Post 747 (2017-11-04 15:54:54),". Что нужно знать уже сейчас R предпочтительно знакомство с tidyverse, SQL, git. Хороший английский и знание JIRA будет плюсом. Всё достаточно гибко по расписанию и занятости, все формальности берём на себя, оплата хорошая. Работа команде со мной, скорее всего задачи буду ставить я. Позиция хорошо подойдёт студенту старших курсов конец бакалавриата, магистратура, аспиранту в т.ч",https://vk.com/wall-130344439_747,пост
747,2,Post 747 (2017-11-04 15:54:54),".ч. как производственная практикастажировка, специалисту с опытом на уровне 0-3 года в IT. Санкт-Петербург, Чкаловская возможна удалённая работа Вилка 80-120к Антон Антонов, tonytonovgmail.com",https://vk.com/wall-130344439_747,пост
748,0,Post 748 (2017-11-07 16:21:01),Началасьь регистрация на вот эту странную олимпиадку,https://vk.com/wall-130344439_748,пост
748,0,Post 748 (2017-11-07 16:21:01),"и зачем она нужна?, just for fun и строчка в резюме наверное",https://vk.com/wall-130344439_748,комментарий
754,0,Post 754 (2017-11-15 16:18:22),Обычно на таких митапах интересно Ещё обычно есть видеотрансляция,https://vk.com/wall-130344439_754,пост
754,0,Post 754 (2017-11-15 16:18:22),"Почему видя слово митап, я представляю филю и фокина голышом в одной постеле?, вэри дип лёрнинг, id3577476Nikita, потому что ты ревнуешь",https://vk.com/wall-130344439_754,комментарий
758,0,Post 758 (2017-11-27 18:23:23),"Отличная возможность, если у вас есть время и желание погрузиться в консалтинг",https://vk.com/wall-130344439_758,пост
758,0,Post 758 (2017-11-27 18:23:23),"Действительная хорошая возможность моего друга так взяли на проект, который должен был идти 1,5 месяца, в итоге он там задержался и скоро будет год, как там работает",https://vk.com/wall-130344439_758,комментарий
761,0,Post 761 (2017-11-29 14:05:52),"Всем привет. Sci-hub кто-то опять заблокировал. Наверное, в рамках борьбы с пиратством. Новое зеркало, с которого всё еще можно качать статьи на халяву находится по ссылке Всё также копируем ссылку из платной базы в строку поиска и она ломается. Мы за свободный доступ к знаниям",https://vk.com/wall-130344439_761,пост
763,0,Post 763 (2017-12-02 14:08:02),"Хэй, Еканам! Если есть кто-то, кому не влом провести тайного санту, то мы все только за. Все любят подарочки З",https://vk.com/wall-130344439_763,пост
763,0,Post 763 (2017-12-02 14:08:02),"могу провести, если мне помогут, Могу помочь, если проведёшь, Могу взять подарок,если вы подарите мне его, Могу помочь брать подарки, если вы их дадите Самиру, У id10592581Александр Тишин есть прошлогодние заготовки, Вам придется немного попрогать в Р, id10592581Александр, кааайф, Ну так чё, будут подарочки?, Филя. Замути ты, Я б замутил, но нет времени",https://vk.com/wall-130344439_763,комментарий
773,0,Post 773 (2017-12-05 17:51:58),"Если есть желание, можно сгонять в качестве слушателя на конфу в честь 25-летия РЭШ.",https://vk.com/wall-130344439_773,пост
780,0,Post 780 (2017-12-10 13:28:07),"Всем привет. 5 февраля будет последний запуск курса по машинному обучению на Хабре, на русском языке. Осенью курс запустят в четвёртый раз, но на английском языке. Курс продлится до 23 апреля и будет, по большей части, проходить в онлайне. В течение курса будут живые лекции в московском офисе Mail.ru, по понедельникам с 5 февраля, 19.00-22.00",https://vk.com/wall-130344439_780,пост
780,1,Post 780 (2017-12-10 13:28:07),".ru, по понедельникам с 5 февраля, 19.00-22.00. статьи на Хабре прежние, вот первая - подробнее про все активности на курсе соревнования, туториалы и тп тут - Форма регистрации на курс - Все обсуждения проходят в слаке ODS так называется сообщество машилернеров, которое делает этот курс и попутно организует еще кучу всяких других интересных активностей",https://vk.com/wall-130344439_780,пост
780,2,Post 780 (2017-12-10 13:28:07),. Заявку на вступление в сообщество можно оставить тут,https://vk.com/wall-130344439_780,пост
780,0,Post 780 (2017-12-10 13:28:07),"если кто-то хочет в ODS, пишите что вы от filfonul 3",https://vk.com/wall-130344439_780,комментарий
781,0,Post 781 (2017-12-10 13:31:34),Также сегодняшний день - последняя возможность поучаствовать в отборочном онлайн этапе яндексовской олимпиады,https://vk.com/wall-130344439_781,пост
783,0,Post 783 (2017-12-13 11:36:31),А вот и начало долгожданного ТАЙНОГО САНТЫ 20172018 года! В этом году мы решили играть только на нашем отделении зачем дарить подарки каким-то левым ОНЭ-шникам?!,https://vk.com/wall-130344439_783,пост
783,1,Post 783 (2017-12-13 11:36:31),". Собственно, о том, что же вообще такое Тайный Дед Мороз? Это тайный обмен подарками! Начинается все с того, что вы получаете конверт, в котором находится анкета другого студента с описанием его хобби, желаний и просто того, что он любит больше всего Вместе с этим вам, конечно, достается номер счастливчика, чью заветную мечту вы будете исполнять",https://vk.com/wall-130344439_783,пост
783,2,Post 783 (2017-12-13 11:36:31),"! На поиски лучшего подарка каждому будет отведена неделя, после чего, 27 декабря, в предверии Нового Года, ПРОИЗОЙДЕТ ВОЛШЕБСТВО! Тогда и ты сам получишь свой подарок! Обо всех остальных правилах вы сможете узнать уже в день выдачи заветных конвертов ПОСПЕШИТЕ! Ведь регистрация закроется уже 17",https://vk.com/wall-130344439_783,пост
783,3,Post 783 (2017-12-13 11:36:31),".12.2017 в 2359! ТАК ЧТО РЕГИСТРИРУЙСЯ СЕЙЧАС, НЕ ОТКЛАДЫВАЙ ДЕЛО НА ПОТОМ! И будет тебе подарочек Если возникнут вопросы, обращайся к id219243643Даше Сакович",https://vk.com/wall-130344439_783,пост
783,0,Post 783 (2017-12-13 11:36:31),"Открою большую тайну, но в прошлом году мы так же играли только на нашем факе плюс друзья отделения, id10592581Александр, мы учимся на экономическом факультете, где 4 отделения. Одно из них - наше, отделение экономики. Разделяй понятия факультет и отделение, Тут отправили фото",https://vk.com/wall-130344439_783,комментарий
787,0,Post 787 (2017-12-14 12:45:02),"Немного хороших новостей для всех, кто любит анализировать 3 Форма для регистрации большая зелёная кнопка справа сверху. Судя по всему, можно регистрировать команды размером до трёх человек.",https://vk.com/wall-130344439_787,пост
787,0,Post 787 (2017-12-14 12:45:02),"Чем отличается анализ данных от кейсов?, От своего имени глупости писать стесняешься?, id6045249Philip, как еврей отвечаешь вопросом на вопрос",https://vk.com/wall-130344439_787,комментарий
791,0,Post 791 (2017-12-17 19:26:55),"Всем привет. Го устроим массовую пьянку 25 числа, в понедельник, в папасе акция 4 по цене 1 многие уезжают, а после 28 числа в дакстарсе 2 по цене одного. P.S. Все кто хотел зарегались на санту?",https://vk.com/wall-130344439_791,пост
791,0,Post 791 (2017-12-17 19:26:55),"А где вариант Хочу, но не могу, всё для тебя, пирожочек 3, А как насчет потусить еще и 30-го?",https://vk.com/wall-130344439_791,комментарий
796,0,Post 796 (2017-12-20 01:18:38),"Всем привет Для 4 курса бакалавриата и 2 курса магистратуры актуальным остается написание достойной ВКР, поэтому в качестве стимула предлагаю обратить внимание на конкурс, который будет проводиться и в следующем году",https://vk.com/wall-130344439_796,пост
798,0,Post 798 (2017-12-23 17:25:42),"Всем привет. Есть возможность начать приглашать с с Запада в Ранх известных эконометристов и прикладных экономистов, которые публикуются в ведущих журналах, прочитать лекциюцикл лекций. Кому это было бы интересно? Лекции, естественно, на английском.",https://vk.com/wall-130344439_798,пост
798,0,Post 798 (2017-12-23 17:25:42),"Я с 4, интересно, не посещала бы После лекций идти на лекции нет желания",https://vk.com/wall-130344439_798,комментарий
798,1,Post 798 (2017-12-23 17:25:42),". Если будет другой формат, мб, id130106451Екатерина, какой, например, формат?, club130344439Иканам Стьюдентс Коммьюнити, обязательных курсов с оценкой, club130344439Иканам Стьюдентс Коммьюнити, вместо пар Бусыгина, он один хрен дичь каждый раз толкает молодые хотят драйва",https://vk.com/wall-130344439_798,комментарий
798,2,Post 798 (2017-12-23 17:25:42),"!, id130106451Екатерина, не ходи на бух учет, Иканам, каков итог голосования? Будут ли приглашены зарубежные преподаватели?, id125147726Иван, это вопрос к id1598589Антон Скроботов, id125147726Иван, мне было интересно, стоит ли заняться приглашением иностранцев, нужно ли это кому-нибудь",https://vk.com/wall-130344439_798,комментарий
803,0,Post 803 (2017-12-24 19:18:08),"Завтра, в понедельник, 25 числа, вечером, собираемся на первую часть ежемодульной тусы в ультраклассическом папасе. Первые пришедшие забивают столик. В четверг, 28 числа, на 1800 забронен столик в чуть менее классическом дакстарсе на маяковской. Там будет вторая часть тусы. Увидимся",https://vk.com/wall-130344439_803,пост
806,0,Post 806 (2017-12-27 14:53:56),"Девушка, которая подарила 77 номеру спасибо большое от всей души3 очень милый подарок",https://vk.com/wall-130344439_806,комментарий
811,0,Post 811 (2017-12-28 22:14:30),"Я все четыре года только из-за него не ходил., Как же без главного пидора иканама?, id6045249Филипп Ульянкин, и что ты лайкнул мой комментарий?! Лучше посмотри, как ты позажимал бедных людей, что они голосуют против тусовок без тебя",https://vk.com/wall-130344439_811,комментарий
811,1,Post 811 (2017-12-28 22:14:30),"., Все это было, чтобы заманить тебя, а ты не приходил, Интересно, что большинство девушек голосуют за вариант зажиматься с тобой, но большинство парней голосуют против тебя. Значит ли это, что парни не ходят на пьянки из-за высокой конкурентности с тобой?",https://vk.com/wall-130344439_811,комментарий
817,0,Post 817 (2018-01-08 19:20:49),"Всем привет! Я держу у себя в руках весь эконом. Дело в том, что у меня на компьютере завалялись данные по тому кто из студентов эконома кому ставит лайки, кто на что подписан, у кого кто есть в друзьях и многое другое. Данные есть за последние два года. В этих данных есть много занимательных фактов. Я хотел бы поделиться ими с вами. Статистика собрана за 2 года",https://vk.com/wall-130344439_817,пост
817,1,Post 817 (2018-01-08 19:20:49),. Статистика собрана за 2 года. Факты о лайках Самый интересный пост 43 экономовских лайков принадлежит мне. Первые места по популярности фоток забрали себе пацаны. Самая горячая женская фотка оказалась у id135531105Даши. Воторая по залайканости женская фотка принадлежит id750115ЕВ. Обе фоточки можно найти под постом,https://vk.com/wall-130344439_817,пост
817,2,Post 817 (2018-01-08 19:20:49),". Обе фоточки можно найти под постом. Самое большое количество лайков, которое было поставлено одним человеком другому сорвала id382202404Вазифа. Она поставила id183066975Лейле на стену 344 лайка. Самое большое количество лайков под фотки поставила id40401167Таня. Целых 145 лайков. Поставила она их . себе. Самое большое число лайков, которое поставил мужчина девушке принадлежит id32218565Лёше",https://vk.com/wall-130344439_817,пост
817,3,Post 817 (2018-01-08 19:20:49),". Он поставил 94 лайка под фотки id6784768Кате. Самой главной социоблядью эконома стал я. Меня лайкают больше всего. Второе место по объёмам залайканости досалось id13314730Марине. На самом деле это только начало. Я занимаюсь этим рисёрчем с октября. Если под этим постом появится 30 лайков, будет второй пост с картинками.",https://vk.com/wall-130344439_817,пост
817,0,Post 817 (2018-01-08 19:20:49),"Ну ничего ж себе ещё бы добавить,что все 344 лайка поставлены под фото фк Барселоны, Факты о лайках и ещё 100 занятий,чтобы не готовиться к сессии",https://vk.com/wall-130344439_817,комментарий
817,1,Post 817 (2018-01-08 19:20:49),". Автор - Филипп, 30 лайков и я скажу, кого лайкает твой парень, лайкайте быстрее, ублюдки",https://vk.com/wall-130344439_817,комментарий
817,2,Post 817 (2018-01-08 19:20:49),"! я хочу это узнать, Филлип, ну что за разоблачение, id40401167Татьяна, если честно, я в какой-то момент начал переживать, что ты наложишь на себя руки D, club130344439Иканам Стьюдентс Коммьюнити, ты довел эту мысль до реализации? ты понимаешь, что можешь неплохо заработать на ревнивых девушках?, А почему Таня не лайкнула свой коммент",https://vk.com/wall-130344439_817,комментарий
817,3,Post 817 (2018-01-08 19:20:49),"?, А почему Таня не лайкнула свой коммент?, Руслан, я только фотки, id40401167Татьяна, вот не надо тут",https://vk.com/wall-130344439_817,комментарий
817,4,Post 817 (2018-01-08 19:20:49),". На фотках 145 самолайков, а в сумме их у тебя около 160 00, id6045249Philip, это все от недостатка внимания. До сих пор удивляюсь, почему на каждой больше одного лайка. расчёт был на то, что мои будут единственными ., id40401167Татьяна, до слез. Ребята, давайте поможем человеку, скиньтесь по лайку на авки! Эконом- место, где сбываются мечты., id40401167Татьяна, Пролайкал",https://vk.com/wall-130344439_817,комментарий
817,5,Post 817 (2018-01-08 19:20:49),"., id40401167Татьяна, Пролайкал. Сделал что мог. Надеюсь, ты стала чуточку счастливее. Есть молва, что если ходить на экономтусы и слать нахуй студактив, внимание среди нормальных ребят в разы увеличится., id7560796Semyon, как это мило И как обычно не упускаешь шанс агитировать за студпассив, id40401167Татьяна, потому что студпассив в моем сердце. а ты на шаткую дорожку встала",https://vk.com/wall-130344439_817,комментарий
817,6,Post 817 (2018-01-08 19:20:49),". а ты на шаткую дорожку встала., Тут отправили фото, id6784768Katerina, это так Лешу вызывают?, id150423338Руслан, конечно. позвонила в колокольчик, и все пролайкано, id6784768Katerina, удобно",https://vk.com/wall-130344439_817,комментарий
827,0,Post 827 (2018-01-08 21:22:35),"Ееееее, 30 лайков DONE! Как вы уже поняли у меня есть большой гранд иканам рисёрч c большим количеством картинок, текста машинлернингом и интерактивными штуками, в которые можно тыкать. 3 Для начала ещё пара фактов. Курс Ахмеда - самый дружный. При этом id24043193Насте срочно нужно подружиться с id37057375Машей. При этом id60637740Дане срочно нужно подружиться с id179615914Сашей",https://vk.com/wall-130344439_827,пост
827,1,Post 827 (2018-01-08 21:22:35),". Курс от этого дружнее не станет, но вам надо это сделать. Зачем? Узнаете, когда я выкачу полную версию рисёрча. Хотели картинок? Получайте партию Забыл в прошлом посте добавить, что лайки в последний раз собирались 30 декабря 2017 года с фоточек и стенок. Во всех топах вывожу по 30 человек. Все люди, которые никак не относятся к эконому выкинуты. Отображаются только экономовские лайки. 1",https://vk.com/wall-130344439_827,пост
827,2,Post 827 (2018-01-08 21:22:35),". Отображаются только экономовские лайки. 1. Рейтинг самолайков. Тут без комментариев. 2. Самые залайканые люди 3. Люди, которым больше всего ставил свои лайки id18236049Игорь Якубовский. И люди, от которых он больше всего лайков получил. Больше всего Игорь любит id386799133Dr Beerman. 4. К сожалению, любовь не всегда оказывается взаимной",https://vk.com/wall-130344439_827,пост
827,3,Post 827 (2018-01-08 21:22:35),". id386799133Dr Beerman больше всего лайкает сам себя, а не Игоря. Постыдился бы! ПАРЕНЬ СТАРАЕТСЯ, ОТВЕТЬ ВЗАИМНОСТЬЮ! 5. Граф дружеских связей второго курса. Он здесь, потому что он красивый. 6. С помощью графов в сообществах можно искать самых авторитетных людей. Мои изыскания выдали такой рейтинг авторитетности для текущего 4 курса. id29581455Миша стал по нему самым авторитетным..",https://vk.com/wall-130344439_827,пост
827,4,Post 827 (2018-01-08 21:22:35),". id29581455Миша стал по нему самым авторитетным. Что за алгоритм и цифры узнаете в полной версии рисёрча. 7. Самые популярные на иканаме паблики по количеству подписчиков. 8. Люди, которые ставят больше всего лайков. 9. Update Особый, секретный алгоритм, детали которого я не буду раскрывать, показал, что id10592581Саша Тишин ещё тот пидор. Алгоритм прям так и вывел на экран Ещё тот пидор",https://vk.com/wall-130344439_827,пост
827,5,Post 827 (2018-01-08 21:22:35),". Алгоритм прям так и вывел на экран Ещё тот пидор. Как показала статистика, я главный хайпожор. 30 лайков вы ставили слишком долго. Я даже успел заскучать. Дальше события будут развиваться следующим образом 1. Завтра я публикую ещё один пост. Больше всего он заинтересует первокурсников. 2. Я сдаю экзамен по макре. 3. Текущий пост набирает 70 лайков 4. Я выкатываю полную версию рисёрча. 5",https://vk.com/wall-130344439_827,пост
827,6,Post 827 (2018-01-08 21:22:35),". Я выкатываю полную версию рисёрча. 5. Сервер, на котором лежит приложение, куда можно вбить любое имя и посмотреть, кто его лайкает с иканама и кого лайкает он, падает в первые 5 минут.",https://vk.com/wall-130344439_827,пост
827,0,Post 827 (2018-01-08 21:22:35),"Интересно, что граф только для второго курса, хочется поинтересоваться почему? Ответ прост. Филя стареет, а второкурсница каждый год второкурсница, Паблик 54682. внёс меня в чёрный список. Там плехановцы постили какое-то говно и я им решил про это сообщить в комментах",https://vk.com/wall-130344439_827,комментарий
827,1,Post 827 (2018-01-08 21:22:35),". Именно поэтому этот паблик в чёрном списке у меня в рисёрче 3, И ладно, я сегодня добрый, солью кусок про то как работает PageRank., Тут отправили фото, Твои информационные базы устарели, половина вершин графа второкурсников уже давно не имеет никакого отношения к эконому. Мог бы и спросить 3, id6045249Филипп, меня нет",https://vk.com/wall-130344439_827,комментарий
827,2,Post 827 (2018-01-08 21:22:35),". Мог бы и спросить 3, id6045249Филипп, меня нет., id87749968Александр, Тут находятся все, кто начиная с 2012 года поступил на эконом. Отчисление человека не означает его удаление из исследования",https://vk.com/wall-130344439_827,комментарий
827,3,Post 827 (2018-01-08 21:22:35),"., id14212636Ярослав, есть, но в заднице D, id6045249Филипп, бебебе, id87749968Александр, но то, что граф был бы почище, согласен, id6045249Филипп, надо вносить в алгоритм авторитетности количество коментариев. Серый кардинал",https://vk.com/wall-130344439_827,комментарий
850,0,Post 850 (2018-01-15 01:08:24),"Всем доброй ночи! В табличке ниже представлены прогнозы отчислений текущих первокурсников. Имена и точечные оценки вероятностей того, что человек сдаст две сессии. Я прогнозирую отчисление для всех, у кого вероятность ниже 0.4. Я ошибусь в 20 случаев. Модель оценивалась по данным с 2012 по 2015 годы. На наборе 2016 года проверялась работоспособность модели и выбирался порог",https://vk.com/wall-130344439_850,пост
850,1,Post 850 (2018-01-15 01:08:24),". Во второй табличке вы можете посмотреть то насколько хорошо модель сработала на тестовых данных. В первой колонке имя второкурсника, во второй вероятность, с которой человек должен был бы закончить эконом, в третьей его реальное состояние. Третья картинка - качество модели. На 2016 году она нашла 9 человек, которых реально отчислили, 48 человек, которые остались",https://vk.com/wall-130344439_850,пост
850,2,Post 850 (2018-01-15 01:08:24),". Двоих она неверно отчислила, 11 она неверно оставила. В конечном итоге, среди тех кого она отчислила, она верно отчислила 82. Среди тех, кого она оставила, она верна оставила 81. Обратите внимание, что модель обладает средней прогнозной силой мало данных. Поэтому она специфицирована так, чтобы находить низы рейтинга",https://vk.com/wall-130344439_850,пост
850,3,Post 850 (2018-01-15 01:08:24),". Она пытается отчислить мало людей 45 из тех, кого реально отчислили, но c более-менее высокой точностью. У 2016 года в топе есть люди, которые не закончили эконом. Если вы увидели у себя низкую вероятность, самое время начать ботать. Если вы увидели у себя высокую вероятность, тоже нелохо бы начать ботать",https://vk.com/wall-130344439_850,пост
850,4,Post 850 (2018-01-15 01:08:24),". Плохо будет, если вы испортите моей модели качество своим раздолбайством 3 Следующий мой пост будет содержать полный текст рисёрча",https://vk.com/wall-130344439_850,пост
850,0,Post 850 (2018-01-15 01:08:24),"и тебе доброй ночи, Филя, это все очень классно!, На примере соломоника видно что модель работает идеально, Особенно сильно я ору с того, что id54719182Михаил Соломоник топ-1 D Никто так сильно не ошибался, как модель в этом случае, id50471454Максим, опередил меня на секунду 3 Смотреть надо на нижних ребят, id6045249Philip, Коннова 0",https://vk.com/wall-130344439_850,комментарий
850,1,Post 850 (2018-01-15 01:08:24),".0 кст, Тут целевая переменная 1 - закончил первый курс, id6045249Philip, понял извиняюсь, id6045249Филипп, где 3 курc??, id6045249Филипп, мой прогноз по Соломонику в мемасиках оказался точнее, id73614108Ахмед, С третьего курса за 5 лет ушло 10 человек и 118 остались. Я на первом курсе могу прогнозировать только низы рейтинга, в топе оказываются левые люди",https://vk.com/wall-130344439_850,комментарий
850,2,Post 850 (2018-01-15 01:08:24),". У меня на каждый коэфициент в районе 3 наблюдений и из-за этого делать отбор переменных оч сложно. На 3 курсе модель будет тупо говорить, что всех оставляем., id73614108Ахмед, ты тупой? А на ком модель обучаться будет?!, id6045249Филипп, я про наш курс,когда он был на 1 курсе., id37280099Илья, я про наш курс,когда он был на 1 курсе",https://vk.com/wall-130344439_850,комментарий
850,3,Post 850 (2018-01-15 01:08:24),"., id6045249Филипп, ахахаххахаха, id73614108Ахмед, так модель видела что происходит на твоём курсе, нафига у неё про это спрашивать? Про 2 курс спросить можно, так как она его не видела и низ норм нашла, но при этом конкретно обосралась на топе",https://vk.com/wall-130344439_850,комментарий
850,4,Post 850 (2018-01-15 01:08:24),". На первом курсе она, скорее всего аналогично нормально нашла низ и как мне сказали уже три человека прям конкретно обосралась на топе D, Короче, ставлю на каждого из тех у кого вероятность меньше 0.4 по 200 рублей",https://vk.com/wall-130344439_850,комментарий
850,5,Post 850 (2018-01-15 01:08:24),".4 по 200 рублей. Кто примет разом все 12 ставок?, id73614108Ахмед, ну, о том и речь, Че за тупо цифры На завод бы лучше шли работать, id6045249Филипп, принимаю вызов, перваки не подведите!, id6045249Филипп, можно взять в выборку не нас а 2016 год и посмотреть нас, id73614108Ахмед, да какой смысл? Для вас уже неактуально вы почти на четвёртом уже. Все кому надо было, вылетели. Почти",https://vk.com/wall-130344439_850,комментарий
850,7,Post 850 (2018-01-15 01:08:24),"., То самое чувство когда модель конкретно обосралась на топе, спасибо, Филипп, что не отчислил, я прямо на грани, Филипп умеет обоснованно мотивировать, Наугад цифры ставили,инфа сотка, Описание очень херовое, призраки нужны и почему данные за эти года именно",https://vk.com/wall-130344439_850,комментарий
850,8,Post 850 (2018-01-15 01:08:24),"?, id17296672Владимир, выигравший поит победителя на выигранную сумму в бирмане в октябре 3, id8176408Сергей, всему своё время, Samir, го пари на последние 12 человек как с Володей, Тут отправили фото, id6045249Филипп, я уже понял схему,так что нет, Ставлю кэс, что 65-й не вылетит, Меняй первую пикчу, свалила с третьего места, id55623441Bulat, принимаю, запомните этот коммент",https://vk.com/wall-130344439_850,комментарий
850,9,Post 850 (2018-01-15 01:08:24),". Он мне как раз кэс торчит, Блин, у людей первая сессия. Они и так переживают. Зачем масло в огонь подливать?? Офигенно строить модели, когда ты сам один из топчиков. Но неплохо было бы подумать, что не всем приятно себя видеть с коэффициентом а-ля на грани отчисления. Тем более выкладывать в общую группу для всех..",https://vk.com/wall-130344439_850,комментарий
850,10,Post 850 (2018-01-15 01:08:24),". Тем более выкладывать в общую группу для всех., Не правильное название модели, если модель на отчисление, то вероятность отчисления 1-рассчитанная вероятность. Для отчисляемого прогноз должен быть близок к 1, а не к 0. И пора организовывать тотализатор . За договорняками можно и ко мне зайти, id24043193Anastasia, тоже так считаю, и вообще Филиппа надо заставить на камеру извиняться..",https://vk.com/wall-130344439_850,комментарий
850,11,Post 850 (2018-01-15 01:08:24),"., id50471454Максим, я готов отвесить пару лещей, id17296672Владимир, ставлю 2 к, что Богданов вылетит, id219243643Дарья, ты зачем так с Богданом?, id141699203Ира, заслужил, Интересно, какая оптимальная стратегия для id6045249Philip Ulyankinа",https://vk.com/wall-130344439_850,комментарий
850,12,Post 850 (2018-01-15 01:08:24),". Зажимать первачек, которых отчислят или наоборот найти постоянную жертву? Может создать опрос?, id10592581Александр, говорить, что если будут зажиматься- не отчислят",https://vk.com/wall-130344439_850,комментарий
850,13,Post 850 (2018-01-15 01:08:24),"., Надо эксперимент ставить с большими данными и случайной выборкой, id6045249Philip, все в твоих руках и в углу блумберга, id10592581Александр, это неэтично, а я вчера весь день качал этот скилл, помогая бабушкам, А какие экзогенные переменные? Полагаю что коэффициент при бинарной переменной поехал на посвят значим, Готов на Шаркова поставить 5к что не слетит. Кто готов принять?",https://vk.com/wall-130344439_850,комментарий
889,0,Post 889 (2018-01-15 07:55:38),"В голос, Ахах ах а ха ахах топ просто, Готов продать имена создателей мема тем, кого обидело это ужасно неэтичное исследование мерзкого Филиппа. Возможен торг и оплата едой., id37280099Ilya, поддерживаю, очень неэтично",https://vk.com/wall-130344439_889,комментарий
900,0,Post 900 (2018-01-15 20:01:14),"очевидно, Если будет разметка, можно проверить 3, Курит точно нет, И пьёт точно нет, id49853608Александр, не факт, id18236049Igor, ну хз, я почти не пил, вроде все норм, id49853608Александр, ты выброс, id18236049Igor, уверен, что на каждом курсе такие есть",https://vk.com/wall-130344439_900,комментарий
900,1,Post 900 (2018-01-15 20:01:14),". Обращение Если ты это читаешь, учишься на иканаме и не пьешь, то не факт, что тебя отчислят!, На самом деле немного странно связывать вредные привычки с успешностью человека. Тут скорее наоборот связь направлена ты много работаешь, у тебя много стресса, стресс надо снимать, ты начинаешь куритьпить. Ну или не начинаешь",https://vk.com/wall-130344439_900,комментарий
900,2,Post 900 (2018-01-15 20:01:14),". Ну или не начинаешь. А сам по себе тезис умные больше пьют находится на уровне не сидел значит не русский, id6045249Филипп, ауе, братуха",https://vk.com/wall-130344439_900,комментарий
918,0,Post 918 (2018-01-18 21:44:40),"Всем привет! Тут Сбербанк открыл набор на любопытную стажировку, налетайте",https://vk.com/wall-130344439_918,пост
918,0,Post 918 (2018-01-18 21:44:40),"По обычным стажёрским позициям платят 35к, по этим 40к. То самое чувство, когда Греф повышает ставки и играет по крупному 3",https://vk.com/wall-130344439_918,комментарий
924,0,Post 924 (2018-01-19 01:35:59),"АХАХХАХАХАХАХЗХАЗХА, id29581455Михаил, а что смешного? Человек мог элементарно шею сломать так., id90380460Алексей, такой ты дурок",https://vk.com/wall-130344439_924,комментарий
930,0,Post 930 (2018-01-22 01:44:26),"жестокое обращение с животными, Живодерки из РАНХиГС, Жестокое, это когда так",https://vk.com/wall-130344439_930,комментарий
934,0,Post 934 (2018-01-24 21:53:21),"Лоол, мир тесен Я как раз щас на проекте русала и тут в группе такое Бдыщ, id12840592Igor, стажируешься?, Как то странно, что сайт стажировки сделан на бесплатном хостинге tilda.ws Неужели у них не хватило денег на собственный домен??, id10592581Alexander, а зачем тратить лишние деньги - показывают, что рационально используют ресурсы",https://vk.com/wall-130344439_934,комментарий
940,0,Post 940 (2018-01-28 16:12:11),"Всем привет. Есть предложение завтра вечером посетить в папасе акцию 4 по цене 1 в честь окончания сессии. адрес папас плэйс, Лубянка время с 1900",https://vk.com/wall-130344439_940,пост
940,0,Post 940 (2018-01-28 16:12:11),"А id6045249Филипп Ульянкин будет?, Параллельно запустим две вечеринки и на одну из них специально не будем его пускать, чтобы он не смог никого дискриминировать., id37280099Илья, график зажиманий у него уже расписан",https://vk.com/wall-130344439_940,комментарий
для статьи используем ссылку на пост,0,Post для статьи используем ссылку на пост (2018-01-29 00:00:00),"Ответы на вопросы Что делать сейчас мне, первокурснику, чтобы после выпуска не было проблем с трудоустройством? Как понять, чем заниматься? На самом деле это относится не только к первокурсникам-цам, но и к тем, кто не особо занимался вопросами своего профессионального будущего",https://vk.com/@ikanam-otvety-na-voprosy,пост
для статьи используем ссылку на пост,1,Post для статьи используем ссылку на пост (2018-01-29 00:00:00),". Идеального ответа на эти вопросы нет, но есть рекомендации, которые позволят каждому найти что-то свое - Учись как можно больше. Это касается как пар, так и дополнительного чтения, посещения тренингов, соревнований, конференций и тд. Это позволит тебе составить максимально полную и объективную картину того, что происходит вокруг",https://vk.com/@ikanam-otvety-na-voprosy,пост
для статьи используем ссылку на пост,2,Post для статьи используем ссылку на пост (2018-01-29 00:00:00),". Со временем ты начнешь понимать, какие предметы вызывают у тебя искру в глазах, в чем бы ты хотел углубляться, а от чего держаться подальше. Тут стоит упомянуть, что в разные периоды будет мода на что-то конкретное, но если твои интересы там не лежат, то ничего страшного, just keep going. Учи английский",https://vk.com/@ikanam-otvety-na-voprosy,пост
для статьи используем ссылку на пост,3,Post для статьи используем ссылку на пост (2018-01-29 00:00:00),". Учи английский. Вне зависимости от твоих будущих интересов, тебе потребуется свободно владеть английским это минимум upper-intermediate, в идеале выше. Чем раньше ты достигнешь этого уровня, тем легче тебе будет дышать в профессиональном мире. - Попробуй устроиться на стажировкустать волонтером в том, что тебе нравится",https://vk.com/@ikanam-otvety-na-voprosy,пост
для статьи используем ссылку на пост,4,Post для статьи используем ссылку на пост (2018-01-29 00:00:00),". Это поможет тебе развеять некоторые мифы о твоих карьерных планах и приобрести важный опыт, который повысит твои шансы устроиться на работу мечты. - Чтобы прочувствовать необходимость выполнения прошлого пункта, попробуй составить свое резюме - то, по чему тебя будет оценивать будущий работодатель",https://vk.com/@ikanam-otvety-na-voprosy,пост
для статьи используем ссылку на пост,5,Post для статьи используем ссылку на пост (2018-01-29 00:00:00),". Нашел-ла, что написать? - Постарайся общаться как можно большим количеством людей вокруг тебя, будь то однокурсники, преподаватели, коллеги по работе и тд. Никогда не стоит недооценивать силу нетворкинга! - Будь в курсе событий, которые происходят в мире. Для этого важно читать авторитетные издания Ведомости, РБК, Bloomberg Business Week, Project Syndicate и тд",https://vk.com/@ikanam-otvety-na-voprosy,пост
для статьи используем ссылку на пост,6,Post для статьи используем ссылку на пост (2018-01-29 00:00:00),". Если выполнишь все эти пункты, то уже к сентябрю нового учебного года вероятность твоего трудоустройства значительно повысится, а понимание карьерного будущего станет яснее",https://vk.com/@ikanam-otvety-na-voprosy,пост
для статьи используем ссылку на пост,7,Post для статьи используем ссылку на пост (2018-01-29 00:00:00),". Удачи! Привет, ребят! Есть у кого-нибудь опыт общения с Большой тройкой консалтинг? Было бы безумно интересно послушать Насколько нам известно нет, но кое-кто планирует подаваться весной, так что можешь написать вот этому парню. C чего начать, если хочешь изучить R с нуля, но годно? Нормально структурировано начать знакомиться с синтаксисом можно, например, вот тут",https://vk.com/@ikanam-otvety-na-voprosy,пост
для статьи используем ссылку на пост,8,Post для статьи используем ссылку на пост (2018-01-29 00:00:00),". Дальше имеет смысл развиваться в зависимости от тех задач, которые тебе хотелось бы уметь решать. Скорее всего, это будет что-то связанное со статистикой и финансами. По этой тематике можно посмотреть - материалы из репозитория Демешева - курсы на курсере Ясное дело, что имеет смысл смотреть только бесплатные курсы",https://vk.com/@ikanam-otvety-na-voprosy,пост
для статьи используем ссылку на пост,9,Post для статьи используем ссылку на пост (2018-01-29 00:00:00),". Обычно все видео-уроки и тексты домашек находятся в открытом доступе, а доплачивать нужно только за их проверку, которая является излишеством. А вообще, как только у тебя в голове осядет основной синтаксис, просто бери и сам придумывай для себя задачи, которые ты хотел бы закодить. Решение подобных задач позволит тебе лучше прочувствовать язык",https://vk.com/@ikanam-otvety-na-voprosy,пост
для статьи используем ссылку на пост,10,Post для статьи используем ссылку на пост (2018-01-29 00:00:00),". Гугление проблем, которые будут у тебя возникать в ходе решения задач, позволит тебе прокачаться намного круче и быстрее, чем просмотр скучных лекций. Лови пару идей Скачай цены на авиабилеты и попробуй проанализировать с помощью каких-нибудь графов как ты можешь сэкономить на перелётах. Если времени на реализацию подобных безумных идей мало, то сделай своё изучение R полезным для основной учёбы",https://vk.com/@ikanam-otvety-na-voprosy,пост
для статьи используем ссылку на пост,11,Post для статьи используем ссылку на пост (2018-01-29 00:00:00),". Например, запрогай какие-нибудь алгоритмы из методов оптимизации и нарисуй к ним картинки. Или запили ультракрутую картинку для модели Солоу или другой какой-то модели из макры, меняй значения параметров и смотри что происходит. P.S. Возможно, что в ближайшее время факультет купить подписку на Datacamp",https://vk.com/@ikanam-otvety-na-voprosy,пост
для статьи используем ссылку на пост,12,Post для статьи используем ссылку на пост (2018-01-29 00:00:00),". Этот сервис в принципе специализируется на R и Python и там можно найти курсы для этих двух языков на любой вкус. Бесплатно, обычно, доступны только первые главы. Что такое безопасность? Безопасность это отсутствие угрожаемой опасности. Когда киллер? На самом деле хороший вопрос. В прошлом году мы всем отделением играли в киллера",https://vk.com/@ikanam-otvety-na-voprosy,пост
для статьи используем ссылку на пост,13,Post для статьи используем ссылку на пост (2018-01-29 00:00:00),". Игра длилась около трёх месяцев, но при этом спустя первые несколько недель быстро стухла. Есть идея провести игру в весеннем семестре ещё разок, но с немного модернизированными правилами. Хотелось бы разбить всех участников игры на несколько кланов, которые будут друг-друга месить. Правда нужно нормально продумать правила игры",https://vk.com/@ikanam-otvety-na-voprosy,пост
для статьи используем ссылку на пост,14,Post для статьи используем ссылку на пост (2018-01-29 00:00:00),". Правда нужно нормально продумать правила игры. Если кто-то хочет принять в этом участие, напишите об этом вот этому парню.",https://vk.com/@ikanam-otvety-na-voprosy,пост
944,0,Post 944 (2018-01-29 13:13:24),"Всем отличного понедельника! Предыдущий опрос показал, что спрос на вакансии есть, причем неплохой. Поэтому едем дальше! И вообще, если у кого-то есть вопросы какие-либо по теме стажировоккарьеры, то пишите в лс, попробую ответить",https://vk.com/wall-130344439_944,пост
944,1,Post 944 (2018-01-29 13:13:24),". Почему Конев не голосует за консалтинг, Ну и как можно ЦБ и ЦСР приписывать к госструктурам, очевидно же, что это иностранные агенты, id49853608Саш, а ты делаешь разбивку по компаниям, чтобы мониторить наличие открытых позиций в конкретных компаниях",https://vk.com/wall-130344439_944,комментарий
944,2,Post 944 (2018-01-29 13:13:24),"?, id10592581Alexander, 1 тут вроде нечего стесняться и 2 потому что я сам эти вакансии нахожу, id6045249Philip, чтобы понять, что более интересно нашим ребятам - что чаще публиковать, ну и да, чтобы мониторить чуть больше, id49853608Alexander, 0 хотят в консалтинг",https://vk.com/wall-130344439_944,комментарий
944,3,Post 944 (2018-01-29 13:13:24),". Очевидно, что они боятся презрительных комментариев Фокина, id6045249Philip, давно нейросеть написана, id10592581Alexander, тогда пусть мне в лс пишут, гарантирую анонимность!, id10592581Александр, 1 чтобы Филя мог добавить результаты опроса в свою модель",https://vk.com/wall-130344439_944,комментарий
954,0,Post 954 (2018-01-29 16:43:08),"Как вы уже поняли, администраторы оттаяли и вспомнили об опросе, который мы проводили осенью. Вы могли у нас что-то спросить, а мы должны были ответить, помните? Так вот, лучше поздно, чем никогда! Если вдруг еще вопросы появились, то велкам Всегда ваши, ИСК",https://vk.com/wall-130344439_954,пост
954,0,Post 954 (2018-01-29 16:43:08),"почему нет предостережений относительно капустников?, кому эта статья вообще нужна, если не сказано, что капустники и кейсы гавно, Никита, годы идут, а ты все об одном..",https://vk.com/wall-130344439_954,комментарий
954,1,Post 954 (2018-01-29 16:43:08),"., id49853608Александр, почему ты пытаешься сделать кейсерский клуб из моей группы?, id145608859Nikita, в этих ответах нет ни одного слова кейс, о чем ты, id49853608Александр, Привет, ребят",https://vk.com/wall-130344439_954,комментарий
954,2,Post 954 (2018-01-29 16:43:08),"! Есть у кого-нибудь опыт общения с Большой тройкой консалтинг? Было бы безумно интересно послушать Насколько нам известно нет, но кое-кто планирует подаваться весной, так что можешь написать вот этому парню",https://vk.com/wall-130344439_954,комментарий
954,3,Post 954 (2018-01-29 16:43:08),"., id49853608Александр, это что?, id145608859Nikita, работа для норм ребят, id49853608Alexander, ксалтангтинг норм ребята в одном предложении без слова эконометрика . ?, id145608859Nikita, у тебя проблемы с этим?, id49853608Alexander, конечно, ведь первые две категории не могут быть в одном приложении, id145608859Nikita, не шаришь, Мне понравилось, ребят",https://vk.com/wall-130344439_954,комментарий
954,4,Post 954 (2018-01-29 16:43:08),". Круть., Го в соавторы 3, id26579546Максим, но ведь норм ребята знают, что это СОСТОЯНИЕ отсутствия опасности, id18236049Igor, у тебя есть книжка? Ps ребята, которые шарят, понимают, какие слова ключевые в определении, Тут отправили фото, id6045249Philip, Филя. Не лезь. Ты не эксперт в вопросах безопасности",https://vk.com/wall-130344439_954,комментарий
971,0,Post 971 (2018-01-30 22:33:08),"Для тех, кто не смог осенью, но хотел бы. Лично мне формат DMIA показался немного странным. Я так и не понял на какую аудиторию они ориентируются. С одной стороны они обещают интенсив для тех, кто уже что-то знает в анализе данных, с другой стороны они рассказывают всё начиная с базового уровня. В итоге рассказ получается смазанным",https://vk.com/wall-130344439_971,пост
971,1,Post 971 (2018-01-30 22:33:08),". В итоге рассказ получается смазанным. Будучи уже подкованым в ML ты сидишь и думаешь Зачем вы пробегаетесь по лёгкому материалу с такой скоростью? Я и так знаю это. Где интенсив? Будучи неподкованым в ML ты сидишь и думаешь Штааа? Тем не менее, если ты готов столкнуться со Штааа?, почему бы и не попробовать",https://vk.com/wall-130344439_971,пост
971,2,Post 971 (2018-01-30 22:33:08),". Если параллельно с DMIA смотреть какую-нибудь спецаиализацию по ML на курсьере, то, наверное будет норм. P.S. Возможно, что на трэндах, где ребята вроде как смотрят на нейросетки, действительно, есть интенсив. Но это неточно.",https://vk.com/wall-130344439_971,пост
975,1,Post 975 (2018-01-31 13:25:40),"! Надеюсь, вам всем нравится активность, которая происходит в последнее время в группе Начнем чуть более массовую публикацию вакансий Client Specialist Graduate program,Thomson Reuters Как блумберг, только ройтерс Sales Trading Intern, Renaissance Capital Когда-то это была самая крутая инвест компания в России",https://vk.com/wall-130344439_975,пост
975,2,Post 975 (2018-01-31 13:25:40),", отличная возможность начать карьеру в трейдинге Стажировка в Мегафоне Современная компания, интересная отрасль и неплохая строчка в резюме Internship in Moscow, A",https://vk.com/wall-130344439_975,пост
975,3,Post 975 (2018-01-31 13:25:40),".T. Kearney tier-2 страт консалтинг, можно попробовать свои силы для желающих Если понравилось - ставь лайк! Дальше будет больше, тк скоро начнется сезон отбора на стажировки приводите в порядок свои резюме и учитесь писать мотивационные письма",https://vk.com/wall-130344439_975,пост
975,0,Post 975 (2018-01-31 13:25:40),"Каждый раз жду выложенное полное исследование Филиппа и разочаровываюсь, До субботы будет, отвечаю 3, блядь хватит превращать группу в гавнопаблик с рандомными вакансиями, которые любой человек, нуждающийся в работе может блядь найти на finexecutive, id145608859Никита, ну хз, поиск всегда сопряжен с издержками времени, а тут ты сразу видишь основные годные вакансии, например",https://vk.com/wall-130344439_975,комментарий
980,0,Post 980 (2018-01-31 22:00:28),"Вау! Вау! Вау! Подъехала очень крутая вакансия от крутого зептолаба. Всем, кто бегал в прошлом семестре по собеседованиям в поисках стажировок с ML, гипотезами и временными рядами, очень рекомендую. Перед тем, как посылать резюме, напишите id91857120Дмитрий Сергеев. Также ему можно задать все вопросы по поводу работы в Зептолабе. Расскажет во всех тонкостях, во всех подробностях",https://vk.com/wall-130344439_980,пост
980,0,Post 980 (2018-01-31 22:00:28),"Тут отправили фото, P.S. Это они придумали вот это, Если с питоном не очень стоит пробовать?, Если с прикладной мемологией всё в порядке, можем рассмотреть в порядке исключения",https://vk.com/wall-130344439_980,комментарий
985,0,Post 985 (2018-02-02 19:02:59),Пост из рубрики 1000 и 1 способ заработать на своём нире. 25 мая в Академии состоится конкурс индивидуальных научных работ Молодой исследователь,https://vk.com/wall-130344439_985,пост
985,1,Post 985 (2018-02-02 19:02:59),". Молодой исследователь это конкурс индивидуальных научных работ учащихся Академии, проводимый в целях создания организационных и социально-экономических условий для развития научно-исследовательского потенциала Академии, стимулирования научно-исследовательской активности обучающихся и дальнейшей интеграции научной и образовательной деятельности Академии",https://vk.com/wall-130344439_985,пост
985,2,Post 985 (2018-02-02 19:02:59),. Конкурс проводится по следующим научным направлениям Экономические науки Юриспруденция Гуманитарные науки Менеджмент и государственное управление Компьютерные науки и цифровое общество. Подать работу на конкурс и узнать о нем подробнее Победителям предусмотрены денежные премии и возможность стажировки в одном из научных центров Академии. Приглашаем вас к участию в конкурсе,https://vk.com/wall-130344439_985,пост
985,3,Post 985 (2018-02-02 19:02:59),". Приглашаем вас к участию в конкурсе. Хочу также сказать, что данный конкурс теперь будет существовать вместо конкурса ВКР, ранее проводимого в Академии ежегодно.",https://vk.com/wall-130344439_985,пост
987,0,Post 987 (2018-02-02 19:17:11),"В Росгосстрах нужен аналитик BigData. Готовы смотреть людей без опыта работы или студентов с последних курсов или магистратуры. Главное - желание анализировать огромные массивы данных, вычленять риски. Подробнее о вакансии тут Если интересно, пишите мне.",https://vk.com/wall-130344439_987,пост
988,0,Post 988 (2018-02-03 19:05:48),"Подъехал итоговый текст иканам гранд рисёрча. Убил на всё это добро довольно много времени и больше уже не могу его убивать Если есть предложениязамечания, какая-то ссылка не работает и всё такое, пишите в личку. Если просто хотите поболтать о чём-нибудь, тоже пишите",https://vk.com/wall-130344439_988,пост
988,0,Post 988 (2018-02-03 19:05:48),"Какой же ты жесткий., id49853608Александр, и потный, Я уже час читаю, а все ещё на части второй - это нормально?., id33447090Луиза, сам в шоке, в моих глазах оно выглядело короче 3",https://vk.com/wall-130344439_988,комментарий
994,0,Post 994 (2018-02-04 22:10:32),"Отличные новости! Открылась регистрация на универсиаду по эконометрике! Рекомендую 3 и 4 курсу принять в ней участия ибо это довольно крутой, на наш взгляд, опыт!",https://vk.com/wall-130344439_994,пост
994,0,Post 994 (2018-02-04 22:10:32),"Осталось с подготовок и тп, мб кому-то будет полезно, Тут отправили фото",https://vk.com/wall-130344439_994,комментарий
996,0,Post 996 (2018-02-05 18:23:59),"Хотим напомнить, что в сбере идёт набор стажёров. Все, кто ищет опыта на веснулето, не забудьте заполнить анкету и пройти отбор 3",https://vk.com/wall-130344439_996,пост
998,0,Post 998 (2018-02-06 15:36:39),ODS сегодня перезапустили свой курс по ML Подробности ищите в группе ниже.,https://vk.com/wall-130344439_998,пост
999,0,Post 999 (2018-02-06 18:09:13),"В Агентство Стратегических Инициатив АСИ в дирекцию Развитии Регионов, управление Анализ Инвестиционного Климата и Региональных моделей требуется аналитик. Контактная информация av.doroshenkoasi.ru",https://vk.com/wall-130344439_999,пост
1002,0,Post 1002 (2018-02-09 20:17:50),"Бойкот, Кнопку похую плиз, Скатились к политике, отписка, Никогда на выборы не ходил, но в этот раз точно пойду голосовать., Даже тут Путин побеждает, Кто вообще голосует за Титова после всей той фигни, которую он несёт про экономику?",https://vk.com/wall-130344439_1002,комментарий
1007,0,Post 1007 (2018-02-10 00:15:44),"Немного забавной статистики. Приложуха из гранд рисёрча, которая позволяет посмотреть кто кого лайкал в общей сложности проработала около 14 часов чистого времени. То есть пользователи суммарно 14 часов залипали на то кто кого лайкал. Приложуха с тематическими профилями оказалась в два раза менее популярной",https://vk.com/wall-130344439_1007,пост
1007,1,Post 1007 (2018-02-10 00:15:44),". Я сначала хотел поставить в приложухи счётчик, который бы записывал последовательность имён, которую люди вбивают в течение сеанса, но мне стало влом. Поэтому давайте вы в комментах признаетесь кого вбивали 3",https://vk.com/wall-130344439_1007,пост
1011,0,Post 1011 (2018-02-10 22:51:53),Любителям финансов и желающим найти стажировкуустроиться на работу маст визит,https://vk.com/wall-130344439_1011,пост
1012,0,Post 1012 (2018-02-10 23:03:05),Настоящее мероприятие для настоящих аналитиков. Не то что все эти ваши кейсы. Программа митапа Как Data Scientist искал необычных моделей Playboy Вместо тысячи слов или паттерны использования стикеров Романтический нетворкинг. Подробнее по ссылке. Нужно только. P.S. На сайте мэйла в разделе встречи переодически можно найти какие-то интересные ивенты,https://vk.com/wall-130344439_1012,пост
1012,1,Post 1012 (2018-02-10 23:03:05),". Их офис находится на станции метро Аэропорт в паре высоких башен. В эти башни они часто устраивают экскурсии. Если вам интересно посмотреть как работается в мэйле, поесть печеньки и посмотреть на Москву, можно записаться на такую эксурсию",https://vk.com/wall-130344439_1012,пост
1015,0,Post 1015 (2018-02-13 20:06:13),"Всем привет! Столкнулась с такой проблемой не знаю чего бы интересного почитать. Пишите под постом названия любимых книжек по экономике,анализу данных и т.д , а также названия тех книг,которые,на ваш взгляд,должен прочитать каждый уважающий себя экономист Спасибо",https://vk.com/wall-130344439_1015,пост
1015,0,Post 1015 (2018-02-13 20:06:13),"Эконометрика. Носко, Эконометрика, Хайяши, Эконометрика, Грин, Эконометрика, Хансен, сочинения Ленина в сжатом варианте, Макроэкономика, Сакс и Лорейн, Макроэкономика, Ромер, Макроэкономика, Бланшар, Исповедь на заданную тему, Б.Н. Ельцин, Python и машинное обучение, Себастьян Рашка, Игра в бисер Германа Гессе. На полном серьезе",https://vk.com/wall-130344439_1015,комментарий
1015,1,Post 1015 (2018-02-13 20:06:13),". На полном серьезе., Если без шуток, то вот Robert Frank The Economic Naturalist Richard Thaler Nudge, Мне понравилась Экономика всего Аузана, Хулиномика финансовые рынки для гопников-интеллектуалов. Кванты как волшебники от математики заработали миллиарды и чуть не обрушили финансовый рынок., id6045249Philip, публичное распространение пиратской продукции",https://vk.com/wall-130344439_1015,комментарий
1015,2,Post 1015 (2018-02-13 20:06:13),". Репорт, Когда группу заблочат, ты будешь виноват., Т. Драйзер Финансист, Титан, Стоик. И художественное чтиво, и основы рынка ценных бумаг, и основы финансовых махинаций, id3739940Kirill, финансист показался сухим и скучным., Бизнес в стиле фанк достаточно 23 - 34 книги прочитать. Мир в движении., Вот ещё три отличные книги, Тут отправили фото",https://vk.com/wall-130344439_1015,комментарий
1037,0,Post 1037 (2018-02-21 08:07:08),"жесткие мгушники организовывают крутой курс. записывайтесь и покажите, что такое настоящая жесткость.",https://vk.com/wall-130344439_1037,пост
1038,0,Post 1038 (2018-02-24 01:09:50),"Привет! На просторах Telegram появился бот, который сделает вашу жизнь на экономе чуточку проще. Расписание пар, экзаменов - по одному клику. Рекомендации, пожелания - приветствуются!",https://vk.com/wall-130344439_1038,пост
1038,0,Post 1038 (2018-02-24 01:09:50),"Аспирантов добавь, Ради трёх пар, которые они посетят?, id150423338Руслан, Сделаем, id6045249Филипп, ради увОжения А еще интересен, что там за смайл будет Чувствую дед с бородой",https://vk.com/wall-130344439_1038,комментарий
1044,0,Post 1044 (2018-02-28 16:48:16),"Всем привет! Есть просьба пройти небольшой опрос, который позволит выявить основные преимущества и недостатки центров культуры и досуга в глазах москвичей. Ваши ответы с некоторой вероятностью могут повлиять на будущее культурного досуга Москвы! Всем прошедшим большой плюс к карме и человеческое спасибо от меня Ссылка",https://vk.com/wall-130344439_1044,пост
1045,0,Post 1045 (2018-02-28 17:21:20),"Всем привет! У меня появилось пара вакансий, которыми я бы хотел поделиться. Обе с сфере машинного обучения и тому подобного. Первая-начального уровня. У меня сейчас в работе есть новая позиция Data scientist в крупную компанию",https://vk.com/wall-130344439_1045,пост
1045,1,Post 1045 (2018-02-28 17:21:20),". Знания Математическая статистика и теория вероятности Алгоритмы машинного обучения - линейная регрессия, логистическая регрессия, деревья решений, random forest, gradient tree boosting, нейронные сети Программирование на языке Python как плюс, знание numpy, pandas, matplotlib, scikit-learn, xgboost, tensorflow, PySpark или R dplyr, ggplot2, caret, xgboost, mxnet",https://vk.com/wall-130344439_1045,пост
1045,2,Post 1045 (2018-02-28 17:21:20),", ggplot2, caret, xgboost, mxnet, SparkR Задачи Применение алгоритмов машинного обучения для решения поставленных бизнес-задач Сбор данных из внутренних баз данных и работа с внешними источниками информации Подготовка аналитических отчетов и презентация финального продукта заказчику Позиция открыта в крупной российской компании",https://vk.com/wall-130344439_1045,пост
1045,3,Post 1045 (2018-02-28 17:21:20),". Эта роль начального уровня. Возможно, без профильного опыта работы или студент последних курсов. Про фирму ничего особо не знаю, так как позвали когда уже нашел работу. Небольшой комментарий по скиллам-это набор нормального такого мидла если реально все это знать требуется знания основ технологий и вообще о чем они. Вторая вакансия более любопытная",https://vk.com/wall-130344439_1045,пост
1045,4,Post 1045 (2018-02-28 17:21:20),". Вторая вакансия более любопытная. Вакансия в отдел валидации моделей сберана данный момент я там работаю. Подразделение корпоративные модели. Примерное описание вакансии прикладываю к посту. От себя -я работаю не так долго, прям всего не знаю. Но тут бомбезная атмосфера, очень крутой и сильный коллектив. В сам офис добираться относительно удобно и он норм",https://vk.com/wall-130344439_1045,пост
1045,5,Post 1045 (2018-02-28 17:21:20),". Хотят человека с опытом работы, но если сильно хотеть и шарить, то готовы рассмотреть и без опыта. В целом советую, сам попался . А так по всем доп вопросам в личку, если кому и что интересно.",https://vk.com/wall-130344439_1045,пост
1046,0,Post 1046 (2018-03-01 15:28:34),"До 12 марта у 3-4 курсов есть возможность зарегистрироваться на вышкинскую олимпиаду для студентов и выпускников. Победа даёт поступление. В принципе олимпиаду выиграть довольно просто. Приятно когда у тебя есть вариант в виде маги на чёрный день. Лучше пойти в вышку, чем в армию. P.S",https://vk.com/wall-130344439_1046,пост
1046,1,Post 1046 (2018-03-01 15:28:34),". Лучше пойти в вышку, чем в армию. P.S. Это же бесплатно, все го решать задачи на халяву! Наверное, имеет смысл попробовать Математические методы анализа экономики.",https://vk.com/wall-130344439_1046,пост
1046,0,Post 1046 (2018-03-01 15:28:34),"Тут отправили фото, id130106451Екатерина, там ниже список прикреплён, в котором есть математические методы анализа экономики",https://vk.com/wall-130344439_1046,комментарий
1046,1,Post 1046 (2018-03-01 15:28:34),". Я по ней мог поступать на исследовательский, актуарку и прикладную экономику, id6045249Филипп, а на миеф?, по ней вроде нет, id6045249Филипп, не знаешь других направлений, чтобы на миеф можно было? Прост я-профессионал слита, id130106451Екатерина, я хз, там на сайте они вроде в описании профилей пишут какая куда",https://vk.com/wall-130344439_1046,комментарий
1046,2,Post 1046 (2018-03-01 15:28:34),". Там вроде какие-то финансы висят, мб они, id130106451Екатерина, на миэф вроде финансовая экономика",https://vk.com/wall-130344439_1046,комментарий
1054,0,Post 1054 (2018-03-03 17:27:12),"Клевая компания, отличный коллектив, так что дерзайте, кому интересно!",https://vk.com/wall-130344439_1054,пост
1054,0,Post 1054 (2018-03-03 17:27:12),"Сам проходил стажировку тут, так что можете задавать вопросы, Почему меня два раза не позвали во второй тур на летней стажировке в Атон? D, id6045249Philip, провокация! Если честно, то не знаю, человеческий фактор. А ты жалуешься? Мне кажется, твое текущее место работы интереснее",https://vk.com/wall-130344439_1054,комментарий
1056,0,Post 1056 (2018-03-03 23:20:11),На сон грядущий кино с Вициным о теории относительности.,https://vk.com/wall-130344439_1056,пост
1057,0,Post 1057 (2018-03-04 19:46:41),"Если вы бакалавр, вы классный и хотите . бабла за вашу классность, то вы можете подать заявку на стипендию BP. Сделать это можно до 23 марта. С эконома несколько человек получали в бакалавриате стипендию BP. Возможно, они увидят этот пост и надают в комментариях советов как нужно подавать заявку и вести себя на собеседовании.",https://vk.com/wall-130344439_1057,пост
1057,0,Post 1057 (2018-03-04 19:46:41),"На вот этой страничке можно найти ещё немного информации о всяких стипендиях, которые разыгрываются совместно с РАНХиГС. А вообще не стесняйтесь гуглить, есть много сопособов заработать бабла на своей классности., Там ток отличники получают",https://vk.com/wall-130344439_1057,комментарий
для статьи используем ссылку на пост,0,Post для статьи используем ссылку на пост (2018-03-05 00:00:00),"Сезон карьеры объявляется открытым Привет, всех с началом новой недели! Тут внезапно начался отбор на стажировки сразу в несколько крутых компаний. Если что-то заинтересовало, то ИСК крайне рекомендует подаваться как можно раньше так выше вероятность пройти скрининг. Финансы ATON Talent Program Sberbank CIB P.S",https://vk.com/@ikanam-sezon-karery-obyavlyaetsya-otkrytym,пост
для статьи используем ссылку на пост,1,Post для статьи используем ссылку на пост (2018-03-05 00:00:00),". Финансы ATON Talent Program Sberbank CIB P.S. У нас есть выпускники, которые проходили тут стажировки, можете задавать вопросы по отбору Саше. FMCG SANOFI Health Force Colgate-Palmolive Consulting Roland Berger intern Strategy Partners Group internship Ward Howell Talent Equity School Другое СИБУР Всем хорошей недели! Ваш ИСК.",https://vk.com/@ikanam-sezon-karery-obyavlyaetsya-otkrytym,пост
1063,0,Post 1063 (2018-03-05 20:11:33),"Ребята! В прошлом году в начале апреля мы проводили Работающие для безработных. Мы позвали 7 выпускников иканама из разных компаний, и они рассказали о том, как им работается и как они искали себя в этом необъятном мире. В этом году мы хотели бы повторить такую встречу и по аналогии позвать ещё около 7 выпускников эконома, которые затерли бы про свою работу и свою жизнь",https://vk.com/wall-130344439_1063,пост
1063,1,Post 1063 (2018-03-05 20:11:33),". Ясное дело, что такая штука будет проводиться в субботу. Либо в конце марта, либо в начале апреля. Вопрос к студентам вы готовы приехать в субботу на такую встречу? Также стоит сказать, что если вы имеете какое-то отношение к эконому и за вашими плечами есть богатый опыт работы, о котором вы бы хотели поведать, напишите мне в личку",https://vk.com/wall-130344439_1063,пост
1063,2,Post 1063 (2018-03-05 20:11:33),". Вы можете при этом быть студентом 4 курса или магистратуры, главный критерий - наличие интересного опыта, о котором можно было бы рассказать.",https://vk.com/wall-130344439_1063,пост
1063,0,Post 1063 (2018-03-05 20:11:33),"Приеду если будет пропуск, могу приехать, рассказать про путь от экономиста к ds в яндексе, Так, бирман далеко там переехал? Если да, то не приеду, если будет автерпати как в прошлом году, я за Грудинина проголосую. кандидат от народа!",https://vk.com/wall-130344439_1063,комментарий
1067,0,Post 1067 (2018-03-06 09:47:46),"это про консалтинг?, id26579546Максим, про биг дату",https://vk.com/wall-130344439_1067,комментарий
1079,0,Post 1079 (2018-03-11 16:33:11),"Новое расписание в боте уже ждёт тебя Кстати, теперь в боте есть новости с сайта! Если меню не обновилось, отправьте start , в дальнейшем этого не потребуется.",https://vk.com/wall-130344439_1079,пост
1079,0,Post 1079 (2018-03-11 16:33:11),"Вот чисто из-за мема пользоваться не буду, id37280099Ilya, ты какой то нонконформист, на тусовки не ходишь из-за Фили, ботом не пользуешься из-за мема, хм., id10592581Александр, Не продолжил сюжет не хожу на выборы из-за того-кого-нельзя-называть.",https://vk.com/wall-130344439_1079,комментарий
1085,0,Post 1085 (2018-03-17 12:15:51),"На просторах инета наткнулся на замечательный практический учебник по анализу и прогнозированию временных рядов. В каждой главе приведены основные теоретические выкладки и самое важное - код в R. Там очень много полезных функций, особенно для красивых графических иллюстраций. Особенно актуально дипломникам.",https://vk.com/wall-130344439_1085,пост
1086,0,Post 1086 (2018-03-17 19:39:38),"Для тех, кто так и не смог в матан, но не оставляет надежд когда-нибудь смочь. Если вы можете в матан и хотите мочь ещё жёстче, то гляньте очень крутые видяхи Шапошникова Если вы предпочитаете матану личную жизнь, то просто поставьте лайк под первый коммент к посту.",https://vk.com/wall-130344439_1086,пост
1086,0,Post 1086 (2018-03-17 19:39:38),"Я предпочитаю личную жизнь., club130344439Иканам Стьюдентс Коммьюнити, так ведь математика личная жизнь, Иканам, с матаном зато секс будет 100",https://vk.com/wall-130344439_1086,комментарий
1095,0,Post 1095 (2018-03-25 01:14:00),"отличные вакансии для студентов, особенно первая A minimum of 6 years work experience in Investment Banking Спасибо!, id145608859Nikita, откуда ты знаешь, вдруг среди подписчиков такие есть, Раз в год палка стреляет?, id6045249Philip, именно, id145608859Nikita, ты че во время обучения в IB не подрабатывал?",https://vk.com/wall-130344439_1095,комментарий
1096,0,Post 1096 (2018-03-25 22:30:13),"Поздравляем всех, кто прошёл во второй этап и желаем вам удачи в нём",https://vk.com/wall-130344439_1096,пост
1104,0,Post 1104 (2018-03-29 16:10:39),"вариант для тех, кто готов к неоплачиваемой стажировке ради опыта",https://vk.com/wall-130344439_1104,пост
1104,0,Post 1104 (2018-03-29 16:10:39),Я бы задумался. Там всегда эта стажировка была бесплатной.,https://vk.com/wall-130344439_1104,комментарий
1105,0,Post 1105 (2018-03-29 21:05:08),"Плиз кто-нибудь, намутите массовое бухалово, оч надо.",https://vk.com/wall-130344439_1105,пост
1105,0,Post 1105 (2018-03-29 21:05:08),"А че анонимно то., Напоминаю, что алкоголь вредит вашему здоровью!, Это ещё в ленте и большим текстом отображается, шикарно 3, id18236049Игорь, танцы вреднее, id6045249Philip Ulyankin, запили, тут люди просят",https://vk.com/wall-130344439_1105,комментарий
1113,0,Post 1113 (2018-04-02 13:47:00),"Сегодня в полдень открылась регистрация на самый крупный дата сайнс митап года Datafest. Фест организуется Open Data Science ODS сообществом и он очень годный. На нём вас ждут крутые стикеры, спикеры и куча общения. Записи прошлых лет можно найти на страничке феста Либо на ютубе",https://vk.com/wall-130344439_1113,пост
1115,0,Post 1115 (2018-04-03 12:30:28),"ЦБ ищет стажёров. На мой скромный взгляд с нашим курсом макры и метрики, мы идеально подходим для работы в ЦБ 3",https://vk.com/wall-130344439_1115,пост
1116,0,Post 1116 (2018-04-03 16:03:02),"Всем привет! Мои знакомые агентство Сокур и партнеры, ищут digital-аналитика. Обязанности 1 Настройка и работа с мониторинговыми системами YouScan, Brand Analytics, BrandWatch, Popsters и др",https://vk.com/wall-130344439_1116,пост
1116,1,Post 1116 (2018-04-03 16:03:02),. 2 Обработка и сортировка больших массивов данных о брендах в сети 3 Выделение и анализ трендов на основе собранной информации 4 Тесное сотрудничество с отделами SMM и ORM,https://vk.com/wall-130344439_1116,пост
1116,2,Post 1116 (2018-04-03 16:03:02),", совместное выстраивание коммуникативной стратегии 5 Ведение повседневной онлайн-отчетности в Google Docs 6 Подготовка ежемесячных аналитических отчетов в рамках текущих проектов Требования Высшее образование Опыт релевантной работы от полугода Знание основ performance marketing, понимание системы kpi для различных digital-инструментов контекстная реклама, таргетированная реклама и т",https://vk.com/wall-130344439_1116,пост
1116,3,Post 1116 (2018-04-03 16:03:02),".д. Будет преимуществом опыт работы с мониторинговыми системами ! На самом деле эти требования не так важны, главное чтобы человек был толковый, не ленивый, имел аналитический склад ума и был готов изучить что-то новое. Зп по итогам собеседования Уютный офис в центре Москвы Резюме можно прислать Алёне на почту a.georgievasokur-pr.ru.",https://vk.com/wall-130344439_1116,пост
1117,0,Post 1117 (2018-04-03 22:27:41),Следующая неделя - девятая. Пришло время ежемодульной тусы. Когда тусим?,https://vk.com/wall-130344439_1117,пост
1120,0,Post 1120 (2018-04-07 00:08:04),Отличная возможность для желающих работать в финансах!,https://vk.com/wall-130344439_1120,пост
1120,0,Post 1120 (2018-04-07 00:08:04),"Надеюсь тут не будет лайков, id18236049Игорь, саси, id18236049Igor, тут только посты Филя гей собирают лайки, id6045249Philip Ulyankin гей",https://vk.com/wall-130344439_1120,комментарий
1126,0,Post 1126 (2018-04-09 15:24:29),"Норм тема для тех, кто хочет анализировать данные и связать жизнь с финансами. Аналитик отдела стратегического риск-менеджмента в Райффайзенбанк",https://vk.com/wall-130344439_1126,пост
1128,0,Post 1128 (2018-04-11 13:14:24),"Из-за того, что один из организаторов не захотел возиться с депозитами, а другой организатор все равно поедет отдавать депозит, ежемодульная туса состоится уже в эту пятницу 13.04 в Дакстарсе на Маяковской в 1830! Бронь на имя Лиза",https://vk.com/wall-130344439_1128,пост
1129,0,Post 1129 (2018-04-11 18:56:01),"Всем привет! Ищем студентов 3-6 курса на оплачиваемую практику в центр экономического моделирования энергетики и экологии ИПЭИ, на 10-15 часов в неделю. Практика дает возможность попробовать себя в работе по специальности",https://vk.com/wall-130344439_1129,пост
1129,1,Post 1129 (2018-04-11 18:56:01),". Вакансия предполагает работу со статьями, сбор статистики и написание статейотчетов, при желаниивозможности работу в программе R и GAMS гибкий рабочий график, с возможностью удаленной работы. Задачи и методы работы обсуждаемы. контактный email potashnikov.vugmail.com",https://vk.com/wall-130344439_1129,пост
1131,0,Post 1131 (2018-04-21 15:25:42),"Помогите нашему студенту в рисерче. Пожалуйста пройдите небольшой опрос, он займет менее 5 минут.",https://vk.com/wall-130344439_1131,пост
для статьи используем ссылку на пост,0,Post для статьи используем ссылку на пост (2018-04-23 00:00:00),"Мини-карьерная пятница Всем привет! Тут 2 интересные вакансии для вас -Стажер в Big Data, Tele2 -Data Science internship, SAP Скоро сделаем пост со всеми ресурсами, где можно искать вакансии, а пока отличной пятницы, друзья!",https://vk.com/@ikanam-mini-karernaya-pyatnica,пост
1143,0,Post 1143 (2018-04-26 17:28:17),"Вперёд Россия, вперёд эконом!, Всем трём участникам советуем прийти завтра на награждение! Ждём!, club65099143Универсиада по эконометрике, в прошлом году один, в этом трое. Уже можно экстраполировать",https://vk.com/wall-130344439_1143,комментарий
1145,0,Post 1145 (2018-04-27 13:10:27),"такс такс, наканец та стажировочки по силам бакалаврам иканома подъехали 1.Relevant work experience internships within Investment Banking Private Equity Management Consulting 3.Prior internship experience in IB, strategy consulting Big3, PEVC, Big4 valuation corporate finance is required 6",https://vk.com/wall-130344439_1145,комментарий
1145,1,Post 1145 (2018-04-27 13:10:27),". Знание языка Английский Свободный Обязательно Китайский Свободный Опционально Корейский Свободный Опционально Японский Свободный Опционально, id145608859Nikita, а что тебя смущает? Да, мы жесткие все тут, id145608859Nikita, ты че после маги до сих пор не имеешь года опыта в VC",https://vk.com/wall-130344439_1145,комментарий
1145,2,Post 1145 (2018-04-27 13:10:27),"?, id10592581Alexander, просто совсем в свою эконометрику ушёл, его можно понять, id49853608Alexander, просто какие то упражнения, толи дело мы консалтеры, id6045249Philip, за себя говоришь? Быстро ты из датасаентиста в консалтера перебежал, а если по серьезке, то мб всё-таки будем чуток поадекватнее смотреть на требования, которые указываются на входе, если уж делаем подборки",https://vk.com/wall-130344439_1145,комментарий
1145,3,Post 1145 (2018-04-27 13:10:27),"?, id6045249Филипп, вот об этом и разговор, Может хватит постить стажировки из Голдман сакс и начать постить стажировки в И ПЭ И?",https://vk.com/wall-130344439_1145,комментарий
1145,4,Post 1145 (2018-04-27 13:10:27),"., id6045249Philip, эт не я, если что, id145608859Nikita, находишь - пости",https://vk.com/wall-130344439_1145,комментарий
1161,0,Post 1161 (2018-05-01 14:40:48),Мы расширяемся. В этом году уже двое студентов стали призёрами Универсиады по эконометрике! Мы поздравляем Илью Дурова и Ваню Максимова и ждём новых призёров и победителей от нашего отделения в следующем году!,https://vk.com/wall-130344439_1161,пост
1163,0,Post 1163 (2018-05-03 18:09:24),"Всем привет. Хотим сообщить, что 19 мая суббота пройдёт Работающие для ещё не вышедших на рынок труда - 2018! Мы подумали, что будет интересно позвать людей, которые не так давно выпустились с эконома и сейчас работают в разных интересных местах, чтобы они рассказали о том, как трудоустроились, что делают и какие эмоции от своей работы получают. Ну и ,собственно, зовём во второй раз",https://vk.com/wall-130344439_1163,пост
1163,1,Post 1163 (2018-05-03 18:09:24),". Ну и ,собственно, зовём во второй раз. Пока что просто анонсируем мероприятие. Список из спикеров выложим чуть позже, так как пока договариваемся. Если у вас есть что рассказать, ещё не поздно написать нам но это неточно. Планируется 3-х часовая серия из спичей. После в планах афтерпати. Хотим закупиться всяким разным и пойти на ночь в ПГ. Будем встречать рассвет на мосту и мечтать о будущем",https://vk.com/wall-130344439_1163,пост
1163,2,Post 1163 (2018-05-03 18:09:24),". На мероприятиях будем раздавать иканамовские стикеры. Если кто-то что-то нарисовал, скидывайте мне в личку. Если вы уже кидали мне в личку, киньте плиз ещё раз. Скорее всего, я забыл, что вы их мне присылали. Если вас прямо сейчас торкнуло нарисовать, рисуйте! Заказывать печать буду примерно 12го числа. Чуть позже опубликуем информацию о спикерах. Приходите, будет интересно.",https://vk.com/wall-130344439_1163,пост
1163,0,Post 1163 (2018-05-03 18:09:24),"А во сколько начало примерно? Утром?, Начало толи в 12, толи в 14. Напишу точно, когда будет точная инфа, club130344439Иканам Стьюдентс Коммьюнити, если возможно и удобно, можно пораньше? т.е. в 12, Зависит от аудиторий, там ж с ними трэш по дефолту",https://vk.com/wall-130344439_1163,комментарий
1169,0,Post 1169 (2018-05-13 16:42:26),"Для кого-то первая попытка пройти, для кого-то вторая, для некоторых третья. Ещё один шанс преодолеть свою лень.",https://vk.com/wall-130344439_1169,пост
1170,0,Post 1170 (2018-05-15 14:24:50),"Для тех, кто хочет летом недельку-другую пожить в палатках и поизучать R. Дедлайн по отборочному заданию - 20 мая. Есть и другие мастерские - Deep learning и ТеорВер.",https://vk.com/wall-130344439_1170,пост
1170,0,Post 1170 (2018-05-15 14:24:50),"О, это крутая штука 3 Знал бы о ней на 2-3 курсе, полюбак сгонял бы",https://vk.com/wall-130344439_1170,комментарий
1172,0,Post 1172 (2018-05-16 22:37:55),"Всем привет! Уже на этой неделе, в субботу, пройдёт Работающие для не вышедших на рынок труда. Мы соберём в одной аудитории несколько выпускников, которые расскажут вам о пути своего становления, поиске работы и себя. Будет интересно. Приходите 19 мая в 1400 в 6 корпусе в 5 зале. Это находится на 3 этаже. У нас будут следующие спикеры 1 Конев Саша, Мага во франции туда и обратно",https://vk.com/wall-130344439_1172,пост
1172,1,Post 1172 (2018-05-16 22:37:55),". 2 Кочеткова Полина, МТС. 3 Данильченко Лёня, Яндекс, Из экономистов в Data Science 4 Дуров Илья, McKinsey, Big-3 гибкая, как LaTeX, стажировка. 5 Свистельникова Таня, МТС, Its Time - твоя стажировка в этом году 6 Фокин Никита, Лаборатория математического моделирования экономических процессов ИПЭИ РАНХиГС, Почему наука круто После встречки закупаемся бухлом и большой компанией идём в ПГ",https://vk.com/wall-130344439_1172,пост
1172,2,Post 1172 (2018-05-16 22:37:55),. Там вас ждёт кулуарное общение и все настоящие корпоративные секреты. Может быть даже приглашения на стажировки.,https://vk.com/wall-130344439_1172,пост
1172,0,Post 1172 (2018-05-16 22:37:55),"макс репост, туда-сюда 3, Если кому-то нужен пропуск, напишите мне в лс",https://vk.com/wall-130344439_1172,комментарий
1176,0,Post 1176 (2018-05-18 19:07:55),"Привет всем! Ниже вы можете найти стажировку в лаборатории анализа данных PwC. Думаю, тем, кто интересуется Data Science будет интересно Еще коллеги из PwC попросили узнать, скольким студентам на иканаме было бы интересно послушать лекции по анализу данных поучаствовать в каких-то мероприятиях на данную тематику",https://vk.com/wall-130344439_1176,пост
1176,1,Post 1176 (2018-05-18 19:07:55),". Если вам были бы интересны подобные мероприятия, отпишитесь в комментах или мне в личку",https://vk.com/wall-130344439_1176,пост
1179,0,Post 1179 (2018-05-20 18:31:51),"Всем привет. Обратная связь по работающим для безработных. Плиз заполните анкету. Особенно те, кто не пришёл. Нам важно ваше мнение.",https://vk.com/wall-130344439_1179,пост
1180,0,Post 1180 (2018-05-21 19:16:17),"Ну-ка ребят, кто сколько оттенков отличает? Пока в чатике рекорд 41 ! Посмотрим, различают ли девушки оттенки лучше Пишите уровень в комментах.",https://vk.com/wall-130344439_1180,пост
1180,0,Post 1180 (2018-05-21 19:16:17),"27, 20, 40, 41 тоже у девушки кстати, цвета всего три, вы что ргб, у меня 14, но все еще легче, чем найти различия у девушки до и после стрижки. на самом деле все потому, что мужская особь - охотник и надо различать резкие отличия в цвете на полев лесу, а женская-собиратель и надо видеть зеленую хуйню на зеленой хуйне., id3577476Nikita, на минималках Это ясно, вот и тестим, 19",https://vk.com/wall-130344439_1180,комментарий
1180,1,Post 1180 (2018-05-21 19:16:17),". Как, как вы видите ещё больше цветов??, , у меня пока что 25, 15, 32, 16, id420792401Максим, сверхчеловек, id420792401Максим, ты вместо пар цвета что-ли весь год разглядывал?, 24",https://vk.com/wall-130344439_1180,комментарий
1192,0,Post 1192 (2018-05-21 23:11:59),"Недавно открылась регистрация на именную стипендию сбера. На неё могут претендовать магистры и аспиранты. Если вы сейчас поступаете в магистратуру, вы также можете принять участие если я правильно понял. Правила конкурса вы придумываете идею, которая вытащит сбер из где получали, туда и идите, описываете её в виде пары абзацев",https://vk.com/wall-130344439_1192,пост
1192,1,Post 1192 (2018-05-21 23:11:59),". Если она нравится оргам, они пускают вас в тур, где надо сделать презу и видео с более подробным рассказом про идею. Если им нравится видео, вас приглашают в офис на заключительный этап. Пара советов - Толкните им что-нибудь, что в любом случае будете делать. Я толкнул им свой НИР. - Если вы не умеете делать норм презы, попросите вам помочь того, кто умеет. - Мы снимали видео на айфон",https://vk.com/wall-130344439_1192,пост
1192,2,Post 1192 (2018-05-21 23:11:59),". - Мы снимали видео на айфон. Они не ждут от вас операторской работы от бога. - Если вы вдруг получили стипендию и вас зовут в сбер на стажировку, имейте в виду как только стажировка кончится и вас возьмут на позицию, выплата стипендии закончится. Сотрудники сбера не могут претендовать на денежные выплаты. Возможно, вас забудут предупредить об этом при найме",https://vk.com/wall-130344439_1192,пост
1200,0,Post 1200 (2018-05-23 11:15:07),"разве пол опрашиваемого не важен?, id53874035Камила, в этом году это только начальное исследование, где для меня важен только возраст и критерии",https://vk.com/wall-130344439_1200,комментарий
1200,1,Post 1200 (2018-05-23 11:15:07),". В следующем году будет проведен более обширный опрос, Если будешь продолжать пилить анкеты, то обязательно после первого семестра метрики прочти вот это, id6045249Филипп, Спасибо, А потом результаты этого опросика вместо НИРа пойдут в розовый графичек по студактивным пабликам., Тут отправили фото",https://vk.com/wall-130344439_1200,комментарий
1207,0,Post 1207 (2018-05-24 16:22:48),Всем привет. В последнее время люди часто просят ивзгляды EViews. Его можно скачать с гугл-диска одного рисёрча по этой ссылке. Просто скачайте папку и положите его в удобное место. Программу запускайте через иконку EV7Launcher не EViews7 .,https://vk.com/wall-130344439_1207,пост
1207,0,Post 1207 (2018-05-24 16:22:48),"Вот мои некоторые студенты 3 курса до сих пор не в состоянии скачать. И это печалит., я бы на их месте качал бы R 3",https://vk.com/wall-130344439_1207,комментарий
1214,0,Post 1214 (2018-06-01 11:50:35),"То самое чувство, когда ты тоже можешь посмотреть стримчик 00000",https://vk.com/wall-130344439_1214,пост
1214,0,Post 1214 (2018-06-01 11:50:35),"Цирк с камерами, id18236049Игорь, ток что наконец посмотрел0 съёмка слишком хуевая, Вот кстати говоря, когда мы бухаем, ты всё время затираешь что тип Европа грабила колонии и поэтому богатая. Энтов наоборот говорит, что в колониальную эпоху был приток капитала из Европы в колонии самый огромный, а в 20 веке наоборот всё начало происходить. Короч, задумайся..",https://vk.com/wall-130344439_1214,комментарий
1214,1,Post 1214 (2018-06-01 11:50:35),". Короч, задумайся., id6045249Филипп, ага Энтов сказал классическую мысль что збс там где топовые ПРАВА СОБСТВЕННОСТИ. Но вряд ли они появятся в странах, где гражданами этих стран торговали как обычным товаром. И торговали как раз страны, где сейчас права собственности заебись., id6045249Филипп, да и мысли про падение производительности труда в СССР мы так и не поняли",https://vk.com/wall-130344439_1214,комментарий
1214,2,Post 1214 (2018-06-01 11:50:35),"., id18236049Игорь, ну если бы побольше поторговали, было бы больше капитала и всё было бы после революций иначе. Чёртовы антиколониалисты виноваты во всех бедах третьего мира. Слишком рано начали освобождаться., id6045249Филипп, нихуя не понял суть в том что была классическая эксплуатация граждан других стран и территорий",https://vk.com/wall-130344439_1214,комментарий
1215,0,Post 1215 (2018-06-03 16:15:42),"Кто-то когда-то спрашивал, как выбирать количество бутстраповских повторений на практике. Вот хорошая статья на эту тему dwkapubp1125.pdf",https://vk.com/wall-130344439_1215,пост
1217,0,Post 1217 (2018-06-05 13:03:04),"лойс за лассо, Целая книга только про Lasso?! Четвёртую кстати довольно давно прочесть хотел 3, id6045249Филипп, вторая и третья почти целиком про лассо - ну а что, тема активно развивается, много новых результатов появилось",https://vk.com/wall-130344439_1217,комментарий
1220,0,Post 1220 (2018-06-05 19:11:28),"Если кто хочет стикеров с датафеста, остатки валяются в блумберге",https://vk.com/wall-130344439_1220,пост
1222,0,Post 1222 (2018-06-07 14:09:39),Пока меня еще не удалили с этой группы. Важная статья о выборе между моделями и проблемами оценивания в зависимости от процедур выбора модели,https://vk.com/wall-130344439_1222,пост
1222,0,Post 1222 (2018-06-07 14:09:39),"кейсерское лобби пытается, но эконометрическое лобби в лице меня им не позволит, кейсеры сасаттб, Насколько велика твоя башня?",https://vk.com/wall-130344439_1222,комментарий
1226,0,Post 1226 (2018-06-11 02:09:34),"Всем привет! Те, кто юзает пиратский евьюз из наследия и хочет немного проапгрейдиться, ловите ссылку на 10 евьюз.",https://vk.com/wall-130344439_1226,пост
1227,0,Post 1227 (2018-06-11 22:52:00),Два крутых экономиста спорят. Посмотреть на три мнения можно 21 июня. Регистрация по ссылке.,https://vk.com/wall-130344439_1227,пост
1230,0,Post 1230 (2018-06-15 09:48:43),"Памятка от Татьяны Михайловой 1 НИР, она же научно-исследовательская работа. Что производится в ходе этой работы? Ведь любая работа зачем-то делается. В ходе НИР производится не замаранная бумага, не текст, не удовольствие читающего это научрука. В ходе НИР производится новое знание. У нас был какой-то вопрос, ответа на который мы не знали. Мы что-то сделали, чтоб на него ответить ну как могли",https://vk.com/wall-130344439_1230,пост
1230,1,Post 1230 (2018-06-15 09:48:43),". И мы рассказали об этом миру. Рассказали, каким вопросом мы задались, что мы делали, чтоб на него ответить, и что получилось - вот это отчет по НИР. Пересказ учебника НИР не является. Перечисление известных фактов НИР не является. Даже пересказ нескольких научных статей НИР не является. 2 Целью НИР не может быть анализ позитивных изменений. в жизни сусликов",https://vk.com/wall-130344439_1230,пост
1230,2,Post 1230 (2018-06-15 09:48:43),". в жизни сусликов. Когда мы начинаем НИР, мы не знаем ответа на наш вопрос. Можно проанализировать сусликов и обнаружить, что в их жизни произошли изменения. Либо положительные, либо отрицательные. Либо не произошли. Мы честно посмотрим на сусликов, непредвзято, заранее не зная, видим мы их или нет. И об этом мы расскажем миру всю правду. Как-то так. Ну и к научруку надо иногда заходить",https://vk.com/wall-130344439_1230,пост
1230,3,Post 1230 (2018-06-15 09:48:43),". Ну и к научруку надо иногда заходить. Она хоть и старая маразматичка, но иногда чем-то поможет. Суслик с Эльтона для привлечения внимания. Я их не видела, они от топота бегунов разбежались. Фото нагуглилось из ЖЖ ПостороннимВ.",https://vk.com/wall-130344439_1230,пост
для статьи используем ссылку на пост,0,Post для статьи используем ссылку на пост (2018-06-18 00:00:00),"Как стать дата саентистом Внимание! Этот гайд устарел. Свежую версию ищи тут Примечаение Далее по тексту дата саентист, дата сатанист, дата саунист и даже дата шрушер это синонимы, обозначающие профессию, связанную с анализом данных. Почему шрушер? Попробуйте покопаться в грязных данных и поймёте",https://vk.com/@ikanam-kak-stat-data-saentistom,пост
для статьи используем ссылку на пост,1,Post для статьи используем ссылку на пост (2018-06-18 00:00:00),". В последнее время мне в личку сыпется большое количество вопросов в стиле Я хочу мочь в питон, обучать машины и нейросетями крутить. Я уже выучил определение производной. Что мне делать дальше? Я не против поговорить в личке. Не против даже пойти кофе попить и лично поговорить даже если мы редко общаемся",https://vk.com/@ikanam-kak-stat-data-saentistom,пост
для статьи используем ссылку на пост,2,Post для статьи используем ссылку на пост (2018-06-18 00:00:00),". Но всё-равно решил накатать свой лонгрид со своим видением того, как можно стать дата шрушером. Этот лонгрид я пишу в первую очередь для студентов эконома РАНХиГС. По тексту переодически будут всплывать какие-то особенности, присущие нашему факультету. Если вы не являетесь экономистом, просто игнорируйте эти особенности. Сразу же стоит оговорить пару вещей",https://vk.com/@ikanam-kak-stat-data-saentistom,пост
для статьи используем ссылку на пост,3,Post для статьи используем ссылку на пост (2018-06-18 00:00:00),". Сразу же стоит оговорить пару вещей. Во-первых, Москва это один из лучших городов в мире в плане бесплатного дата-саенс образования. Обычно, если с вас за что-то требуют деньги и говорят, что научат нейросети клепать, то, скорее всего, это полная фигня, которую скопировали из интернета на волне хайпа для сбора даларов. Весь лонгрид будет состоять из бесплатных либо частично бесплатных вещей",https://vk.com/@ikanam-kak-stat-data-saentistom,пост
для статьи используем ссылку на пост,4,Post для статьи используем ссылку на пост (2018-06-18 00:00:00),". Я не вижу смысла платить за образование низкого качества, в то время как можно легко получить бесплатно образование высокого качества. Плюс ко всему прочему, кто сказал, что вам понравится становиться дата сатанистом. Мало ли, в середине процесса придёт осознание, что вам больше хотелось бы быть консультантом. А тут вы ещё и за какой-то очный курс заплатили. Неприятно",https://vk.com/@ikanam-kak-stat-data-saentistom,пост
для статьи используем ссылку на пост,5,Post для статьи используем ссылку на пост (2018-06-18 00:00:00),". Неприятно. Ошибаться при обучении и поиске себя хочется бесплатно. Но, впрочем, об этом будет отдельный лонгрид. Часто в перечнях курсов будет встречаться coursera.org. На курсере есть два типа курсов. Полностью бесплатные, где просят денег за сертификат о прохождении, который просто-напросто не надо покупать, он бесполезный",https://vk.com/@ikanam-kak-stat-data-saentistom,пост
для статьи используем ссылку на пост,6,Post для статьи используем ссылку на пост (2018-06-18 00:00:00),". И с бесплатным контентом видео, код, презентации, но платной проверкой домашек. Тем не менее, никто не мешает делать домашки для себя. Просьба если какой-то из курсов, упоминаемых в лонгриде вдруг закрыл свой контент для бесплатного использования, сообщите об этом мне, мы его удалим из лонгрида. Во-вторых, в этом лонгриде изложено моё личное мнение, с которым читатель может не согласиться",https://vk.com/@ikanam-kak-stat-data-saentistom,пост
для статьи используем ссылку на пост,7,Post для статьи используем ссылку на пост (2018-06-18 00:00:00),". Ежели это так, добро пожаловать в комментарии. И да пребудет с нами холивар и содомия. В-третьих, меня переодически будет заносить в какие-то странные рассуждения, и я буду использовать термины, которые вы можете ещё не знать. Например, несмещённость, линейная регрессия и тп. Не отчаивайтесь. Игнорируйте эти термины и попробуйте уловить суть без них",https://vk.com/@ikanam-kak-stat-data-saentistom,пост
для статьи используем ссылку на пост,8,Post для статьи используем ссылку на пост (2018-06-18 00:00:00),". Дата шрушер в одной картинке На самом деле дата шрушер это Змей Горыныч. Тело этого Горыныча это анализ данных. Головы змея это математика, программирование и здравый смысл. Тело не может существовать без голов. Как стать дата саентистом, изображение 1 Ниже мы будем обсуждать каждую из голов по очереди",https://vk.com/@ikanam-kak-stat-data-saentistom,пост
для статьи используем ссылку на пост,9,Post для статьи используем ссылку на пост (2018-06-18 00:00:00),". Сначала я буду описывать зачем эта голова нужна анализу данных, потом буду приводить список курсов, которые можно попробовать освоить для наработки компетенций. После будет набор более опциональных курсов. Курсов в этих списках будет оооочень много. Мне лишь хотелось наметить траекторию развития. В рамках этой траектории вы можете выбрать всё, что вам заблагорассудится",https://vk.com/@ikanam-kak-stat-data-saentistom,пост
для статьи используем ссылку на пост,10,Post для статьи используем ссылку на пост (2018-06-18 00:00:00),". На самом деле, ни в коем случае не стройте программу своего развития как сначала я выучу всю возможную математику, потом научусь прогать, а потом уже модели из машинки и метрики ботать буду. Вам нужно набрать из каждого пласта минимальное количество навыков, а дальше развивать все головы параллельно. Иначе вы ничему не научитесь и застопоритесь. Однопоточность зло. Распараллеливание благо",https://vk.com/@ikanam-kak-stat-data-saentistom,пост
для статьи используем ссылку на пост,11,Post для статьи используем ссылку на пост (2018-06-18 00:00:00),". Однопоточность зло. Распараллеливание благо. Если вы студент первого-второго курса, сделайте акцент в своём развитии на математике и проганье. Не бегите впереди паровоза. Когда будете чувствовать себя в этом более-менее уверенно, переходите к анализу данных. Если вы студент 3-4 курса, то у вас уже есть хорошая компетенция в математике и какая-то компетенция в проганье",https://vk.com/@ikanam-kak-stat-data-saentistom,пост
для статьи используем ссылку на пост,12,Post для статьи используем ссылку на пост (2018-06-18 00:00:00),". Если вы ещё не проходили курс эконометрики на курсере, пройдите его. Если уже проходили, пройдите базовые курсы по питону pythontutor и, если хочется, ещё что-то, а после сразу же переходите на курс про введение в анализ данных от МФТИ и Яндекса. Аналогично для более старых студентов. А теперь обо всём по порядку. Математика Анализ данных невозможен без хорошего знания математики",https://vk.com/@ikanam-kak-stat-data-saentistom,пост
для статьи используем ссылку на пост,13,Post для статьи используем ссылку на пост (2018-06-18 00:00:00),". Вся работа дата саентиста состоит в переводе жизненных проблем на язык математики, и последующем применении её мощных методов. К сожалению, есть люди, которые пытаются осваивать анализ данных на пальцах, без глубокого погружения в поднаготную моделей",https://vk.com/@ikanam-kak-stat-data-saentistom,пост
для статьи используем ссылку на пост,14,Post для статьи используем ссылку на пост (2018-06-18 00:00:00),". Такой подход простителен менеджерам, маркетологам и другим гуманитариям, которые просто хотят быть в тренде и собираются иметь косвенное отношение к анализу данных. Для них важно примерно понимать, что делают аналитики и просто быть с ними на одной волне. Если вы собираетесь быть профессиональным аналитиком, а не менеджером, то тупого изучения функционала разных пакетов, недостаточно",https://vk.com/@ikanam-kak-stat-data-saentistom,пост
для статьи используем ссылку на пост,15,Post для статьи используем ссылку на пост (2018-06-18 00:00:00),". Обычно людей, которые разбираются только в функционале пакетов, но при этом не понимают что они делают или разбираются в этом совсем на пальцах называют data monkey. Настоящий аналитик должен чётко понимать, какая математика стоит за каким алгоритмом. Это помогает видеть их недостатки и чётко понимать в каких ситуациях какая модель точно не взлетит",https://vk.com/@ikanam-kak-stat-data-saentistom,пост
для статьи используем ссылку на пост,16,Post для статьи используем ссылку на пост (2018-06-18 00:00:00),". Более того, это помогает совершенствовать алгоритм под текущую задачу и придумывать нестандартные пути для решения проблемы. На собеседовании, в любую уважающую себя компанию, вам обязательно зададут вопрос про то, что вшито внутрь моделей, как они обучаются и почему это происходит именно так. Либо зададут какой-нибудь более глубокий вопрос, в ходе которого всплывёт ваше незнание",https://vk.com/@ikanam-kak-stat-data-saentistom,пост
для статьи используем ссылку на пост,17,Post для статьи используем ссылку на пост (2018-06-18 00:00:00),". На рынке профессий, связанных с анализом данных существует очень большой дефицит. Квалифицированных кадров не хватает. Из-за этого на многие позиции людей ищут по полгода, а то и дольше. Не хочется, чтобы на вакансию, где платят много даларов, попала data monkey, из-за этого проводят много собесов. Хотите много даларов? Разбирайтесь в том, как устроены модели. Мотивация, я думаю, ясна",https://vk.com/@ikanam-kak-stat-data-saentistom,пост
для статьи используем ссылку на пост,18,Post для статьи используем ссылку на пост (2018-06-18 00:00:00),". Мотивация, я думаю, ясна. Давайте посмотрим каким математическим скилам необходимо посвятить своё время в первую очередь. Дата шрушеру необходимы Хорошее знание теории вероятностей и математической статистики. Весь анализ данных это сплошной тервер с разными плотностями, функциями правдоподобия и гипотезами. Если вы плохо знаете тервер и матстат, выучите их! Хорошее знание линейной алгебры",https://vk.com/@ikanam-kak-stat-data-saentistom,пост
для статьи используем ссылку на пост,19,Post для статьи используем ссылку на пост (2018-06-18 00:00:00),". Все данные, которые попадают в наши руки - это матрицы. Неудивительно, что все модели утыкаются в линал. Если вы плохо представляете себе как, посмотрите видео про путь от матриц к большим данным для самых маленьких. Хорошее знание математического анализа. Обучение моделей держится на дифференцировании да градиентах. Изредка встречаются интегралы. Хорошо бы мочь в дифференциальное исчисление",https://vk.com/@ikanam-kak-stat-data-saentistom,пост
для статьи используем ссылку на пост,20,Post для статьи используем ссылку на пост (2018-06-18 00:00:00),. Хорошо бы мочь в дифференциальное исчисление. Это основной инструмент. Знание методов оптимизации. Обучение модели это минимизация какой-то функции ошибки. Часто эти функции очень некрасивые или данных очень много. Это приводит к невозможности найти аналитическое решение. Приходится искать его численно с помощью методов оптимизации. Как минимум вы должны знать метод градиентного спуска,https://vk.com/@ikanam-kak-stat-data-saentistom,пост
для статьи используем ссылку на пост,21,Post для статьи используем ссылку на пост (2018-06-18 00:00:00),". Откуда взять эти навыки? Та математика, которая читается у нас в бакалавриате довольно крутая и покрывает все основные потребности. Если вы хорошо освоили первые два курса бакалавриата, вы набрали необходимый набор скилов по математике. Если вы не шарите или что-то подзабыли, можно глянуть сюда Репозиторий Демешева с кучей источников по терверу",https://vk.com/@ikanam-kak-stat-data-saentistom,пост
для статьи используем ссылку на пост,22,Post для статьи используем ссылку на пост (2018-06-18 00:00:00),". Обратите внимание на видяхи с семинаров и на учебники Черновой по терверу и матстату. Можно глянуть курс Райгородского с введением в тервер. Он коротенький и дискретный, но няшный. Вводный курс по линалу от Саватеева, а также вводный курс по линалу от ВШЭ. Можно посмотреть довольно хороший курс линала от MIT на английском. Вводный курс по матану от Саватеева",https://vk.com/@ikanam-kak-stat-data-saentistom,пост
для статьи используем ссылку на пост,23,Post для статьи используем ссылку на пост (2018-06-18 00:00:00),". Вводный курс по матану от Саватеева. Также не будет лишним просто почитать лекции Стоит ли на этом останавливаться в плане математики? Нет! Эти навыки необходимы, но не достаточны. Полезными могут оказаться совершенно разные области. Например, теория графов может помочь при моделировании всяких взаимосвязей. Многие вещи в нашей жизни можно изобразить в виде графов",https://vk.com/@ikanam-kak-stat-data-saentistom,пост
для статьи используем ссылку на пост,24,Post для статьи используем ссылку на пост (2018-06-18 00:00:00),". В машинном обучении есть даже отдельные ответвления, занимающиеся графовыми алгоритмами. Одним словом, нет предела совершенству. Если хотите копнуть глубже, можно глянуть курсы из списка ниже. Но, прошу вас, не забывайте, что у Змея Горыныча три головы и нужно прокачивать их все. Любые курсы по математике от МФТИ",https://vk.com/@ikanam-kak-stat-data-saentistom,пост
для статьи используем ссылку на пост,25,Post для статьи используем ссылку на пост (2018-06-18 00:00:00),". Любые курсы по математике от МФТИ. Каждый курс Райгородского, что графы, что комбинаторика конфетка! Там же можно смотреть любые курсы по математике от ВШЭ. Можно искать курсы на других онлай-платформах. Например вот курс по асимптотикам и терверу от Храброва и курс по основам математики от него же. Если вам этого всего недостаточно, чтобы упороться, сходите на парочку лекций в НМУ",https://vk.com/@ikanam-kak-stat-data-saentistom,пост
для статьи используем ссылку на пост,26,Post для статьи используем ссылку на пост (2018-06-18 00:00:00),". Правда всегда держите в голове, что там очень много лишнего и абстрактного. Большая часть той математики, что там читается, вам будет не нужна. Тем не менее, встречаются очень годные курсы. Такие как матан от Шапошникова. Читайте книги! Есть огромное количество отличных книг",https://vk.com/@ikanam-kak-stat-data-saentistom,пост
для статьи используем ссылку на пост,27,Post для статьи используем ссылку на пост (2018-06-18 00:00:00),". По матану можно прочитать Зорича, по комбинаторике Виленкина, по математике, необходимой для компьютерных наук, можно прочитать конкретную математику Кнута и Поташника. В интернете есть стоооолько всего Программирование Знаешь матешу? Круто! Теперь её надо запрогать. Когда данных много, оптимизацию на бумаге не реализуешь",https://vk.com/@ikanam-kak-stat-data-saentistom,пост
для статьи используем ссылку на пост,28,Post для статьи используем ссылку на пост (2018-06-18 00:00:00),". На самом деле, если вы хотите понять какую-то модель или метод максимально глубоко, попробуйте самостоятельно один разок запрогать его. Вы не понимаете метод, если не имеете никакого представления о том, как его реализовать. Под программированием я подразумеваю знание основного синтаксиса и понимание того, как работают циклы, условия, функции и тп",https://vk.com/@ikanam-kak-stat-data-saentistom,пост
для статьи используем ссылку на пост,29,Post для статьи используем ссылку на пост (2018-06-18 00:00:00),". Со временем вы будете изучать разные пакеты с кучей специфичных функций и погружаться в язык более глубоко. А ещё нужно будет подучить алгоритмы и начать разбираться в их сложности. В течение своей аналитической жизни вы поначалу будете иметь дело с двумя языками программирования. Уже догадались какими? Как стать дата саентистом, изображение 2 Всё зависит от фирмы, куда вы устроились работать",https://vk.com/@ikanam-kak-stat-data-saentistom,пост
для статьи используем ссылку на пост,30,Post для статьи используем ссылку на пост (2018-06-18 00:00:00),". Кто-то прогает на R, кто-то на Python, кто-то сразу на обоих. Часто возникают холивары R против Python. На мой взгляд, стоит знать оба языка. Обычно я делаю вещи, связанные с парсингом сбор информации и машинкой в питоне. Вещи, связанные со статистикой и метрикой, я делаю в R. У вас могут быть свои предпочтения. Вы прошли курс по R на первом курсе бакалавриата",https://vk.com/@ikanam-kak-stat-data-saentistom,пост
для статьи используем ссылку на пост,31,Post для статьи используем ссылку на пост (2018-06-18 00:00:00),". Вы прошли курс по R на первом курсе бакалавриата. Вам могло показаться, что это какое-то адище. Хорошая новость я тоже так думал на первом курсе. На третьем курсе, на эконометрике, я влюбился в R. Перед тем как перейти к списку курсов, дам ещё один совет. Если вы первокурсник, то постарайтесь не потерять навык работы с R в течение второго курса",https://vk.com/@ikanam-kak-stat-data-saentistom,пост
для статьи используем ссылку на пост,32,Post для статьи используем ссылку на пост (2018-06-18 00:00:00),". Попробуйте закодить модель Солоу с макры или какие-нибудь методы оптимизации. Погуглите, как можно в R генерировать случайные величины, решать комбинаторные задачи и проверять гипотезы. Это правда полезно. И ещё кое-что. Старайтесь всегда писать код как можно более чистым и читаемым. Оставляйте комментарии, давайте переменным адекватные названия не ddd 42, а что-то более осмысленное",https://vk.com/@ikanam-kak-stat-data-saentistom,пост
для статьи используем ссылку на пост,33,Post для статьи используем ссылку на пост (2018-06-18 00:00:00),". Как минимум вы сами не будете путаться в своём же коде спустя месяц. Как максимум, в будущем ваши коллеги по работе будут вам благодарны за красиво оформленный код. Итак, источники по кодингу Репозиторий Демешева с кучей информации по R. В том числе есть источники на русском языке. Можно попробовать посмотреть его же учебник по R для начинающих",https://vk.com/@ikanam-kak-stat-data-saentistom,пост
для статьи используем ссылку на пост,34,Post для статьи используем ссылку на пост (2018-06-18 00:00:00),". Минус книги в том, что она ещё находится в разработке. Ещё можно глянуть мой репозиторий. Я попробовал собрать там несколько блокнотов по работе в R с тервером и матстатом. Правда они ещё очень сырые, но я работаю над этим. Ещё можно глянуть несколько вводных курсов по R на английском. Интерактивный вводый курс по Python на русском",https://vk.com/@ikanam-kak-stat-data-saentistom,пост
для статьи используем ссылку на пост,35,Post для статьи используем ссылку на пост (2018-06-18 00:00:00),". Интерактивный вводый курс по Python на русском. После этого вводного туториала можно посмотреть очень крутые тетрадки с последовательным изложением питона от базового уровня до парсинга сайтов. Также можно глянуть вводный курс по питону от вышки. Если вы уже знаете основной синтаксис, попробуйте порешать задачки и покомитить их на сервисы для автопроверок",https://vk.com/@ikanam-kak-stat-data-saentistom,пост
для статьи используем ссылку на пост,36,Post для статьи используем ссылку на пост (2018-06-18 00:00:00),". Благо, таких в интернетах тоже достаточно. Например, leetcode. Однако не увлекайтесь этим, мы с вами не прогеры, а экономисты-аналитики. Нам языки программирования нужны для оценки моделей, а не написания конченых прог на графах. По самым элементарным алгоритмам рекомендую прочесть две детские книжки. Это грокаем алгоритмы и теоретический минимум по CS. Ссылки ведут на описание книг на хабре",https://vk.com/@ikanam-kak-stat-data-saentistom,пост
для статьи используем ссылку на пост,37,Post для статьи используем ссылку на пост (2018-06-18 00:00:00),". Ссылки ведут на описание книг на хабре. Обе сделаны с очень крутыми картинками и в своём уникальном стиле. На самом деле они для школьников, но камон. Любой экономист узнает из этих книг дофига нового. Повысить свою компьютерную грамотность никогда не повредит. Не бойтесь курсов на английском языке. Если никогда не проходили их на нём, то привыкайте",https://vk.com/@ikanam-kak-stat-data-saentistom,пост
для статьи используем ссылку на пост,38,Post для статьи используем ссылку на пост (2018-06-18 00:00:00),". Даже если у вас очень плохие навыки в английском, от него никуда не денешься. Сидите с переводчиком. На работе вам придётся иметь дело с англоязычной технической литературой и всякими форумами в интернетах каждый день. Ещё не надо стесняться гуглить ошибки, которые вам выдаёт код",https://vk.com/@ikanam-kak-stat-data-saentistom,пост
для статьи используем ссылку на пост,39,Post для статьи используем ссылку на пост (2018-06-18 00:00:00),". Чаще всего это будет приводить вас на универсальный форум stackoverflow, на котором собраны ответы на очень многие вопросы. Скорее всего ваша проблема уже возникла у какого-нибудь индуса, он задал вопрос на stackoverflow, ему там помог какой-нибудь бразилец, и всё это произошло на ломаном английском, понять который обычно не составляет особого труда",https://vk.com/@ikanam-kak-stat-data-saentistom,пост
для статьи используем ссылку на пост,40,Post для статьи используем ссылку на пост (2018-06-18 00:00:00),". Как стать дата саентистом, изображение 3 Также, скорее всего, у факультета скоро появится подписка на Datacamp. Это очень крутой сервис с курсами на R и Python на любой вкус и цвет. Обычно на курс ты тратишь около 4-5 часов времени и узнаешь за него кучу нового синтаксиса. Там есть и курсы по анализу данных на R и Python, они будут полезны для изучения синтаксиса пакетов",https://vk.com/@ikanam-kak-stat-data-saentistom,пост
для статьи используем ссылку на пост,41,Post для статьи используем ссылку на пост (2018-06-18 00:00:00),". Какое-то количество курсов можно пройти бесплатно без подписки. Есть другие способы раздобыть бесплатную подписку, но об этом лучше поговорить в коментах. Более опциональные вещи Более глубокий курс по питону от мэйла и МФТИ. Курс по алгоритмам от Yandex и Стэнфорда. Ясное дело, на английском. Наиглубочайшее погружение в Python можно найти в книге Лутца",https://vk.com/@ikanam-kak-stat-data-saentistom,пост
для статьи используем ссылку на пост,42,Post для статьи используем ссылку на пост (2018-06-18 00:00:00),". Здравый смысл Настоящему аналитику нужны адекватность, воображение, умение общаться и работать в команде. Плохо быть стрёмным необщительным задротом. Не повредит знание предметной области, в которой вы будете свои аналитические навыки применять. В нашем случае это экономика и всё, что с ней связано",https://vk.com/@ikanam-kak-stat-data-saentistom,пост
для статьи используем ссылку на пост,43,Post для статьи используем ссылку на пост (2018-06-18 00:00:00),". Перед тем, как построить для своего банка кучу моделей для прогнозирования разных финансовых показателей, нужно разобраться что все эти показатели обозначают и как они могут быть между собой взаимосвязаны. Также при любом моделировании нельзя забывать о здравом смысле. Это первое, на что нужно ориентироваться",https://vk.com/@ikanam-kak-stat-data-saentistom,пост
для статьи используем ссылку на пост,44,Post для статьи используем ссылку на пост (2018-06-18 00:00:00),". Это первое, на что нужно ориентироваться. Если ваши модельные результаты не состыкуются с реальностью, вы либо гений, либо не очень. Ясное дело, что нет какого-то строгого рецепта по тому, откуда взять всё это добро. Наверное, нужно искренне интересоваться тем, что вы делаете. Ходить на митапы, общаться, читать статьи. Научные и на хабре. Возможно даже писать свои",https://vk.com/@ikanam-kak-stat-data-saentistom,пост
для статьи используем ссылку на пост,45,Post для статьи используем ссылку на пост (2018-06-18 00:00:00),". Научные и на хабре. Возможно даже писать свои. Здравый смысл это самая сложная и важная голова дракона. Анализ данных Наконец-то мы добрались до тела дракона, до анализа данных. Анализ данных это очень широкое понятие. В эту науку входит огромное количество поддисциплин",https://vk.com/@ikanam-kak-stat-data-saentistom,пост
для статьи используем ссылку на пост,46,Post для статьи используем ссылку на пост (2018-06-18 00:00:00),". Если говорить глобально, все поддисциплины пытаются ответить на два великих вопроса Как устроен мир как переменная y зависит от переменной x? Что будет завтра как спрогнозировать переменную y? В зависимости от того, на какой из двух вопросов мы ищем ответ, мы используем разные методы. Казалось бы, если модель получилась интерпретируемой, значит она будет хорошо прогнозировать",https://vk.com/@ikanam-kak-stat-data-saentistom,пост
для статьи используем ссылку на пост,47,Post для статьи используем ссылку на пост (2018-06-18 00:00:00),". Если модель хорошо прогнозирует, то значит она должна быть интерпретируемой. Оказывается, нет. Грубо говоря, можно попробовать разбить все методы, используемые в современной статистике на два кусочка, в зависимости от того на какой вопрос мы ищем ответ. Если нас интересует ответ на второй вопрос, то на помощь к нам приходит машинное обучение",https://vk.com/@ikanam-kak-stat-data-saentistom,пост
для статьи используем ссылку на пост,48,Post для статьи используем ссылку на пост (2018-06-18 00:00:00),". При поиске ответа на него, мы почти всегда жертвуем интерпретацией и находим модель, которая хорошо умеет прогнозировать, но не совсем понятно как она устроена внутри. Если нас интересует ответ на первый вопрос, то на помощь к нам приходят эконометрика и классическая статистика. В этом случае мы очень сильно боимся получить неправильную величину эффекта",https://vk.com/@ikanam-kak-stat-data-saentistom,пост
для статьи используем ссылку на пост,49,Post для статьи используем ссылку на пост (2018-06-18 00:00:00),". К сожалению, этой ошибке способствует огромное число факторов. Чтобы избежать ошибок, статистики придумали кучу навороченных статистических процедур с правдоподобием и гипотезами. Почему это разбиение грубое? Потому что методы, которые используются для поиска ответов, часто одни и те же, но используются слегка по-разному",https://vk.com/@ikanam-kak-stat-data-saentistom,пост
для статьи используем ссылку на пост,50,Post для статьи используем ссылку на пост (2018-06-18 00:00:00),". Например, мы будем использовать для ответа на оба вопроса линейную регрессию. В первом случае мы будем жёстко следить за выполнением предпосылок, тестировать кучу гипотез и интерпретировать результаты. Хочется знать за какую верёвочку и как сильно мы можем дёрнуть. Например, очень важно понимать насколько сильно нужно поднять ставку, чтобы инфляция упала на нужную нам величину",https://vk.com/@ikanam-kak-stat-data-saentistom,пост
для статьи используем ссылку на пост,51,Post для статьи используем ссылку на пост (2018-06-18 00:00:00),". Во втором случае мы будем заботиться только о величине прогноза. Нам хотелось бы знать, какой завтра будет инфляция как можно точнее. А на то из чего и как она складывается нам наплевать. Мы принесём интерпретацию в жертву ради крутых прогнозов. К сожалению, без жертв в нашем мире никуда не денешься. Неинтерпретируемые модели с хорошими прогнозами это проблема",https://vk.com/@ikanam-kak-stat-data-saentistom,пост
для статьи используем ссылку на пост,52,Post для статьи используем ссылку на пост (2018-06-18 00:00:00),". Сложно объяснить клиенту, что он не получит кредит, потому что так сказала нейронная сеть. Из-за этого появляются разные законодательные нормы, призванные регулировать моделирование человеческих судеб. Например, во многих странах, при моделировании возврата кредита, нельзя выходить за рамки линейных моделей",https://vk.com/@ikanam-kak-stat-data-saentistom,пост
для статьи используем ссылку на пост,53,Post для статьи используем ссылку на пост (2018-06-18 00:00:00),". Более того, кое-где возникали прецеденты с запретом использовать в качестве объясняющих переменных пол, национальность и другие подобные категориальные переменные, потому что это дискриминация. Подобные этические ограничения подталкивают людей к новым исследованиям. У экономистов есть ещё одна особенность размеры выборок. Давайте представим себе ВВП",https://vk.com/@ikanam-kak-stat-data-saentistom,пост
для статьи используем ссылку на пост,54,Post для статьи используем ссылку на пост (2018-06-18 00:00:00),". Давайте представим себе ВВП. Мало того, что он измеряется раз в квартал, так ещё и каждые 7 лет в данных происходит какой-нибудь структурный сдвиг. Ряды для моделирования очень короткие, данных очень мало. Такая природа макроэкономических данных вынуждает бороться за здравый смысл и интерпретацию в моделях. Часто здравый смысл черпают из теоретических изысканий",https://vk.com/@ikanam-kak-stat-data-saentistom,пост
для статьи используем ссылку на пост,55,Post для статьи используем ссылку на пост (2018-06-18 00:00:00),. Уж слишком высок риск подстроиться под данные и налажать. Это одна из причин грузить вас на эконометрике проверкой предпосылок и поиском хороших инструментальных переменных. Конечно будут и недостатки,https://vk.com/@ikanam-kak-stat-data-saentistom,пост
для статьи используем ссылку на пост,56,Post для статьи используем ссылку на пост (2018-06-18 00:00:00),". Конечно будут и недостатки. Например, в курсе временных рядов вам постоянно будут говорить о том, что их надо бы уметь прогнозировать, но при этом ни разу не скажут о том, что хорошо бы разбить выборку на трэйн и тест, и вообще провести кросс-валидацию. Но да ладно. В микроэкономике дело обстоит иначе. Благодаря развитию цифровых технологий, данных о потребителях можно собрать очень много",https://vk.com/@ikanam-kak-stat-data-saentistom,пост
для статьи используем ссылку на пост,57,Post для статьи используем ссылку на пост (2018-06-18 00:00:00),". Разные компании это как раз и делают, но вам они данных не дадут. Если конечно вы там не работаете. Выходит, что с одной стороны данных вообще то вроде как завались, а с другой они все под NDA. Тем не менее, иногда компании делятся своими данными в рамках разных соревнований по анализу данных. На мой взгляд, такое серьёзное внимание к статистике на экономе наше большое достоинство",https://vk.com/@ikanam-kak-stat-data-saentistom,пост
для статьи используем ссылку на пост,58,Post для статьи используем ссылку на пост (2018-06-18 00:00:00),". Почему-то прогеры воспринимают модели из машинки как алгоритмы. Не каждый прогер по выпуску из бакалавриата умеет проверять гипотезы. У экономистов наоборот. Они зацикливаются на статистической природе моделей. Для него то, что породила природа непогрешимо",https://vk.com/@ikanam-kak-stat-data-saentistom,пост
для статьи используем ссылку на пост,59,Post для статьи используем ссылку на пост (2018-06-18 00:00:00),". Для него то, что породила природа непогрешимо. Когда экономист впервые узнаёт, что пропуски в данных можно попытаться заполнить искусственными значениями для улучшения качества прогнозов, у него немножечко ёкает сердечко. Потому что хрен его знает, что при этом произойдёт с коэффициентами в его любимой линейной регрессии. Экономистам и прогерам надо больше общаться",https://vk.com/@ikanam-kak-stat-data-saentistom,пост
для статьи используем ссылку на пост,60,Post для статьи используем ссылку на пост (2018-06-18 00:00:00),". Экономистам и прогерам надо больше общаться. Они смогут дополнить друг-друга. Я немного увлёкся демагогией. Пришло время списка из курсов. Для поиска ответа на первый вопрос, нужно ботать статистику и эконометрику. Вроде как, вы к 4 курсу должны в них быть как рыбы в воде, но ежели нет, вот вам вводный курс по эконометрике от Демешева",https://vk.com/@ikanam-kak-stat-data-saentistom,пост
для статьи используем ссылку на пост,61,Post для статьи используем ссылку на пост (2018-06-18 00:00:00),". На гитхабе, в его репозитории, можно найти ещё кучу интересностей. Можно посмотреть курс по статистике в R от университета Дюка. Но это только, если очень хочется. С эконометрикой всё, переходим к слабым местам нашего факультета которые он, по идее, должен потихоньку исправлять отсутствию курсов по машинному обучению. В первую очередь пройдите специализацию по анализу данных от МФТИ и Яндекса",https://vk.com/@ikanam-kak-stat-data-saentistom,пост
для статьи используем ссылку на пост,62,Post для статьи используем ссылку на пост (2018-06-18 00:00:00),". Она состоит из 5 курсов. Каждый курс идёт по 4-5 недель. Если вы пройдёте эту специализацию как следует, а не вскользь, то вы уже будете знать дофига всякого разного интересного. Можно попробовать пройти классический курс по машинке от основателя курсеры Andrew Ng. Он на английском и послабее физтеховского. Он объясняет всё слишком дотошно и медленно",https://vk.com/@ikanam-kak-stat-data-saentistom,пост
для статьи используем ссылку на пост,63,Post для статьи используем ссылку на пост (2018-06-18 00:00:00),". Он объясняет всё слишком дотошно и медленно. Это для вас может быть как плюсом, так и минусом. Ещё один минус в том, что все задания к курсу предлагается делать на мёртвых языках, октаве и матлабе. Тем не менее, на просторах интернета можно найти готовые решения на Python. Когда вы освоили основной материал, нужно углубиться в него",https://vk.com/@ikanam-kak-stat-data-saentistom,пост
для статьи используем ссылку на пост,64,Post для статьи используем ссылку на пост (2018-06-18 00:00:00),". Для этого я рекомендовал бы пройти курс по машинке от ODS на хабре. Осенью будут очные лекции в мэйле. Можно будет на них ходить. Кстати говоря, ODS это Open Data Science, крупнейшее сообщество дата сатанистов в России. Именно оно организует data fest, крупнейшее собрание спецов с кучей лекций и разного интерактива. Вступить в сообщество можно вот тут",https://vk.com/@ikanam-kak-stat-data-saentistom,пост
для статьи используем ссылку на пост,65,Post для статьи используем ссылку на пост (2018-06-18 00:00:00),". Вступить в сообщество можно вот тут. В дополнительных материалах в статьях на хабре часто указываются лекции Евгения Соколова. Их тоже имеет смысл почитать. На данный момент Соколов один из лучших преподов по машинке. С ним вы уже могли встретиться в физтеховском курсе, речь о котором шла выше. Ещё кучу крутых вещей можно вычитать в блоге Александра Дьяконова. Блог называется анализ малых данных",https://vk.com/@ikanam-kak-stat-data-saentistom,пост
для статьи используем ссылку на пост,66,Post для статьи используем ссылку на пост (2018-06-18 00:00:00),". Блог называется анализ малых данных. Он выигрывал соревки на кегле, когда это ещё не было мэйнстримом. Если хочется очного курса, можно также записаться на Data Mining in Action. Это полугодовой интенсив по машинке от Виктора Кантора и Эмили Драль, знакомых вам из курса МФТИ",https://vk.com/@ikanam-kak-stat-data-saentistom,пост
для статьи используем ссылку на пост,67,Post для статьи используем ссылку на пост (2018-06-18 00:00:00),". Лекции, скорее всего, будут для вас бесполезны, а вот семинарские занятия по индустрии или спорту могут зайти очень хорошо. Ещё можно попробовать углубиться в математику и пройти на курсере введение в машинку от Воронцова. Курс представляет из себя урезанную версию того, что читается в ШАД. На сайте ШАД можно найти полную версию курса без домашек",https://vk.com/@ikanam-kak-stat-data-saentistom,пост
для статьи используем ссылку на пост,68,Post для статьи используем ссылку на пост (2018-06-18 00:00:00),". Если вы чувствуете себя уверенно, можно попытаться поступить в ШАД. Это довольно сложная затея, но если получится, то перейдёте на совершенно иной уровень развития в ML и программировании. Либо откинетесь. Можно попробовать углубиться в отдельные области машинки. Недавно вышла специализация от Яндекса и ВШЭ по углублённому машинному обучению",https://vk.com/@ikanam-kak-stat-data-saentistom,пост
для статьи используем ссылку на пост,69,Post для статьи используем ссылку на пост (2018-06-18 00:00:00),". Она состоит из разных курсов введение в нейронки, байесовские методы в ML, как побеждать на kagle, работа с текстами и НЛП, обучение с подкреплением, курс про ML и адронный коллайдер совсем специфичная вещь. Все курсы на английском. Если хочется больше нейронных сетей, можно посмотреть курс по ним от мэйла. К сожалению, без домашек",https://vk.com/@ikanam-kak-stat-data-saentistom,пост
для статьи используем ссылку на пост,70,Post для статьи используем ссылку на пост (2018-06-18 00:00:00),". К сожалению, без домашек. Ещё можно прочитать очень крутую новую книгу по нейронкам от Николенко. С примерами в виде кода и крутыми эпиграфами. Она реально стоит потраченного на неё времени. К этому моменту у вас откроется третий глаз и вы сами сможете искать для себя интересные курсы",https://vk.com/@ikanam-kak-stat-data-saentistom,пост
для статьи используем ссылку на пост,71,Post для статьи используем ссылку на пост (2018-06-18 00:00:00),". Если говорить о книгах, то хорошими считаются На начальном уровне можно попробовать почитать книгу Себастьяна Рашки. Она на русском языке. Elements of Statistical Learning. Эта книга хороша тем, что пытается объяснить многие важные новые идеи их машинного обучения со статистической точки зрения. Книга Гудфэлоу классическая книга про нейронки",https://vk.com/@ikanam-kak-stat-data-saentistom,пост
для статьи используем ссылку на пост,72,Post для статьи используем ссылку на пост (2018-06-18 00:00:00),". Книга Гудфэлоу классическая книга про нейронки. Николенко с первых страниц своей книги говорит, что это его главный конкурент и её стоит почитать. Книга Бишопа. В основе этой книги лежит Байесовский подход. Романтичные вечера вам обеспечены. Книга Мёрфи. Эта книга скорее справочник по ML. Хотите знать 9 методов главных компонент? Вам сюда. Не будем врать друг-другу",https://vk.com/@ikanam-kak-stat-data-saentistom,пост
для статьи используем ссылку на пост,73,Post для статьи используем ссылку на пост (2018-06-18 00:00:00),". Не будем врать друг-другу. Вы не будете читать эти книги, пока у вас в голове в этом не возникнет очень острая потребность. Они тут на всякий случай. Последнее, что стоит сказать, не забывайте о боевом опыте моделирования. Практика для дата шрушера важнейшая вещь. Её можно получить, например на Kaggle. Это платформа по проведению соревнований по анализу данных",https://vk.com/@ikanam-kak-stat-data-saentistom,пост
для статьи используем ссылку на пост,74,Post для статьи используем ссылку на пост (2018-06-18 00:00:00),". Зарегистрируйтесь, сделайте Титаник, потом займитесь чем-то посложнее, совершенствуйтесь! Вокруг проходить дофига хакатонов соревнований по анализу данных. На каждом можно научиться чему-то новому. Ну или в конце концов, найдите работу! Там будет дофигище практики и экспоненциальный рост в навыках. Реальная работа это намного круче, чем обучающие курсы. Однако для неё нужен какой-то бэкграунд",https://vk.com/@ikanam-kak-stat-data-saentistom,пост
для статьи используем ссылку на пост,75,Post для статьи используем ссылку на пост (2018-06-18 00:00:00),". Однако для неё нужен какой-то бэкграунд. Когда найдёте работу, не забывайте, что в курсах можно найти какие-то новые задачи. Это разнообразит жизнь. На самом деле, довольно приятно пилить по вечерам разные собственные проекты ради интереса. Можно даже публиковать статьи или выступать на митапах",https://vk.com/@ikanam-kak-stat-data-saentistom,пост
для статьи используем ссылку на пост,76,Post для статьи используем ссылку на пост (2018-06-18 00:00:00),". Настоящий дата сатанист дата саунист во всём! Давайте подытожим всё, что написано в разделе про анализ данных в виде небольшой схемки. Будем считать, что про математику, проганье, здравый смысл и эконометрику вы поняли и без неё. Как стать дата саентистом, изображение 4 Другие технические навыки Кроме всего перечисленного выше, вам по работе могут пригодиться другие технические навыки",https://vk.com/@ikanam-kak-stat-data-saentistom,пост
для статьи используем ссылку на пост,77,Post для статьи используем ссылку на пост (2018-06-18 00:00:00),". Они немного выделяются из общей канвы повествования. Наверное, имеет смысл обращаться к их приобретению по мере необходимости. SQL Данные хранят в базах. SQL это язык запросов, позволяющий с этими базами работать. Базовые запросы из SQL знать не помешает",https://vk.com/@ikanam-kak-stat-data-saentistom,пост
для статьи используем ссылку на пост,78,Post для статьи используем ссылку на пост (2018-06-18 00:00:00),". Базовые запросы из SQL знать не помешает. На датакампе есть пара курсов по SQL Курс по SQL на степике И ещё один курс по SQL Linux UNIX Мы живём в эпоху больших данных, многие модели обучают на серверах. Все сервера работают на юниксовых операционных системах юниксовая операционная система это мак или линукс, не виндус",https://vk.com/@ikanam-kak-stat-data-saentistom,пост
для статьи используем ссылку на пост,79,Post для статьи используем ссылку на пост (2018-06-18 00:00:00),". Для того, чтобы управляться с ними, имеет смысл научиться работать с терминалом. Более того, вы запускаете git и jupyter из терминала. Вы ставите все пакеты через pip из терминала. Наверное, это знак, что стоит освоить базовые навыки по работе с ним. Курс по введению в Linux на степике. Для того, чтобы освоить его даже не нужно устанавливать линукс. Есть небольшой курс по терминалу на датакампе",https://vk.com/@ikanam-kak-stat-data-saentistom,пост
для статьи используем ссылку на пост,80,Post для статьи используем ссылку на пост (2018-06-18 00:00:00),". Есть небольшой курс по терминалу на датакампе. Если вы после курса со степика захотите поднять свой сервер и погонять там вычисления, щедрый гугл может предоставить вам на несколько месяцев оборудование на 300 на халяву. Обязательно воспользуйтесь этой возможностью для своих личных экспериментов или для написания НИР. Я так википедию 6 раз скачал. И горжусь этим",https://vk.com/@ikanam-kak-stat-data-saentistom,пост
для статьи используем ссылку на пост,81,Post для статьи используем ссылку на пост (2018-06-18 00:00:00),". Я так википедию 6 раз скачал. И горжусь этим. Настоящий мужи должен сам скачать википедию. Ясное дело, что код для этого писался на Python. Git Git это система контроля версий. Один из самых известных сервисов, основанных на git github. Обычно на нём выкладывают репозитории с какими-то пакетами для R или Python, либо репозитории со своими проектами или учебными курсами",https://vk.com/@ikanam-kak-stat-data-saentistom,пост
для статьи используем ссылку на пост,82,Post для статьи используем ссылку на пост (2018-06-18 00:00:00),". Весь код, выложенный на github находится в открытом доступе. Корпорации обычно покупают на github себе приватные секторы. Зачем нужен навык по работе с git? Дата шрушеры часто работают в командах. Приходится обмениваться кодом. Лучше, чтобы была версионность кода. Мало ли вы что-то удалили или переписали, а потом выяснилось что это неэффективно или вообще неправильно",https://vk.com/@ikanam-kak-stat-data-saentistom,пост
для статьи используем ссылку на пост,83,Post для статьи используем ссылку на пост (2018-06-18 00:00:00),". Нужна возможность откатиться назад. Хранить на компьютере все версии кода довольно затратно, хранить изменения лучше. Git именно это и позволяет делать. Интерактивный самоучитель на русском языке Небольшая книга на русском языке Есть небольшой курс на датакампе Другое Дата саунисту может понадобиться много чего ещё. Не бойтесь сталкиваться с чем-то новым",https://vk.com/@ikanam-kak-stat-data-saentistom,пост
для статьи используем ссылку на пост,84,Post для статьи используем ссылку на пост (2018-06-18 00:00:00),". Не бойтесь сталкиваться с чем-то новым. е проги и хорошо написанного туториала для неё в ваших руках должны приводить к появлению чудес. Поздравляю всех, кто дошёл до конца этого лонгрида. Можете победно закрыть комп, сходить на пробежку помните, что стрёмных необщительных задротов никто не любит, а затем вернуться и начать проходить курсы.",https://vk.com/@ikanam-kak-stat-data-saentistom,пост
1233,0,Post 1233 (2018-06-18 20:17:41),"Мне в личку постоянно задают вопросы в стиле Хочу мочь в анализ данных, нейросетками крутить и в питоне модели кодить. Что делать? Я по возможности стараюсь отвечать на такие вопросы как можно подробнее. В последнее время вопросы мне задают настолько часто, что у меня родилась идея написать лонгрид про это с кучей ссылок и траекторией развития, по которой я пошёл бы на вашем месте",https://vk.com/wall-130344439_1233,пост
1233,1,Post 1233 (2018-06-18 20:17:41),. За эти выходные я его написал и выкатываю на ваш строгий суд. Приятного чтения.,https://vk.com/wall-130344439_1233,пост
1235,0,Post 1235 (2018-06-19 08:18:49),"Всем привет! С 29 августа по 4 сентября в Москве пройдет Международный студенческий форум Технологические тренды и современная экономика, организованный РАНХиГС и Университетом Глазго. Соответственно, нужно несколько заинтересованных людей для работы во время форума. - Работа оплачивается. Константин Булиш с Дианой Измаилян с удовольствием на этой неделе встретятся с желающими",https://vk.com/wall-130344439_1235,пост
1235,1,Post 1235 (2018-06-19 08:18:49),. - Участие или помощь в организации форума будет хорошей строчкой в резюме и в целом очень интересным опытом. От желающих требуется - Знание английского на уровне upper-intermediate. - Интерес к одной или нескольким темам форума. - Умение и желание работать с людьми - Готовность работать полный рабочий день с 1 по 3 сентября. Также идёт набор тьюторов для работы с участниками форума,https://vk.com/wall-130344439_1235,пост
1235,2,Post 1235 (2018-06-19 08:18:49),". Если ты посмотрел документ и почувствовал, что шаришь в какой-то области и хочешь стать тьютором, то тоже позвони Булишу или Измаилян Более подробная информация о форуме и участии, а также контакты для связи по ссылке С Любовью, ИСК",https://vk.com/wall-130344439_1235,пост
1235,0,Post 1235 (2018-06-19 08:18:49),"ДБ рекламировала этот форум для участия Халявная еда, общение, возможность поехать в Глазго Для наших попасть на форум будет не проблема",https://vk.com/wall-130344439_1235,комментарий
1237,0,Post 1237 (2018-06-21 23:49:20),"Сегодня в анонсе две дата саенс вакансии для тех, кому люба чистая аналитика. Первая в геймдейве в зептолабе Вторая, связанная с анализом того как ЧМ по футболу повлиял на Москву и другой подобной классной аналитике, связанной с урбанистикой Где искать курсы по питону, нейронкам и проверке гипотез, вы знаете Вопросы по вакансиям можно задать дружественному экономисту-дата саунисту id91857120Диме.",https://vk.com/wall-130344439_1237,пост
1238,0,Post 1238 (2018-06-22 18:21:50),"Всем привет. Совсем скоро мы все сбросим с себя оковы сессии и сможем уже наконец расслабиться. Всвязи с этим надо бы затусить. Учитывая, что на улице наконец стало тепло, давайте сделаем это в ПГ. В прошлый раз не получилось, а хотелось бы. Самый крайний день с экзаменами, который я нашёл в расписании приходится на 5 июля, четверг. Го в этот день собственно и затусим",https://vk.com/wall-130344439_1238,пост
1238,1,Post 1238 (2018-06-22 18:21:50),". Го в этот день собственно и затусим. Если есть какие-то идеи по поводу дня или места, пишите в комменты. Ежели что устроим новую голосовалку или просто тупо сменим место и время.",https://vk.com/wall-130344439_1238,пост
для статьи используем ссылку на пост,0,Post для статьи используем ссылку на пост (2018-06-30 00:00:00),"Просто откройте и прочитайте Мы хотим сделать для новых первокурсников небольшой велком-пак. В этот велком-пак войдёт брошюрка, в которой будет написано о том, что такое эконом, где искать важную информацию и какие ценности мы на экономе разделяем. Нам нужна помощь в её составлении. Если мы скинем сюда общий гуглдок и попросим вас его отредактировать, начнётся трэшак и никакой брошюрки не будет",https://vk.com/@ikanam-prosto-otkroite-i-prochitaite,пост
для статьи используем ссылку на пост,1,Post для статьи используем ссылку на пост (2018-06-30 00:00:00),". Поэтому мы решили отобрать людей, заинтересованных в её составлении простым заданием В ней планируется 4 раздела Каноны - о том, что на экономе считается правильным, какие ценности мы разделяем, а также его дух и культура. Базис - основная информация о том, кому писать, куда идти, где что находится. Сигма-алгебра - информация о значимых событиях в жизни эконома",https://vk.com/@ikanam-prosto-otkroite-i-prochitaite,пост
для статьи используем ссылку на пост,2,Post для статьи используем ссылку на пост (2018-06-30 00:00:00),". Лайфхаки от старшекурсников - отражаем советы, как взять максимум от обучения на программе, а также эффективно учиться. Еще мы хотим немного модернизировать символику использовать греческую букву кси на мерче и в символике отделения",https://vk.com/@ikanam-prosto-otkroite-i-prochitaite,пост
для статьи используем ссылку на пост,3,Post для статьи используем ссылку на пост (2018-06-30 00:00:00),". И мы не можем придумать адекватную и правильную расшифровку для каждой буквы к, с, и, так как в идеале хотим что-то из разряда латинской расшифровки, раз уж буква греческая. Кстати, если ее перевернуть, то получается ИСК, а это название нашего паблика",https://vk.com/@ikanam-prosto-otkroite-i-prochitaite,пост
для статьи используем ссылку на пост,4,Post для статьи используем ссылку на пост (2018-06-30 00:00:00),". Задание Нужно придумать название самой брошюры в вышке, например, она называется Почемучник, нам нужно что-то более связанное с особенностями эконома",https://vk.com/@ikanam-prosto-otkroite-i-prochitaite,пост
для статьи используем ссылку на пост,5,Post для статьи используем ссылку на пост (2018-06-30 00:00:00),". Придумать новые названия для разделов Каноны и Лайфхаки нам они не очень нравятся, а вот Базис и Сигма-алгебра очень нравятся, так что можно ориентироваться на них Можно предложить свою структуру и, если она окажется лучше, то мы ее и сделаем в итоге. Придумать расшифровку для КСИ KSI, в идеале на английском",https://vk.com/@ikanam-prosto-otkroite-i-prochitaite,пост
для статьи используем ссылку на пост,6,Post для статьи используем ссылку на пост (2018-06-30 00:00:00),. Свои идеи и предложения отправляйте в личные сообщения сообщества,https://vk.com/@ikanam-prosto-otkroite-i-prochitaite,пост
для статьи используем ссылку на пост,7,Post для статьи используем ссылку на пост (2018-06-30 00:00:00),"! Плюшки за креатив Если ты придумаешь что-то классное по одному из указанных заданий, то ты получишь Респект от нас Включение в группу разработки велком пака первокурсника Офигенный мерч нашего эконома, который пока видели в эскизах только 2 человека Не уточняйте, что там будет, просто поверьте на слово мы орали, когда придумали Если хотите, то завтрак с Сашей или Филей мы не уверены",https://vk.com/@ikanam-prosto-otkroite-i-prochitaite,пост
для статьи используем ссылку на пост,8,Post для статьи используем ссылку на пост (2018-06-30 00:00:00),", то завтрак с Сашей или Филей мы не уверены, что это кому-то интересно Всегда Ваши, КСИ",https://vk.com/@ikanam-prosto-otkroite-i-prochitaite,пост
1247,0,Post 1247 (2018-07-03 22:51:01),"Короче. В четверг идем тусить. Если дождя не будет, то идём в ПГ. Если будет дождь, то в дакстарс на маяковке. Я на всякий случай забронил столик. Надеюсь, что дождя не будет.",https://vk.com/wall-130344439_1247,пост
1247,0,Post 1247 (2018-07-03 22:51:01),"Ну что за забота, я прост в последний раз этим занимаюсь надеюсь, что в следующем году я прост приходить буду D, id6045249Philip, как-то наивно мыслишь в свои годы, Опять бухать, господибожемой. Где столько здоровья взять, id6045249Philip, если не ты, то кто?",https://vk.com/wall-130344439_1247,комментарий
1248,0,Post 1248 (2018-07-03 23:07:41),"Пара вакансий от Синельниковой ЕВ. По первой - зп 50-70 по результатам собеседования, компания - дочка société general. По второй - зп 80 Писать по всем вопросам ей на почту el.sinelnikovagmail.com",https://vk.com/wall-130344439_1248,пост
1256,0,Post 1256 (2018-07-04 23:22:46),Из-за дождей снова не идём в ПГ. Идём в дакстарс на маяковке. Вроде как акция 2 по цене одного. Стол забронирован на 1800 на имя Филипп. Я не приду первым. Кто придёт первым получит за мой счёт единицу выпивки 3,https://vk.com/wall-130344439_1256,пост
1259,0,Post 1259 (2018-07-06 22:44:26),"для третьего курса актуально кто хочет найти стажировку, связанную с эконометрикой и непосредственным применением R на стажировке, советую программу ВТБ Юниор департамент розничных и кредитных рисков. Регистрация начинается примерно в марте",https://vk.com/wall-130344439_1259,пост
1260,0,Post 1260 (2018-07-09 17:48:56),Отличная возможность попасть в лучшую корпоративную школу маркетинга в мире,https://vk.com/wall-130344439_1260,пост
1260,0,Post 1260 (2018-07-09 17:48:56),"Если есть вопросы - пишите мне, Классические требования без требований",https://vk.com/wall-130344439_1260,комментарий
1263,0,Post 1263 (2018-07-11 09:39:37),"Есть классная возможность связать свою жизнь с аналитикой. Сверхсложной метрики не предвидится, но много сложных и креативных заданий. Сейчас есть 2 позиции есть старшая и средняя. По любым вопросам пишите мне, и если заинтересуетесь, присылайте мне резюме, отправим сразу руководителю.",https://vk.com/wall-130344439_1263,пост
1265,0,Post 1265 (2018-07-25 16:05:26),"На семестр больше эконометрики, чем в MIT!!111!!, id18236049Игорь, и на одну букву в названии",https://vk.com/wall-130344439_1265,комментарий
1268,0,Post 1268 (2018-07-30 21:14:39),". попостить пидорские фотки из Минска, . на посвят поехать, раздать админку тридцатерым 000 если ещё кому надо в лс, id6045249Philip, кому раздашь - разжалую, id49853608Александр, даю в обмен на годный контент, id6045249Philip, ты уточняй, а то люди всякое могут подумать., id49853608Александр, ну либо второй вариант есть ещё..",https://vk.com/wall-130344439_1268,комментарий
1268,1,Post 1268 (2018-07-30 21:14:39),"., id6045249Philip, какой?, id49853608Александр, через постель, id6045249Филипп, самое либерально-демократическое сообщество !!, id6045249Филипп, прям как в Швейцарии, id18236049Игорь, смерть этатистам!",https://vk.com/wall-130344439_1268,комментарий
1281,0,Post 1281 (2018-08-02 00:20:09),"Они издеваются? В наш год их не было, а теперь вернулись, сволочи 3, шо значит в наш год? туда можно хоть в 40",https://vk.com/wall-130344439_1281,комментарий
1285,0,Post 1285 (2018-08-02 00:40:21),"В догонку к предыдущему посту. Многие из старшекурсников гоняли на ЦМФ. Скорее всего, самым прогрессивным старшекурсникам эта контора тоже может показаться интересной. Просьба для бывших студентов ЦМФ поделитесь впечатлениями и расскажите что там да как.",https://vk.com/wall-130344439_1285,пост
1285,0,Post 1285 (2018-08-02 00:40:21),"у меня весь цмф шел в зачетку. Що тут можно сказатi., Близкий знакомый ходил. Тест после первого семестра не могли проверить месяц или даже больше, - С организацией там всё правда очень туго, так как этим занимаются на добровольных началах. Соблазн положить хер на огромное число домашек со стороны оргов очень высок, и они это делают. - Очень много классных людей с разных вузов москвы",https://vk.com/wall-130344439_1285,комментарий
1285,1,Post 1285 (2018-08-02 00:40:21),". Если вы не интроверт, у вас появляется куча офигенных знакомств. - Все лекторы делятся на два типа желторотик, который нифига не понимает и зашёл просто так и чувак, который что-то знает. За первый месяц научитесь фильтровать желторотиков и, ежели что, спать подольшеуходить пораньше. Многих годных чуваков стоит послушать, так как многие из них двигают весь этот ваш матан в прод",https://vk.com/wall-130344439_1285,комментарий
1285,2,Post 1285 (2018-08-02 00:40:21),". Кто-то трейдером, кто-то аналитиком. Это всё про количественную аналитику и анализ данных. Про то что делают на корпах на финансовой, я вообще хз. Стоит ли идти? Да. Ежели не понравится, прост берёшь и бросаешь. Но нужен определенный бэкграунд. На третьем курсе может показаться, что сложновато. На 4 курсе должно быть очень комфортно.",https://vk.com/wall-130344439_1285,комментарий
1292,0,Post 1292 (2018-08-19 13:30:22),Как я понимаю самые востребованные будут индустрия и игры,https://vk.com/wall-130344439_1292,комментарий
1296,0,Post 1296 (2018-08-22 14:46:05),"Лонги разбавляют, сцуки, Ребят, кто готов поделиться социалкой, поставьте лайк в комментариях, id69818531Yulya, социалка, права, id40401167Татьяна, лева, id69818531Юля, А когда идём то",https://vk.com/wall-130344439_1296,комментарий
1296,1,Post 1296 (2018-08-22 14:46:05),"?, id6045249Филипп, 3 сентября, id6045249Филипп, сходи лучше на корпоратив с царевым, пидрила, Напечатай мне денежной массы, Интересно, как мы 86 человк будем тусить, id49853608Александр, легко и непринуждённо, Вот тоже сразу подумал, раньше 30 то человек дохрена было, id18805608Egor, мне кажется, надо идти на воздух, id49853608Александр, вангую, половина сольётся, id18236049Igor",https://vk.com/wall-130344439_1296,комментарий
1296,2,Post 1296 (2018-08-22 14:46:05),", вангую, половина сольётся, id18236049Igor, даже если так, все равно много, id49853608Александр, надо бы забронить дальние большие столы и все ок, А может рили купим кучу бухла и пойдём в ПГ или куда-то в этом стиле",https://vk.com/wall-130344439_1296,комментарий
1296,3,Post 1296 (2018-08-22 14:46:05),"?, id6045249Филипп, ага, под мост0, Под мост это другая вечеринка",https://vk.com/wall-130344439_1296,комментарий
1304,0,Post 1304 (2018-08-24 01:10:23),Возрадуйтесь. Вчера на тайном совещании был выбран Мистер Посвят 2018.,https://vk.com/wall-130344439_1304,пост
1304,0,Post 1304 (2018-08-24 01:10:23),"Таки знаковое событие, Тут отправили фото, Че кто организатор3000?, Продолжи фразу. Организатор -., id18236049Игорь, Тест насколько ты готов к посвяту0",https://vk.com/wall-130344439_1304,комментарий
1323,0,Post 1323 (2018-08-29 12:00:07),"Дорогие иканамовцы, если у кого-то день рождения 3-го сентября, напишите, пожалуйста, в лс это очень важно",https://vk.com/wall-130344439_1323,пост
1324,0,Post 1324 (2018-08-29 18:28:34),"Созрел очень важный вопрос. Сейчас наследие лежит на гугл-диске. Из-за странных синхронизаций с частными дисками, переодически кто-нибудь на нём что-нибудь случайно затирает, приходится восстанавливать. Ну и плюс некоторым не нравится дизайн гугл-диска. В связи с этим вопрос",https://vk.com/wall-130344439_1324,пост
1325,0,Post 1325 (2018-08-29 18:43:22),"И в догонку второй опрос. У многих из нас переодически возникают вопросы А откуда достать данные?, A есть ли в блумберге вот это?, Ни у кого нет статьи про то как считают вот это? и тп Кому-то ответы на эти вопросы нужны для нира, кому-то по работе, а кто-то просто любознательный. Сейчас такие вопросы падают в разные локальные чаты",https://vk.com/wall-130344439_1325,пост
1325,1,Post 1325 (2018-08-29 18:43:22),". Есть предложение заняться агрегированием мудрости и создать общий чат на овердофига людей, где можно будет задавать чисто подобные рабочие вопросы и нельзя будет флудить, обсуждать мемы и пьянки. За это человек будет изгоняться.",https://vk.com/wall-130344439_1325,пост
1325,0,Post 1325 (2018-08-29 18:43:22),"лол ты сам веришь в это, посмотри на Алису, id3577476Никита, лично буду кикать всех, кто начинает флудить, пока у тебя сгорит и права на чатик не станут у кого нибудь ноунейма, которону. ну дальше ты знаешь, все скатится в говносрачи, подписываюсь под каждым словом Никитосика",https://vk.com/wall-130344439_1325,комментарий
1331,0,Post 1331 (2018-08-29 22:00:11),"Дорогие первокурсники, рады приветствовать вас на иканаме и, в частности, на данной странице. Надеюсь, ваш путь будет полон ярких эмоций и вы будете гордиться тем местом, где учитесь. В данном посте хотелось бы рассказать о традициях отделения экономики",https://vk.com/wall-130344439_1331,пост
1331,1,Post 1331 (2018-08-29 22:00:11),". Зайдя в данную группу, наверняка, вы увидели прекрасную надпись последний оплот студпассива в ранепушке и задались вопросом а что же, собственно, такое - студпассив?. Студпассив - это святое. Он в сердце",https://vk.com/wall-130344439_1331,пост
1331,2,Post 1331 (2018-08-29 22:00:11),". Студпассив - это святое. Он в сердце. Данное понятие зародилось, когда после какого-то очень жесткого экзамена два студента я и id145608859Никита Фокин вышли в курилку и были крайне обескуражены тем, что во время проведения экзамена за дверьми играла музыка настолько громко, что сосредоточиться было просто невозможно",https://vk.com/wall-130344439_1331,пост
1331,3,Post 1331 (2018-08-29 22:00:11),". Мы придумали название данного движения и пуще прежнего стали ненавидеть представителей сообщества студактива мешали учиться они абсолютно всегда, с первых дней. Факт того, что ты состоишь в студактиве, может довести до того, что старшие курсы перестанут с вами даже здороваться если старшие курсы не в студактиве, конечно",https://vk.com/wall-130344439_1331,пост
1331,4,Post 1331 (2018-08-29 22:00:11),". такие есть, к сожалению Также в личку поступали вопросы от ребят, которые посмотрели мемасы в нашем паблике - а чем плохи кейсы и бухучет? Чем плохи аудиторы? Ответы на данные вопросы вы получите при личной встрече, так повелось. Начали с плохого, теперь с самого приятного",https://vk.com/wall-130344439_1331,пост
1331,5,Post 1331 (2018-08-29 22:00:11),". Начали с плохого, теперь с самого приятного. На отделении экономики существуют три самые важные традиции, которые уже много лет не нарушаются и, надеюсь, не будут нарушаться. Данные даты у вас могут спросить даже на зачетах и экзаменах если принимают студенты, такое тоже бывает. 1. Традиционная встреча в баре, которую вам уже анонсировали",https://vk.com/wall-130344439_1331,пост
1331,6,Post 1331 (2018-08-29 22:00:11),". На ней огромной дружной компанией все знакомятся, общаются, рассказывают первокурсникам о тонкостях учебы, о работе и дальнейших перспективах. К сожалению, из года в год часть первокурсников приходит, заказывает чаек и уходит через час-два. Это грустное зрелище, ни в коем случае не нужно стесняться, если хочется выпить. Главное знать свою меру. 2. Послекапустник",https://vk.com/wall-130344439_1331,пост
1331,7,Post 1331 (2018-08-29 22:00:11),". Главное знать свою меру. 2. Послекапустник. Капустник - студактивное мероприятие, на которое насильно заталкивают первокурсников и заставляют устраивать клоунаду на сцене, готовясь до этого в коридорах академии и мешая учебному процессу. В большинстве случаев это, к сожалению, обязательно",https://vk.com/wall-130344439_1331,пост
1331,8,Post 1331 (2018-08-29 22:00:11),". Но также, по традиции, каждый год студенты полностью на нем позорятся и идут на послекапустник опозориться на капустнике - круто. мы со старшими ребятами вам уже сценарий накатали, это будет незабываемо. кому интересно - в лс. Итак, послекапустник. После данной клоунады мы шумной толпой отправляемся в парк",https://vk.com/wall-130344439_1331,пост
1331,9,Post 1331 (2018-08-29 22:00:11),". Ранее традиция была направляться в парк напротив отделения полиции, но , в связи с тем, что нас несколько раз оттуда забирали, решили не рисковать. Место анонсируем позже. Также живое общение, гитара, песни и все прочие радости студенческой жизни. Ориентировочно - в конце сентября. 3. И, наверное, самое главное - посвят. Посвящение в первокурсники",https://vk.com/wall-130344439_1331,пост
1331,10,Post 1331 (2018-08-29 22:00:11),". Посвящение в первокурсники. Событие, которое старшие курсы ждут больше своего дня рождения, нового года и дня рождения кошки вместе взятые. Легендарное событие, проводящееся с субботы на воскресенье ближе к концу сентября после капустника или началу октября. Огромнейший коттедж с сауной, бассейном надеюсь, последнее будет, так как не всегда получается дом с бассейном ухватить",https://vk.com/wall-130344439_1331,пост
1331,11,Post 1331 (2018-08-29 22:00:11),". Куча тематических конкурсов, посвященных истории иканама, матану и прочих классных штук. Само посвящение в первокурсники - торжественная клятва иканаму и посвящение мистером посвятом встаете на колено, вас окрещают итд, дикие танцы студпассив не против танцев за территорией учебного заведения, веселье, новые знакомства и все прелести студенческой жизни",https://vk.com/wall-130344439_1331,пост
1331,12,Post 1331 (2018-08-29 22:00:11),". Я не советую пропускать данное мероприятие никогда это будет мой 7-й посвят. Вкратце описал значимые даты иканама. Надеюсь, было интересно. Если появились любые вопросы по учебетрадициями всему прочему - смело задавайте. Иканам - большая семья, где вы можете обратиться к любому - и он вам поможет. И, конечно, запомните следующие слова. Ботать - круто",https://vk.com/wall-130344439_1331,пост
1331,13,Post 1331 (2018-08-29 22:00:11),". Ботать - круто. Тусить вне академии - круто, студактив - говно. Проведем небольшой конкурс, разыграем две маечки, в которых некоторые представители студпассива тоже поедут дизайн может редактироваться по вашему желанию, главное - надпись студпассива на груди и спине. Условия - поставить в статусе в ВК слово студпассив или студактив - говно для даунов и поставить в комментариях",https://vk.com/wall-130344439_1331,пост
1331,14,Post 1331 (2018-08-29 22:00:11),". А на самом деле плевать, просто лайка - достаточно, но если поставите статус - это будет огромным плюсом. Победители будут выбраны рандомайзером. На этом, пока что , все. Вам понравится.",https://vk.com/wall-130344439_1331,пост
1331,1,Post 1331 (2018-08-29 22:00:11),"., , , На самом деле, ребят, делайте, что хотите, никто всерьез никого не будет осуждать, встречается с девушкой со студактива Дашей из первого коммента и сам такой, Тут отправили фото, id145608859Никита, конченный, Ребята! Вас пытаются обмануть! Этот человек не имеет никакого отношения к студпассиву, он - мошенник! Будте внимательны!, id6045249Филипп, пхахахахах",https://vk.com/wall-130344439_1331,комментарий
1331,2,Post 1331 (2018-08-29 22:00:11),". Я один из основателей студпассива, Филя. На самом деле это было до учебы, я был глупым школьником, который думал, что это ок. Но жизненный опыт привел меня в нужное русло. Студпассив в душе",https://vk.com/wall-130344439_1331,комментарий
1331,3,Post 1331 (2018-08-29 22:00:11),". Студпассив в душе., Филя тоже студактив, Как и семик, Я один никогда не изменял идеалам, id145608859Никита, ты вообще кейсер, id6045249Филипп, ебучий пиздабол, напиши двух соавторов сюда, ладно, нас трое кейсеров, id145608859Никита, классический пример того, как люди могут ошибаться на начальных курсах",https://vk.com/wall-130344439_1331,комментарий
1331,4,Post 1331 (2018-08-29 22:00:11),". Но когда вы услышите звуки бузовой за аудиторными дверьми - вы поймете наши слова., id6045249Филипп, не верьте студактиву, только что его на фотошопе поймал, id145608859Никита, так я и не верю семён осипов, он пиздабол ещё тот, id7560796Семён,, вы заебали сраться из за студпассива, три долбоеба",https://vk.com/wall-130344439_1331,комментарий
1331,5,Post 1331 (2018-08-29 22:00:11),". Студпассив - это выстраданное за уже почти 10 лет явление, когда жесткие пацаны, не ведясь на поводу у студактивного сообщества, начали организовывать свои посвяты, свои посиделки в парке напротив ОВД в 2009 там первый раз и собрались, играть в чгк в мгимо, ботать, прогать.",https://vk.com/wall-130344439_1331,комментарий
1331,6,Post 1331 (2018-08-29 22:00:11),".. Само слово ничего не значит, вы должны как и раньше продвигать слепо и верно идеи студпассива, потому что это - достояние всего ВЕЛИКОГО ИКАНАМА, и, надеюсь, его не проебет свежая кровь или три напыщенных пидораса. Берегите наследие! Студпассив! Сначала была идея а не слово!, id3577476Никита, да, я каюсь за то, что не указал на то, что идея была задолго до введения простого понятия",https://vk.com/wall-130344439_1331,комментарий
1331,7,Post 1331 (2018-08-29 22:00:11),". Мы храним это и периодически напоминаем об этом молодым. Боже, храни студпассив., id7560796Семён, я не к этому доебываюсь, у вас просто срач по поводу того, кто придумал слово студпассив",https://vk.com/wall-130344439_1331,комментарий
1331,8,Post 1331 (2018-08-29 22:00:11),". Сделайте еще бренд и продавайте футболки ебана, id3577476Никита, если внимательно почитаешь комменты, срач абсолютно не из-за этого, id3577476Никита, ты че моащб, я каратель отряда студпассив, а ты в конкурсе мистер Ранхигс участвовал, не пиши сюда ничего, id145608859Никита,, чет в голос, id7560796Семён, ну всегда либо из за нвзвания, либо кто какие грехи сочинял, id3577476Никита",https://vk.com/wall-130344439_1331,комментарий
1331,9,Post 1331 (2018-08-29 22:00:11),", либо кто какие грехи сочинял, id3577476Никита, давно мы один раз об этом срались по фану, сейчас об этом речи не было, просто подтраливаем друг друга зашкварами, id3577476Никита, моазб, Филипп только что был публично обсосан за фотошоп, ты ебучиц мистер Ранхигс Не Пиши Сюда, id7560796Семён, молодежь может не так понять, id145608859Никита, ебать кейсеры разпизделись, id3577476Никита",https://vk.com/wall-130344439_1331,комментарий
1331,10,Post 1331 (2018-08-29 22:00:11),", ебать кейсеры разпизделись, id3577476Никита, не я начал троллинг и сам это понимаю",https://vk.com/wall-130344439_1331,комментарий
1331,11,Post 1331 (2018-08-29 22:00:11),". Я думаю, они прочтут все комменты и поймут, что в комментах просто угар друг на другом, но суть в том, что все мы - студпассив и топим за правильное дело, id3577476Никита, как мистер Ранхигс мог создать идею студпассива?, id145608859Никита, я ниче не создавал лол Иканам самодостаточен и я верю, что студпассив был бы, даже без тебя, меня, фили, семена.",https://vk.com/wall-130344439_1331,комментарий
1331,12,Post 1331 (2018-08-29 22:00:11),".? ну а чтобы понять, что я никак не мистер ранхигс, достаточно просто посмотреть на мой ебальник, , id3577476Никита, 2009 не первый раз с 2007 там эконом, Правда это было до капустника, а не после. Храбрости набирались, , id449910310Maxim, не, у нас было после уже, id449910310Maxim, да, я просто не стал говорить от имени всех поколений, , , , , ",https://vk.com/wall-130344439_1331,комментарий
1339,0,Post 1339 (2018-08-29 22:32:58),"Сегодня прям день опросов. Возникла проблема, созываю иканам на совет. Традиционное место встречи в начале сентября, папас, требует большой депозит. Раньше они никогда его не требовали",https://vk.com/wall-130344439_1339,пост
1339,1,Post 1339 (2018-08-29 22:32:58),". Раньше они никогда его не требовали. В связи с этим есть три мысли - пойти тусить на улице например ПГ, но делать это аккуратно - пойти в дакстарс - пойти в другой бар если у вас есть на примете, напишите в комментах что это за место, что за акции и тп. Вне зависимости от итогов голосования, мы на всякий случай броним на понедельник бар. Если неожиданно пойдёт дождь, то мы сможем пойти туда",https://vk.com/wall-130344439_1339,пост
1339,2,Post 1339 (2018-08-29 22:32:58),". Если много людей будет против идеи устроить вечеринку на улице, мы пойдём в бар.",https://vk.com/wall-130344439_1339,пост
1380,0,Post 1380 (2018-09-01 22:16:10),"Ура, друзья! Мы наконец-то забронировали бар. В этом году мы идём в Duckstars, метро Маяковская, Благовещенский переулок, дом 31. Встречаемся 3 числа в 1700 у метро если ехать из центра, из поезда налево, после эскалатора направо. ДА СВЕРШИТСЯ БАР",https://vk.com/wall-130344439_1380,пост
1380,0,Post 1380 (2018-09-01 22:16:10),"отписка, Что-то вы слишком рано., Нормально, Тут отправили фото, лайки фибоначчи upd жду пять лойсов",https://vk.com/wall-130344439_1380,комментарий
1390,0,Post 1390 (2018-09-04 07:43:26),"Перваки, надеюсь вам все понравилось и вы с легкостью вольетесь в нашу большую семью Хорошего дня и поменьше головной боли",https://vk.com/wall-130344439_1390,пост
1390,0,Post 1390 (2018-09-04 07:43:26),"Вы оказались достаточно сильными, перваки, мы вами гордимся до встречи на послекапустнике, будем продолжать готовиться к посвяту., Но до конца ни один не дожил, id58366872Станислав, опыт со временем придёт.",https://vk.com/wall-130344439_1390,комментарий
1393,0,Post 1393 (2018-09-04 10:47:03),"Вчера очень классно сходили в бар, но я проснулся и у меня то самое чувство, когда рядом лежит чек на 90k и ты его почти весь оплатил. Из этих 90к до меня сейчас дошли около 20k. Отдайте пожалуйста мне деньги. Перевод можно сделать по номеру телефона 8 916 949 32 04. Либо Сбербанк либо Тинькофф. Если вы договорились c id69818531Юлей, что кините деньгие ей, кидайте ей",https://vk.com/wall-130344439_1393,пост
1393,1,Post 1393 (2018-09-04 10:47:03),". Она сагрегирует и перешлёт мне. P.S. Плиз не забывайте, что в счёт включается 10 чаевых. Не забывайте их тоже докидывать. Спасибо. P.P.S. КТО НЕ СКИНЕТ, ТОГО ОТЧИСЛЯТ",https://vk.com/wall-130344439_1393,пост
1393,0,Post 1393 (2018-09-04 10:47:03),"Ебать, Блин, удачи тебе что ли., Ну вы нажрались, Тут отправили фото, Вы мне не мемесы кидайте, а деньги, Денег нет, но ты держись!, id6045249Филипп, только не отчисляй, id6045249Филипп, хороший мем дороже денег., id6045249Филипп, я на тусы никогда не ходила и не буду ходить, однако деньги могу скинуть. Но только на дошик",https://vk.com/wall-130344439_1393,комментарий
1393,1,Post 1393 (2018-09-04 10:47:03),". Но только на дошик. Дошик - от народа!, Каждый год одно и то же бухают все, платит Филя, Тут отправили фото, Вот позорники",https://vk.com/wall-130344439_1393,комментарий
1393,2,Post 1393 (2018-09-04 10:47:03),". Филя, заканчивай с альтруизмом, Здесь коммент в стиле а я ж говорил, Здесь коммент в стиле вы шо, 2к депозит в папасе это очень дорого, не подумал, что люди Кудрина никогда не ошибаются, id6045249Филипп, блять этим ошибкам уже лет пять, id18236049Igor, 18 лет, Кудрин у руля с 2000-ных, Тут отправили фото, id1634318Кирилл, какой-то сложный мем",https://vk.com/wall-130344439_1393,комментарий
1424,0,Post 1424 (2018-09-07 22:31:26),"СВЕРШИЛОСЬ! На подходе самое долгожданное и важное событие студенческой жизни, ПОСВЯЩЕНИЕ первокурсников! На это мероприятие обычно собираются все курсы, включая выпускников, поэтому это ОТЛИЧНАЯ возможность обрести знакомых среди старших курсов, пообщаться на интересующие темы о нашем факультете, познакомиться с его прошлым и создать будущее",https://vk.com/wall-130344439_1424,пост
1424,1,Post 1424 (2018-09-07 22:31:26),"! Также первокурсников ждет ОСОБАЯ церемония посвящения, после которой вы официально получаете почетное звание студента ЭФ!! В этом году мы сняли огромный трехэтажный дом с большим кол-вом спальных мест, огромным залом, бассейном, игровой комнатой бильярд, настольный теннис",https://vk.com/wall-130344439_1424,пост
1424,2,Post 1424 (2018-09-07 22:31:26),". Вас ждет много вкусной еды, огромное разнообразие качественного алкоголя и других напитков. Состоится посвящение с 6 на 7 октября с субботы на воскресенье. Цена посещения данного мероприятия первые недели составляет 3000200 депозит, позже цена может повыситься",https://vk.com/wall-130344439_1424,пост
1424,3,Post 1424 (2018-09-07 22:31:26),". Скидывать деньги можно по номеру 8-926-932-58-23 на имя Максима карта сбербанка- ГЛАВНОЕ писать фамилию, чтобы знать, кто именно сдал, либо можно отдать наличными среди недели, встретив в академии id50471454вот этого парня.",https://vk.com/wall-130344439_1424,пост
1424,0,Post 1424 (2018-09-07 22:31:26),"Эх, ждём главное приключение года!, Скажите адрес коттеджа, ребята, id46358395Кристина, деревня ямонтово, луговая 15. Но заезд со стороны раздольной улицы, сайт коттеджа",https://vk.com/wall-130344439_1424,комментарий
1431,0,Post 1431 (2018-09-11 00:21:35),"А мы тем временем продолжаем напоминать про главное событие года, поэтому ловите еще фоточек дома на посвят. Кстати, многие спрашивали, где он находится, поэтому адрес прикрепляем тоже Воскресенское поселение, Ямонтово деревня, ехать удобнее всего от метро Бунинская аллея",https://vk.com/wall-130344439_1431,пост
1432,0,Post 1432 (2018-09-11 00:35:22),"Ребяточки, конкурс маек с шикарной гордой надписью студпассив подошел к концу. В выборку вошли лайкнувшие первокурсники и написавшие представители первых и других курсов. Я думаю, так будет честно. Результаты ниже. Напишите мне свои размеры в лс, будем делать заказ",https://vk.com/wall-130344439_1432,пост
1432,1,Post 1432 (2018-09-11 00:35:22),". Кто не выиграл - не расстраивайтесь! Студпассив - это не майка, а состояние души! На посвяте вас ждет ох как много всего интересного.",https://vk.com/wall-130344439_1432,пост
1435,0,Post 1435 (2018-09-11 20:11:23),"Чуть больше недели назад, на стенке было два опроса. Давайте подведём их итоги. 1. Наследие НЕ переезжает на яндекс-диск. Оно остаётся на гугле. 2. Вот ссылка на чат вк 3. Аналогичная ссылка на чат в telegram Посмотрим какой из них проживёт дольше",https://vk.com/wall-130344439_1435,пост
1435,1,Post 1435 (2018-09-11 20:11:23),". Идеология чата У многих из нас переодически возникают вопросы А откуда достать данные?, A есть ли в блумберге вот это?, Ни у кого нет статьи про то как считают вот это? и тп Кому-то ответы на эти вопросы нужны для нира, кому-то по работе, а кто-то просто любознательный. Сейчас такие вопросы падают в разные локальные чаты. Данный чат призван агрегировать мудрость",https://vk.com/wall-130344439_1435,пост
1435,2,Post 1435 (2018-09-11 20:11:23),". Данный чат призван агрегировать мудрость. В чате можно спрашивать и отвечать. Примеры реальных ситуаций, когда может понадобиться мудрость чата 1. Есть кто-нибудь в блумберге в ближайшие пару часов? Очень нужно выгрузить вот эту штуку. Проставлю пивас, обещаю. 2. Гайз, никто не знает, когда появится в спарке полная отчётность за 2017 год? 3",https://vk.com/wall-130344439_1435,пост
1435,3,Post 1435 (2018-09-11 20:11:23),". Никто не знает откуда можно скачать для россии таблицы смертности населения, может кто-то работал с такими даннными 4. А нет у кого-то годной статьи, где расписана методика расчёта лимита кредитования клиентов ? Всё, что нашёл полное говно. Имеется в виду ситуация, когда он только заходит в банк и не имеет никаких продуктов. 5",https://vk.com/wall-130344439_1435,пост
1435,4,Post 1435 (2018-09-11 20:11:23),". 5. Ребята, хочу поучаствовать в универсиаде по эконометрике, нужна команда и наставник. Есть желающие? Что нельзя делать в чате - Использовать его для поиска ответов на тупые вопросы вместо гугла либо до гугла",https://vk.com/wall-130344439_1435,пост
1435,5,Post 1435 (2018-09-11 20:11:23),". - Флудить - Обсуждать новости, политику и пьянки - Присылать мемасы - Задавать вопросы в стиле А что такое производная? или А как решить вот эту задачу из моей домашки по макре? - Заниматься хэйтспичем. Если вы не согласны с чьим-то ответом, не нужно называть человека долбоёбом. Это может быть обидно. Просто предоставьте альтернативную версию ответа",https://vk.com/wall-130344439_1435,пост
1435,6,Post 1435 (2018-09-11 20:11:23),". Просто предоставьте альтернативную версию ответа. Нарушение правил карается изгнанием на какой-то срок. Повторное нарушение повторное изгнание на более длительный срок. Возможно ли, что чат умрёт? Да, вероятно. Возможно ли, что в него никто так и не напишет ни одного сообщения? Да, возможно. Может ли быть такое, что в итоге я всех забаню? Да, может",https://vk.com/wall-130344439_1435,пост
1435,7,Post 1435 (2018-09-11 20:11:23),". А может ли быть такое, что из него получится что-то хорошее? Маловероятно, но тоже может. Почему бы не попробовать.",https://vk.com/wall-130344439_1435,пост
1435,0,Post 1435 (2018-09-11 20:11:23),"Филя намутил опрос ВК vs Telega, побеждает ВК и в итогах он пишет, что создает оба Чувствую, что каждый голос значим, id150423338Руслан, за этот флуд ты был бы забанен на какой-то срок., id3768264Alexander, спасибо, что не посадят., Новая ссылка для вк",https://vk.com/wall-130344439_1435,комментарий
1442,0,Post 1442 (2018-09-15 22:13:27),"Ору, бля это очень неплохо, Если бы они родились в штатах, они были бы лезбами. 100",https://vk.com/wall-130344439_1442,комментарий
1448,0,Post 1448 (2018-09-16 16:42:04),"Ну че, хикканы, сидящие за книжками, уже покрылись плесенью и убили свою печень?",https://vk.com/wall-130344439_1448,пост
1448,0,Post 1448 (2018-09-16 16:42:04),"просто минус социальный навык щас, id3577476Никита, братик, а каким средством от плесени ты пользуешься?, я не знаю как ответить, потому что недостаточно социальна, id7560796Семён, studactive PRO dance per rectum, id3577476Никита, спасибо! Закажу после таблеток для печени",https://vk.com/wall-130344439_1448,комментарий
1448,1,Post 1448 (2018-09-16 16:42:04),". Денег не хватает, тк не могу на работу устроиться из-за отсутствия социальных навыков, Зато у тебя сохранённые картинки классные",https://vk.com/wall-130344439_1448,комментарий
1448,2,Post 1448 (2018-09-16 16:42:04),"!, id6045249Филипп,, Бухающие хикканы - что-то новенькое, Kirill, сиди в своей норе и проебывай возможности, как я, понял?, id3577476Никита, а что делать, если я хочу попасть в топовую компанию?, id6045249Филипп, сука, без социальных навыков сиди в своем дегродском яндехе, пока норм пацаны социально активны в четверке на кейсах, Ок",https://vk.com/wall-130344439_1448,комментарий
1448,3,Post 1448 (2018-09-16 16:42:04),". Если бы я ходил в вузе в клуб ораторских дебатов, я бы смог парировать твой выпад, но не могу., id6045249Филипп, то то же",https://vk.com/wall-130344439_1448,комментарий
1462,0,Post 1462 (2018-09-16 17:44:29),"Я по ходу даун, но я не понимаю, id6045249Филипп, у тебя прост тоже дырявые ложки, У меня настолько нет социальных навыков, что я не знаю что делают дырявыми ложками., id6045249Филипп, просто подожди и они плесенью зарастут",https://vk.com/wall-130344439_1462,комментарий
1467,0,Post 1467 (2018-09-17 11:59:57),"Когда я вернулась с выезда школы пассива Мотан Круто мне сказали Молодая, ты очень изменилась. Действительно, я и сама это чувствовала. Всего за пару дней на МК во мне зажгли самый яркий на свете огонь. Рассказ о моём выезде занял бы многие абзацы, но я хочу оставить это в сердцах всей моей команды друзей Владимира Носко и перейти к тому, почему в этом году я хочувмк как часть рабочей группы",https://vk.com/wall-130344439_1467,пост
1467,1,Post 1467 (2018-09-17 11:59:57),". Сразу по приезде домой после МК я попробовала прикинуть, сколько сил вложено в написанный код. Как старался в частности наш препод Максим, не спавший ночами. Вспомнила, как перед экзаменом он сходу разъебал мой код пузырька, хотя увидел впервые. И я подумала Тоже хочу так прогать!. Но я боялась, что не готова. Ну, тогда на самом деле не была. А вот сейчас можно поспорить",https://vk.com/wall-130344439_1467,пост
1467,2,Post 1467 (2018-09-17 11:59:57),". А вот сейчас можно поспорить. За почти год я приобрела много опыта. Вошла в число лучших перваков Посвята 2017. Была частью рабочей группы Послекапустника и ежепонедельничной пьянки в папасе. Выезжала волонтёркой на в блумберг в выходной вместо Генералова подвиг, на формум Ломоносов, на круглый стол молодых ученых, работала в автономной команде на брейнтизерах в ЦМФ",https://vk.com/wall-130344439_1467,пост
1467,3,Post 1467 (2018-09-17 11:59:57),". Начала вести группу для нашего молодого проекта СТУДПАССИВ ИСК. Но не хочу много хвалиться. В целом, я поняла, что всё далеко не так легко, как может показаться. Но также и то, что со всеми трудностями ты сталкиваешься не в одиночку, а с командой, и вместе вы можете творить чудеса. На своём потоке я с начала первого курса считаюсь мамой",https://vk.com/wall-130344439_1467,пост
1467,4,Post 1467 (2018-09-17 11:59:57),". Так же меня в шутку с первых часов называли участники моей команды на Универсиаде по Эконометрике. Образовательной она стала и для меня работая младшим тьютором тот который ведет предметы, а не ебучий студактив, я поняла, как лучше сплотить команду и правильно организовать в ней работу над проектом",https://vk.com/wall-130344439_1467,пост
1467,5,Post 1467 (2018-09-17 11:59:57),". Я окончательно убедилась, что любая группа способна быть мега трудоспособной, если к ней найти верный подход. И тогда они будут готовы покорить даже четвертую часть двухтомника Носко. Детей моих я нашла и в своих первокурсниках, когда решилась быть их куратором тот который ведет предметы, а не ебучий студактив 2, студактивные кураторы не нужны",https://vk.com/wall-130344439_1467,пост
1467,6,Post 1467 (2018-09-17 11:59:57),". Тогда пришлось усвоить, что если ты за что-то взялась, то обязательно выполни останься с ними на подготовку к ЦМФ до девяти часов вечера, оторвись от перечитывания первого тома Носко и ответь на их вопросы, будь дружелюбной и любящей, лучшей на свете. И тогда их благодарные глаза будут твоей бесценной наградой",https://vk.com/wall-130344439_1467,пост
1467,7,Post 1467 (2018-09-17 11:59:57),". Самым значимым проектом для меня стала майская конференция 2018, на котором порой мне приходилось выполнять обязанности трёх людей одновременно",https://vk.com/wall-130344439_1467,пост
1467,8,Post 1467 (2018-09-17 11:59:57),". Я не проходила дневную норму шагов даже до полудня ведь надо было ебашить презу и, кажется, выучила наизусть весь 223 кабинет Дела физически накладывались друг на друга, но разве их сделает кто-то другой? Порой необходимо войти в бешеный ритм, когда у тебя расписана каждая минута. И тогда ты будешь одной из первых, к кому с вопросами будут обращаться даже организаторы",https://vk.com/wall-130344439_1467,пост
1467,9,Post 1467 (2018-09-17 11:59:57),". Самой не верится, какая значительная трансформация произошла со мной за этот год. Не описать словами, как я рада и благодарна этому. И я всем сердцем хочу, чтобы такие же изменения произошли с нынешними первокурсниками, чтобы они после выезда могли сказать Старого меня больше нет. Я стал лучше и не собираюсь останавливаться. СТУПАССИВ АНТИКЕЙС",https://vk.com/wall-130344439_1467,пост
1467,10,Post 1467 (2018-09-17 11:59:57),". СТУПАССИВ АНТИКЕЙС. А чтобы мой пост не был слишком скучным, я сделала подборку топовые мемы запиленные иканамом, в которой абстрактно отразила основные шутки над бездарным студактивом и кейсклубом и то, с чем им приходится сталкиваться и за что их стоит рофлить и орать с них. Все совпадения случайны нет. Спасибо за внимание! P.S",https://vk.com/wall-130344439_1467,пост
1467,11,Post 1467 (2018-09-17 11:59:57),". Спасибо за внимание! P.S. Никто не мешает нам сидеть как ебанные хикканы за книжками, покрываться плесенью и убивать свою печень На здоровье. P.P.S А есть противопоставление социальных людей норм людям студпассив антикейс Да сидите вы по норам своим прогайте, проёбывайте возможности для социальных навыков учите мотан, никого не заставляем не будете ботать вас отчислят",https://vk.com/wall-130344439_1467,пост
1467,1,Post 1467 (2018-09-17 11:59:57),"., Паблик разрывает от контента в последнее время просто, id49853608Alexander, сентябрь же, id150423338Ruslan, а, точно, горит же, id49853608Alexander, Димасик плачет, Ор выше гор, Это гениально! Ты крутая!, Тут отправили фото, офигеть, какой ты классный!, Уже было, но я повторюсь - ЭТО ШЕДЕВР, id7560796Семён, в её блуме всем найдется место, Такая сильная и смелая",https://vk.com/wall-130344439_1467,комментарий
1467,2,Post 1467 (2018-09-17 11:59:57),"!, автор, ты сука?, id422456561Кекропс, а ты студактив или кейпер?, Ну вы и пидроооны, конечно, id68358892Анастасия, зачем опять обзываешься и грубишь? Откуда столько агрессии в такой милой девочке? Тут прозвучало хоть какое-то оскорбление в твою сторону? Все это лишь легкий веселый ответ на твои прямые оскорбления в нашу сторону, мы за мир",https://vk.com/wall-130344439_1467,комментарий
1467,3,Post 1467 (2018-09-17 11:59:57),"., Иканам, это выглядит как травля, а не лёгкий весёлый ответ, id68358892Анастасия, это не подразумевалось как травля. В посте нет ни одного прямого оскорбления и перехода на личности. А материть всех ребят и называть нас ебаными хиканами - это ок, как ты считаешь?, Иканам, это вполне логичная реакция на то, как воспринимают любую студенческую активность",https://vk.com/wall-130344439_1467,комментарий
1467,4,Post 1467 (2018-09-17 11:59:57),". То, что я психанула на систематический прессинг - неудивительно. Впрочем, творите, что угодно, id68358892Анастасия, ну если это логичная реакция, то нам жаль. Никто даже из студпассива к тебе плохо не относится, Иканам, я хочу верить, что это не сарказм",https://vk.com/wall-130344439_1467,комментарий
1467,5,Post 1467 (2018-09-17 11:59:57),". Потому что становится очень обидно, когда ищешь среди тех же первокурсников заинтересованных людей, не принуждая их ни к чему, но ловишь хейт и обесценивание того, ради чего ты стараешься, id68358892Анастасия, по поводу не принуждения я бы поспорил",https://vk.com/wall-130344439_1467,комментарий
1467,6,Post 1467 (2018-09-17 11:59:57),". Мы явно и открыто против студактива, но ни в коем случае не хотим кого-то затравить личностно, Иканам, нам приходится так много спамить, потому что хотим, чтобы все точно заметили, увидели и подумали. Потому что регулярно кто-то говорит А я не знал, мне не сказали, и нам влетает по шапке. Когда мы принуждали?, id68358892Анастасия, это уже другая история, не относящаяся к настоящему вопросу",https://vk.com/wall-130344439_1467,комментарий
1467,7,Post 1467 (2018-09-17 11:59:57),". Один капустник обязательный уже чего стоит. Просто знай, что никто не собирается тебя травить. Мы за мир между людьми. Нравится студактив - ради бога",https://vk.com/wall-130344439_1467,комментарий
1467,8,Post 1467 (2018-09-17 11:59:57),". Но нам нравится СТУДПАССИВ, АНТИКЕЙС! И МЫ БУДЕМ ДЕЛАТЬ ВСЕ, ЧТОБЫ ОН ПРОЦВЕТАЛ!, Иканам, он не обязательный, мы собрали желающих, Иканам, просто стало обидно с того, что я регулярно встречаю обесценивание всего, что делаю, а стоило один раз психануть в ответ, и я получаю в лицо кучу издевательств, id68358892Анастасия, вышли список всех, кто туда добровольно записался",https://vk.com/wall-130344439_1467,комментарий
1467,9,Post 1467 (2018-09-17 11:59:57),". Ну вот, надо уметь контролировать свои эмоции, Иканам, их никто не держит И что, мне постоянно тихонько сидеть и контролировать эмоции, когда обо всём, что мы делаем, я слышу Ой, это всё херня?",https://vk.com/wall-130344439_1467,комментарий
1467,10,Post 1467 (2018-09-17 11:59:57),". Никогда не говорила никому забивать на учёбу даже наоборот, если бы вы посмотрели страницу, зато постоянно встречаю негативное освещение любой соц активности, id68358892Анастасия, сколько людей, столько и мнений. Нужно уметь держать в себя в руках. Надеюсь, что ты вынесла из нашего разговора то, что травли личностной никакой не было и быть не может. А травля студактива есть и будет",https://vk.com/wall-130344439_1467,комментарий
1467,11,Post 1467 (2018-09-17 11:59:57),". А травля студактива есть и будет. Во имя Владимира Петровича Носко. Хорошего дня, Иканам, тем не менее, последние посты направлены на личную издевку, id68358892Анастасия, мы не считаем, что перефразированный пост с твоей страницы, касаемый пропаганды студактива, является оскорблением тебя. Мы не обсуждали твой цвет волос, например, майку и рубашку например",https://vk.com/wall-130344439_1467,комментарий
1467,12,Post 1467 (2018-09-17 11:59:57),". Триггером послужило твое оскорбление в нашу сторону об этом мы уже поговорили и явная студактивная агитация, которую мы не смогли пройти мимо. Пост был направлен исключительно для высмеивания студактива, но не тебя. К сожалению, не могу продолжать дискуссию, надо идти ботать. Студпассив зовет. Надеюсь, когда-нибудь, ты все осознаешь и примкнешь в наши ряды",https://vk.com/wall-130344439_1467,комментарий
1467,13,Post 1467 (2018-09-17 11:59:57),"., Иканам, для высмеивания студактива через переписывание моих постов и прямого издевательства в комментах? Оставьте меня в покое., Иканам,, id68358892Анастасия, надо быть готовой, к тому, что над тобой будут шутить, как шутят над преподами или шутят над студактивными мероприятиями. Любой твой неудачный писк здесь может стать набросом говна на вентилятор или локальным мемасом",https://vk.com/wall-130344439_1467,комментарий
1467,14,Post 1467 (2018-09-17 11:59:57),". Тут уж либо смирись, либо стань покрытым плесенью социофобом.0000, id68358892Анастасия, ты не коран в конце концов, чтобы за шутки над тобой прилетала условка.",https://vk.com/wall-130344439_1467,комментарий
1506,0,Post 1506 (2018-09-19 09:10:05),"спецкурс Большие данные на мехмате МГУ возможно можно договориться и ходить студентам неМГУ? Расскажем об основных подходах к обработке больших данных, научим пользоваться общедоступными инструментами и покажем реальные аналитические системы. Спецкурс доступен для всех студентов МГУ, каждую пятницу с 28 сентября, 1645, аудитория 12-06 мехмат МГУ, ГЗ",https://vk.com/wall-130344439_1506,пост
1506,0,Post 1506 (2018-09-19 09:10:05),"Один из способов договориться подойти к Чирскому и сказать ПЛИИИЗЗЗЗ, очень хочу, можно пожалуйста пропуск на мехмат? У нас прокатило, он выписывал его от своей кафедры. Ясное дело, что после просьбы надо будет дать ему ксерокопии паспорта и подождать пока пропуск выпишут. Бюрократия ван лаве.",https://vk.com/wall-130344439_1506,комментарий
1508,0,Post 1508 (2018-09-19 21:16:05),"Настал тот самый момент, когда мне в личку и в личку многим другим пишут вопросы Какого научника выбрать? А что знаешь про этого чувака? А про этого? Давайте попробуем задавать такие вопросы в комментах под этим постом. Кто что-то знает про того научрука, о котором вопрос, плиз отвечайте.",https://vk.com/wall-130344439_1508,пост
1508,0,Post 1508 (2018-09-19 21:16:05),"Филь, я хочу тебя Возьми плз, id141699203Ира, звучит двусмысленно, Шилова Зайка солнышко все берите Надежду Викторовну, Филя, такими темпами даже я скоро начну думать, что ты гей, id32218565Алексей, тут думать не надо особо, id32218565Алексей, не твой, вот и бесишься, Перевышин Зайка солнышко все берите Юрия Николаевича, Если серьёзно, тема реально полезная",https://vk.com/wall-130344439_1508,комментарий
1508,1,Post 1508 (2018-09-19 21:16:05),", Если серьёзно, тема реально полезная, а Перевышин реально классный Контролирует, наставляет, приветствует инициативу Всегда отзывчив, готов обсуждать, умеет слышать Требователен В своём отношении объективен, всегда доброжелательно настроен, общение строится легко Если готов постоянно, систематически работать",https://vk.com/wall-130344439_1508,комментарий
1508,2,Post 1508 (2018-09-19 21:16:05),", систематически работать, не хочешь все откладывать на последний момент и хочешь чувствовать себя спокойно на защите - welcome, id33447090Луиза, лойс",https://vk.com/wall-130344439_1508,комментарий
1522,0,Post 1522 (2018-09-20 21:07:44),"Если кому-то вдруг нужна Stata 14.2, то вот она. Теперь и в Наследии.",https://vk.com/wall-130344439_1522,пост
1523,0,Post 1523 (2018-09-21 13:13:37),"До посвята осталось ВСЕГО 15 ДНЕЙ! А какой посвят без музыки? Все треки, которые хотели бы услышать 6 октября, кидаем в комменты, либо в лс id70404451Кириллу.",https://vk.com/wall-130344439_1523,пост
1523,0,Post 1523 (2018-09-21 13:13:37),"Тут отправили фото, Тут отправили фото, Тут отправили фото, Тут отправили фото, Тут отправили фото, Тут отправили фото, Тут отправили фото, Тут отправили фото, Тут отправили фото, id3739940Kirill,, Ну, поехали, id3768264Alexander, тебя бы сразу в диджеи, Тут отправили фото, Тут отправили фото, Это позалипать под конец, Тут отправили фото, Ну без них никак",https://vk.com/wall-130344439_1523,комментарий
1523,1,Post 1523 (2018-09-21 13:13:37),"., Тут отправили фото, Тут отправили фото, Должны быть песни из американского пирога, немного пожестить, Под утро для сильных, Тут отправили фото, Тут отправили фото, немного протекционизма, Тут отправили фото, Нет, песни никак не связаны. Никаких намеков, Тут отправили фото, Тут отправили фото, Тут отправили фото, Марфа девушкам зайдет, мамой клянусь",https://vk.com/wall-130344439_1523,комментарий
1523,3,Post 1523 (2018-09-21 13:13:37),"., Тут отправили фото, медлячки, которые почти не медлячки, Тут отправили фото, Тут отправили фото, Тут отправили фото, Никаких сомнений, что они должны быть, Тут отправили фото, Еще россиян, для ценителей, Тут отправили фото, Тут отправили фото, Тут отправили фото, Тут отправили фото, Тут отправили фото, Тут отправили фото, Тут отправили фото, id6045249Филипп",https://vk.com/wall-130344439_1523,комментарий
1523,4,Post 1523 (2018-09-21 13:13:37),", Тут отправили фото, id6045249Филипп, фак зис щит айм аут, Тут отправили фото, id7560796Семён, караоке там есть",https://vk.com/wall-130344439_1523,комментарий
1523,5,Post 1523 (2018-09-21 13:13:37),"?, id3768264Alexander, к мистеру посвяту вопрос, я сплю, id7560796Семён, доброй ночи, Тут отправили фото, Тут отправили фото, Тут отправили фото, Тут отправили фото, id7560796Семён,, Тут отправили фото, Тут отправили фото, и обязательно для Филечки, id3768264Alexander,, id49853608Александр, разврат",https://vk.com/wall-130344439_1523,комментарий
1523,6,Post 1523 (2018-09-21 13:13:37),"!, id141699203Ира, а я стеснялся их добавлять, думал, не зайдут, слишком веселенькие, id3768264Alexander, они же божественные, не могут не зайти, Тут отправили фото, Тут отправили фото, Тут отправили фото, id3768264Alexander, могу, умею, практикую, Для весёленьких танцев, Тут отправили фото, Тут отправили фото, Тут отправили фото, 00, Тут отправили фото",https://vk.com/wall-130344439_1523,комментарий
1523,7,Post 1523 (2018-09-21 13:13:37),", Тут отправили фото, 00, Тут отправили фото, Тут отправили фото, Тут отправили фото, Тут отправили фото, Тут отправили фото, Тут отправили фото, id6045249Филипп,, id3768264Alexander, к молли добавил бы вечеринку с бассейном, id4561519Алексей, так, ты прогуливаешь, id3768264Alexander, так я тебе предлагаю добавить, id4561519Алексей, я бы добавил, ЕСЛИ БЫ ХОТЕЛ",https://vk.com/wall-130344439_1523,комментарий
1523,8,Post 1523 (2018-09-21 13:13:37),"., Тут отправили фото, id3768264Alexander, воу воу воу, Тут отправили фото, Тут отправили фото, Тут отправили фото, Тут отправили фото, Тут отправили фото, Тут отправили фото, Тут отправили фото, Тут отправили фото, Тут отправили фото, Тут отправили фото, Тут отправили фото, Тут отправили фото, Тут отправили фото, Тут отправили фото",https://vk.com/wall-130344439_1523,комментарий
1596,0,Post 1596 (2018-09-22 19:39:37),"Т.к. выигравший первокурсник не едет на посвят, его маечка с топовым дизайном от Студпассива разыгрывается прямо тут. Условия быть первокурсникомцей лайкнуть запись поехать на посвят Победителя выберу рандомайзером до понедельника",https://vk.com/wall-130344439_1596,пост
1596,0,Post 1596 (2018-09-22 19:39:37),"первый курс маги ведь считается?0, биг дата не считается за магу, сори, id6045249Филипп, ведь биг дата ШАД, а ШАД не мага",https://vk.com/wall-130344439_1596,комментарий
1599,0,Post 1599 (2018-09-23 12:12:23),"Старость - это когда в таблице людей, которые сдали деньги на посвят, ты находишься даже не в колонке магистры.",https://vk.com/wall-130344439_1599,пост
1599,0,Post 1599 (2018-09-23 12:12:23),"ты находишься в колонке спонсоры, Золотой партнёр посвята. Осталось придумать что можно рекламировать на его основе., Тут отправили фото, id219243643Дарья, это называется кредитор, id6045249Филипп, добро пожаловать в клуб, Задолбали ныть",https://vk.com/wall-130344439_1599,комментарий
1615,0,Post 1615 (2018-09-23 19:08:46),И победителем конкурса на последнюю дизайнерскую футболку Студпассива от именитого дизайнера FokinND среди первокурсников бакалавриата становится. Полина! Поздравляем!,https://vk.com/wall-130344439_1615,пост
1615,0,Post 1615 (2018-09-23 19:08:46),"ее, Ебать сема как ты проимпрувил код, какой же ты жёсткий аналитик, id18236049Игорь, чёт в голос орнул с кода, до твоего коммента не обращал внимания 00, да впадлу было поименно вытаскивать, половина копипаста со старых уникальность кода - 3 строчки, id18236049Игорь, го конкурс, кто напишет этот же код в меньшее количество символов, чем я, тот получает майку с твоего тела",https://vk.com/wall-130344439_1615,комментарий
1615,1,Post 1615 (2018-09-23 19:08:46),", чем я, тот получает майку с твоего тела, id6045249Филипп, я потратил на него две минуты, нахуя еще меньше, id7560796Семён, не минут, символов, id6045249Филипп, я к тому, что мне похуй на длину кода, я копипастнул начало и подписал пару строк, Ты так завуалированно пытаешься сказать, что тебе наплевать на молдованина",https://vk.com/wall-130344439_1615,комментарий
1615,2,Post 1615 (2018-09-23 19:08:46),"?, id6045249Филипп, нет, я люблю его и тебя иногда, id6045249Филипп, а как же футболка с тела Артемия Лебедева ?, id6045249Филипп, я готов принять твой вызов, id73614108Ахмед, ну го, но я думаю у нас одинаково получится по итогу, откуда мы знаем что код запускался один раз? In 1 не предлагать требую set",https://vk.com/wall-130344439_1615,комментарий
1615,3,Post 1615 (2018-09-23 19:08:46),".seed для воспроизводимости результатов, id26579546Максим, так он перебор по сиду сделает и выберет тот, который ему нравится, id26579546Максим, именно так я выбрал чувака, который не едет на посвят",https://vk.com/wall-130344439_1615,комментарий
1638,0,Post 1638 (2018-09-24 12:24:20),"Первокурсники и все остальные! Студпассив против наркотиков, даже легких. Никакие вещества на посвяте неприемлемы. Тот, кого запалят с этим, пойдет нахуй домой пешком среди ночи.",https://vk.com/wall-130344439_1638,пост
1638,0,Post 1638 (2018-09-24 12:24:20),"Берегите себя и своих близких, Тут отправили фото, хотел бы добавить, чтоб и без всяких преколов, как например, произошло на днях в Тюмени ссыль на новость Студпассив за уважительное отношение к первокурсникам, id58366872Станислав, вау, ты такой оригинальный, Тут отправили фото, id3577476Nikita, да и за уважительное отношение ко всем присутствующим, чего уж там, id49853608Александр",https://vk.com/wall-130344439_1638,комментарий
1638,1,Post 1638 (2018-09-24 12:24:20),", чего уж там, id49853608Александр, ну не, студактив пускай отмечает посвят танцами в первом корпусе, id3577476Nikita, студактив разве едет на посвят",https://vk.com/wall-130344439_1638,комментарий
1638,2,Post 1638 (2018-09-24 12:24:20),"?, id49853608Александр, я не знаю, я же не хуесос организатор, Государство отлично справляется с запретом наркотиков",https://vk.com/wall-130344439_1638,комментарий
1638,3,Post 1638 (2018-09-24 12:24:20),"! Разве что то может пойти не так, пока существует 228 статья?, id145608859Никита, бутылок правосудия всем хватит, id7560796Семён, надеюсь, бутылок без дырок",https://vk.com/wall-130344439_1638,комментарий
1672,0,Post 1672 (2018-09-27 22:00:03),"Первокурсники и не только! Уже ЗАВТРА пройдет вторая по значимости туса на экономе. ПОСЛЕКАПУСТНИК! По традиции мы идем в парк, предварительно закупившись всем тем, что согреет нас в холодный вечер. Встречаемся у 5 корпуса в 1900 и отправляемся все вместе сначала в магазин, а потом и в сам парк. Одеваемся теплее, так как на улице будет прохладно",https://vk.com/wall-130344439_1672,пост
1672,1,Post 1672 (2018-09-27 22:00:03),". Вас ждет теплое общение, игра на гитаре гимна эконома, новые знакомства со старшими курсами и, самое главное, подготовка к посвяту!",https://vk.com/wall-130344439_1672,пост
1675,0,Post 1675 (2018-09-28 13:22:12),"Первокурсники! Надеемся, что вы не слабые. И небольшой ветерочек не помешает соблюдению многогодовых иканамовских традиций. Всех ждем!",https://vk.com/wall-130344439_1675,пост
1675,0,Post 1675 (2018-09-28 13:22:12),"0 лойсов, club130344439Иканам Стьюдентс Коммьюнити, в любом случае старшие курсы придут и будет весело., id7560796Семён, песню одну навеяло, id6045249Филипп, спой., Многогодовых, круто было, чуть не выселили",https://vk.com/wall-130344439_1675,комментарий
1686,0,Post 1686 (2018-09-29 12:27:45),"23 пройдено, причём очень успешно. Гордимся вами, первый курс. А теперь. финишная прямая. До посвята одна неделя.",https://vk.com/wall-130344439_1686,пост
1686,0,Post 1686 (2018-09-29 12:27:45),"Финишная прямая? А что после?, id6045249Филипп, ничего. Год пустоты и ожидания нового посвята. Как будто ты не знаешь., id7560796Семён, может тогда отменить посвят, чтобы не было этой разрушительной боли и самобичевания?, id6045249Филипп, без него будет ещё хуже., id7560796Семён, Но мы же поймём, что всё проходит уже там, на посвяте, и тоска окутает наше сердце посреди тусы",https://vk.com/wall-130344439_1686,комментарий
1686,1,Post 1686 (2018-09-29 12:27:45),"., id6045249Филипп, на посвяте не до левых мыслей., id7560796Семён, ты же знаешь, что рано или поздно состояние весельчака и беззаботного тусера сменяется состоянием философа., id6045249Филипп, главное постоянно поддерживать кондицию, У Генералова ответственная миссия. Сделать так, чтобы никто не переходил в состояние философа. Надеюсь, ему хватит волшебного зелья",https://vk.com/wall-130344439_1686,комментарий
1686,2,Post 1686 (2018-09-29 12:27:45),". Надеюсь, ему хватит волшебного зелья. Говорят, что в детстве он упал в чан с уколовкой. Это правда?, id6045249Филипп, наш бармен прекрасно справляется с данным заданием уже какой год",https://vk.com/wall-130344439_1686,комментарий
1686,3,Post 1686 (2018-09-29 12:27:45),". Я думаю, что правда, но нужно спросить у него, id7560796Семён, дизлайк, id3577476Никита, ахахаххахахахаххахахахахахха, id3577476Никита, иногда кажется, что в школе на географии меня обманывали, потому что самая западная точка мира левая находится у Чухрова дома",https://vk.com/wall-130344439_1686,комментарий
1698,0,Post 1698 (2018-09-30 00:46:46),"Друзья, завалялись 2 учебника, если они ещё актуальны и кому-то нужны - пишите, отдам.",https://vk.com/wall-130344439_1698,пост
1701,0,Post 1701 (2018-10-01 00:01:02),"А мы напоминаем. Также о том, что Студпассив ПРОТИВ наркотиков. Все, кого спалят даже с легкими наркотиками, будут немедленно выпижжены с коттеджа",https://vk.com/wall-130344439_1701,пост
1702,0,Post 1702 (2018-10-01 18:25:22),"До посвята остается совсем ничего! В связи с этим выкладываем полный адрес дома и также маршрут, по которому проще всего добраться 1Метро теплый стан если едете из центра, то последний вагон, далее выход номер 6 2Выходите напротив торгового центра, там будет остановка смотреть скрин, нужно сесть на 577 автобус и ехать до остановки пос. Ямонтово",https://vk.com/wall-130344439_1702,пост
1702,1,Post 1702 (2018-10-01 18:25:22),". 3Идете пешком до Луговой улицы дом 15 также смотреть на скрин 4 Если едете на такси или на машине, то полный адрес дома Поселок Воскресенское, деревня Ямонтово, Луговая 15 заезд со стороны раздольной улицы Также есть второй маршрут от метро Бунинская Аллея 1Метро Бунинская Аллея последний вагон из центра, выход 1 на улицу Горчакова 2Садитесь на автобус 117 внимание",https://vk.com/wall-130344439_1702,пост
1702,2,Post 1702 (2018-10-01 18:25:22),", он ездит по расписанию 3 Доезжаете до остановки пос",https://vk.com/wall-130344439_1702,пост
1702,3,Post 1702 (2018-10-01 18:25:22),. Ямонтово 4 Также как и в 1 маршруте идете пешкомскрин,https://vk.com/wall-130344439_1702,пост
1709,0,Post 1709 (2018-10-03 00:38:35),"Норм актриса, Ее имя кому нибудь интересно?, А давай, id6045249Филипп, Mia Khalifa, id6045249Филипп, ещё актрисы нужны?",https://vk.com/wall-130344439_1709,комментарий
1715,0,Post 1715 (2018-10-03 14:56:17),"Короче. Мы намутили реформу. Разжаловали половину руководителей, которые были пассивными и никак не участвовали в создании контента для паблика",https://vk.com/wall-130344439_1715,пост
1715,1,Post 1715 (2018-10-03 14:56:17),". Если вы хотите генерить годный контент, сопряжённый с экономом например вы сгоняли на летнюю школу с R, эконометрикой и палатками и решили написать лонгрид про это организуете посвят организуете работающих для безработных или ещё что-то подобное другую тусу курируете перваков по матану лаборант блумберга, которого все всегда ищут вы делаете что-то другое очень важное, что затрагивает много людей",https://vk.com/wall-130344439_1715,пост
1715,2,Post 1715 (2018-10-03 14:56:17),", что затрагивает много людей, и вам при этом надо оповещать о чём-то иск, напишите одному из админов, он расшарит вам админку и вы сможете постить от имени сообщества",https://vk.com/wall-130344439_1715,пост
1715,3,Post 1715 (2018-10-03 14:56:17),". То же самое касается телеграм-канала. Например, туда можно кидать всю самую актуальную инфу по посвяту или какой-то ближайшей тусе. Потому что это важно. Посты про капустники будут караться разжалованием",https://vk.com/wall-130344439_1715,пост
1715,4,Post 1715 (2018-10-03 14:56:17),. В данный момент админы сообщества id6045249Филипп Ульянкин id49853608Александр Кужелев id145608859Никита Фокин id7560796Семён Осипов id9404678Константин Рыбак id3577476Никита Чухров id17296672Владимир Ерёмин id73614108Ахмед Зарманбетов id69561580Тимур Шакуров id18236049Игорь Якубовский id3768264Alexander Dryuchin id3739940Kirill Shilov id150423338Руслан Сабирзянов id32218565Алексей Царёв,https://vk.com/wall-130344439_1715,пост
1715,5,Post 1715 (2018-10-03 14:56:17),Сабирзянов id32218565Алексей Царёв id18805608Егор Кожевников id50471454Максим Мидюкин Тимур,https://vk.com/wall-130344439_1715,пост
1715,6,Post 1715 (2018-10-03 14:56:17),", прости, но я добавил тебя в контакты, так как ты тусишь в блуме",https://vk.com/wall-130344439_1715,пост
1715,0,Post 1715 (2018-10-03 14:56:17),"Кажется, мне намекнули, что ждут от меня лонгрид, Тут отправили фото, id53874035Камила, это был абстрактный пример, но круто что ты призналась, теперь ждут 3, Лучше такой лонгрид представлять в апреле-мае, когда начинается отбор в школу. Иначе все забудут, Зачем мертвых добавляешь в админы.",https://vk.com/wall-130344439_1715,комментарий
1715,1,Post 1715 (2018-10-03 14:56:17),"., id53874035Камила, мы напомним, id145608859Никита, он сначала стал им, а потом умер, Только что осознал, что это очень сексистский список админов, id6045249Филипп, да, давай, надобавляй первачек, все как ты любишь0, id6045249Филипп, давайте введём квоты на количество женщин в админах, как в прогрессивной калифорнии и швеции!",https://vk.com/wall-130344439_1715,комментарий
1715,2,Post 1715 (2018-10-03 14:56:17),"! Покажем всему миру, что мы союзники феминисток, и не дадим угнетать женщин!, В Австралии уже был эксперимент, когда собеседования проводились так, чтобы собеседующий не знал пол кандидата",https://vk.com/wall-130344439_1715,комментарий
1715,4,Post 1715 (2018-10-03 14:56:17),"., id6045249Филипп, ах ты хуемразь, это хейтспич, id145608859Никита, плюс, id145608859Никита, только не бань плз, я исправлюсь захарасив парочку первачек, На самом деле все ок, просто нерепрезентативно А филя хуемразь да, id6045249Филипп, капец, ты еще и дальше себя закапываешь, id3739940Kirill, уже ищу юриста, id6045249Филипп",https://vk.com/wall-130344439_1715,комментарий
1715,5,Post 1715 (2018-10-03 14:56:17),", уже ищу юриста, id6045249Филипп, я просто не могу читать твои сексисткие АНТИ LGBTQGAQRSSRRWSSKGOWKSOKQRKRQ нападки, ты что не понимаешь, что по статистике триллионы женщин подвергаются насилию, а рассказывают об этом через 15 лет, когда насильник уже поднял бабла, потому что боятся",https://vk.com/wall-130344439_1715,комментарий
1715,6,Post 1715 (2018-10-03 14:56:17),"?, id145608859Никита, oh, no, id145608859Никита, Даже геев обвиняют в изнасилованиях",https://vk.com/wall-130344439_1715,комментарий
1715,7,Post 1715 (2018-10-03 14:56:17),"! Ну да, тоже так вышло, что он богаты и прошло 9 лет",https://vk.com/wall-130344439_1715,комментарий
1738,0,Post 1738 (2018-10-04 00:16:38),"Итак, дорогие первокурсники, все ближе и ближе ПОСВЯТ! Надеемся, вы ждете его также как и мы! Ведь осталось всего",https://vk.com/wall-130344439_1738,пост
1738,0,Post 1738 (2018-10-04 00:16:38),"Ор, Это Саня смотрит, сдал ли ты деньги на посвят, брей и ноги я уже в дороге, id6045249Philip, жду, id6045249Philip, хотя подожди, ты сдал деньги на посвят?, id49853608Александр, я сдал, посвяти меня, id7560796Semyon, записал в списочек, id49853608Александр,, id7560796Семён, долго тебе в очереди ждать придётся, id6045249Филипп, не 40 сек явно..",https://vk.com/wall-130344439_1738,комментарий
1738,1,Post 1738 (2018-10-04 00:16:38),"., девушки не лайкают пост, стесняются, Зарезераируйте нам комнату на двоих с этим горячим молодым человеком, пожалуйста, id57690479Марк, вам на какое время?",https://vk.com/wall-130344439_1738,комментарий
1753,0,Post 1753 (2018-10-04 16:02:18),"Yandex, Москва Есть две вакансии в геосервисах, хотя на самом деле 6 Самое интересное это вакансия для юных джунов. Мы собираем свой bootcamp для аналитиков, для тех, кому надо набраться опыта, как технического так и продуктового. Программа рассчитана на 3-4 месяца, во время которой вы позанимаетесь разными задачами из разных направлений гео",https://vk.com/wall-130344439_1753,пост
1753,1,Post 1753 (2018-10-04 16:02:18),". Например на одной неделе вы можете решать задачу оттока клиентов в картах, а на следующей заниматься анализом роутера и сходов с маршрута в наших система",https://vk.com/wall-130344439_1753,пост
1753,2,Post 1753 (2018-10-04 16:02:18),". После этого заинтересованный команды приглашают вас к себе Из требований все стандартно - питон, sql - статистика, ab, проверка гипотез - желание копаться в данных и очень быстро всему учиться Вилка для bootcampa 60к gross плюшки-бонусы Формальное описание вакансии тут Вопросы можно задавать id11752069Лёне. Лучше в телеграм danilchenkol. Можно на почту liedanyandex-team",https://vk.com/wall-130344439_1753,пост
1753,3,Post 1753 (2018-10-04 16:02:18),. Можно на почту liedanyandex-team.ru иили писать hr nikolishinayandex-team.ru или через форму на сайте.,https://vk.com/wall-130344439_1753,пост
1753,0,Post 1753 (2018-10-04 16:02:18),"Другие плюсы будем чаще видеться. Есть ещё позиция для взрослых. Требования - Отличное знание мат.статистики и теории вероятностей - Python - sqlnosql - MR и прочий стек big data будет плюсом Вилка 120-180к плюшки-бонусы Формальное описание вакансии тут, единственное - фул тайм",https://vk.com/wall-130344439_1753,комментарий
1753,1,Post 1753 (2018-10-04 16:02:18),". можно будет иногда убегать на экзамены и тд, но это фултайм, Тут отправили фото, id26306341Лиза, кот с косичкой сбербанк это именно тот стикер, который нужен 3, id6045249Philip, с косичкой яндеха нет в арсенале",https://vk.com/wall-130344439_1753,комментарий
1761,0,Post 1761 (2018-10-04 19:32:36),"Заморозил бы себя на завтрашний день, чтобы он быстрее прошёл?",https://vk.com/wall-130344439_1761,пост
1761,0,Post 1761 (2018-10-04 19:32:36),"id3768264Alexander Dryuchin обоснуй свой выбор, а что, есть предложения по криоуслугам?, id6045249Филипп, Я сегодня буду делать пиццу. На завтра можете морозить.",https://vk.com/wall-130344439_1761,комментарий
1770,0,Post 1770 (2018-10-06 00:09:06),"Ребята, не стоит вскрывать эту тему. Вы молодые, шутливые, вам все легко. Я видел этот экзамен по бухучету полностью жалко пацана он кричал галина владимировна я хочу добиться чего-то в жизни я не хочу умирать., id145608859Nikita, если добьешься чего-то в жизни, то напиши мне на имейл, id145608859Nikita, у меня так друг ничего не добился.",https://vk.com/wall-130344439_1770,комментарий
1774,0,Post 1774 (2018-10-06 02:27:26),"Все, кто едет на посвят, большая просьба ознакомиться с этим постом! Вся тусовка начнётся не раньше 1800, приезжайте к этому времени маршрут описан несколькими постами ниже Сбор средств остановлен, мест больше нет! Для тех, кто едет первый раз, небольшой экскурс по правилам и пожеланиям 1Мы против любых наркотиков, приносить их с собой строго запрещено",https://vk.com/wall-130344439_1774,пост
1774,1,Post 1774 (2018-10-06 02:27:26),! Как минимум за это вы будете выставлены за дверь,https://vk.com/wall-130344439_1774,пост
1774,2,Post 1774 (2018-10-06 02:27:26),". 2На улице нельзя шуметь после 2300, в доме разрешается сколько угодно 3Запрещено курить в доме! 4Желательно взять с собой тёплые вещи, ночью будет холодно. 5Если вдруг вам стало плохо, немедленно обратитесь к организаторам, аптечка будет у id219243643Дарьи Сакович. 6Если у вас есть аллергия на тот или иной алкоголь, предупредите заранее бармена!",https://vk.com/wall-130344439_1774,пост
1776,0,Post 1776 (2018-10-06 13:01:16),"С днём посвята, друзья! В комментарии скидываем фотографии как вы готовитесь к посвяту!",https://vk.com/wall-130344439_1776,пост
1776,0,Post 1776 (2018-10-06 13:01:16),"Тут отправили фото, Тут отправили фото, Тут отправили фото, id9404678Константин, сильное фото., Тут отправили фото, Провёл семинар в вышке по ml, Тут отправили фото, До магазина с пивом ещё 40 минут пути. Не могу больше терпеть!, Тут отправили фото",https://vk.com/wall-130344439_1776,комментарий
1790,0,Post 1790 (2018-10-07 17:01:29),"Прямо сейчас, когда я пишу эти строки, я чувствую огромную пустоту у себя в груди рядом с тем местом, где по идее должно колотиться сердце. Я нахожусь в состоянии уныния, тоски и апатии. Как и многие из вас. Сегодня ночью состоялось событие года Посвят. И это было прекрасно. Организаторы - красавцы. Большое спасибо им, что взяли на свои плечи это сложное мероприятие",https://vk.com/wall-130344439_1790,пост
1790,1,Post 1790 (2018-10-07 17:01:29),". В прекрасной России будущего каждому, кто организовал посвят будет выдаваться phd по менеджменту. Дом был охуенен, люди были шикарными, а дивная уколовка разлетелась со скоростью света по молодым крепким организмам и делала их ещё крепче. Единственный минус в том, что посвят прошёл. И до нового посвята остаются долгие 365 дней хвала господу, что следущий год не високосный",https://vk.com/wall-130344439_1790,пост
1790,2,Post 1790 (2018-10-07 17:01:29),". Больно осознавать, что самое ожидаемое событие года пролетело как мгновение. Ещё больнее понимать, что следующее такое мгновение так нескоро. Но мы справимся, мы выдержим. Наши тяготы от ожидания будут общими. И когда мы дождёмся, нового посвята, он будет как всегда оху. подожди подожди .енен. Охуенен. Описать ту боль, которая раздирает вас, можно в комментах",https://vk.com/wall-130344439_1790,пост
1790,3,Post 1790 (2018-10-07 17:01:29),". Негоже терпеть её в одиночку, когда рядом столько родных людей.",https://vk.com/wall-130344439_1790,пост
1790,0,Post 1790 (2018-10-07 17:01:29),"Сомневаюсь по поводу 365 дней. Это число не делится нацело на 7., id1598589Антон, а вы знаете как ранить душу, День посвята364 дня до посвята",https://vk.com/wall-130344439_1790,комментарий
1795,0,Post 1795 (2018-10-08 13:00:29),Пусть эта прекрасная мелодия греет ваши сердца в ожидании следующего посвята,https://vk.com/wall-130344439_1795,пост
1798,0,Post 1798 (2018-10-08 23:26:36),2 года назад на иканаме сделали игру Киллер. Это было весело и круто. Мы хотим запустить эту игру вновь. - Суть игры заключается в охоте за жертвой. Каждый участник является одновременно и охотником и жертвой. - Игра начинается для всех одновременно! Вы получаете досье на свою жертву. В каждом досье находится фотография жертвы и краткое описание её привычек,https://vk.com/wall-130344439_1798,пост
1798,1,Post 1798 (2018-10-08 23:26:36),". Эта информация может помочь вам как охотнику выследить жертву. - В то же самое время кто-то получает ваше досье и начинает охоту на вас. - Жертва считается убитой, если охотник выстрелил в неё из пальца, находясь в закрытом помещении один на один, или на улице, где в радиусе 20 метров никого нет. - Нельзя убивать при свидетелях - будь то участник игры или просто посторонний человек",https://vk.com/wall-130344439_1798,пост
1798,2,Post 1798 (2018-10-08 23:26:36),". Все нюансы и тонкости игры будут опубликованы позже, а сейчас регистрируемся по ссылке ниже. Регистрация открыта до 13 октября включительно. По всем вопросам писать id73614108Ахмеду .",https://vk.com/wall-130344439_1798,пост
1798,0,Post 1798 (2018-10-08 23:26:36),", По крайней мере Ахмед не убьет всех в этом году, id219243643Дарья, я тоже играю, Тут отправили фото",https://vk.com/wall-130344439_1798,комментарий
1807,0,Post 1807 (2018-10-09 15:03:34),"я только начала обрабатывать фотографии, но уже знаю, какая из них лучшая",https://vk.com/wall-130344439_1807,пост
1807,0,Post 1807 (2018-10-09 15:03:34),"Как же этот парень хорош, id6045249Филипп, прошу заметить, что на нем только один носок, Хорошо, что в этот момент на мне ещё вся одежда была00, Знаю этого парня он реально хорош, Сколько счастья на его лице он очень хорош, Говорят его в последний раз видели живым на посвяте, id219243643Дарья, я видел, где с утра был второй, id3768264Alexander, боюсь представить",https://vk.com/wall-130344439_1807,комментарий
1817,0,Post 1817 (2018-10-09 23:17:04),смотрите фотографии и плачьте ведь этот день прошел,https://vk.com/wall-130344439_1817,пост
1817,0,Post 1817 (2018-10-09 23:17:04),"разрыдался как дитя, пока смотрел, id6045249Филипп, но как ты хорош, а кааак хорооош",https://vk.com/wall-130344439_1817,комментарий
1817,1,Post 1817 (2018-10-09 23:17:04),"!, У меня был план и я его придерживался, id6045249Филипп, но не смог до конца выполнить, id115122789Кирилл, что я не сделал",https://vk.com/wall-130344439_1817,комментарий
1817,2,Post 1817 (2018-10-09 23:17:04),"?, id6045249Филипп, забыл протрезветь, id6045249Филипп, протрезветь на 12, Даша, ты лучшая, Кто-нибудь, пожалуйста, промотайте время на год вперед до следующего посвята, уже сил нет ждать, id115122789Кирилл Воронков id219243643Дарья Сакович такого не было в моём плане, ps",https://vk.com/wall-130344439_1817,комментарий
1817,3,Post 1817 (2018-10-09 23:17:04),". Филя, с течением посвята ты становился все хорошее и хорошее, хотя когда я приехал ты был уже хорош!, Разве?, id115122789Кирилл, вызов принят, в моих планах больше не будет этого пункта, id6045249Филипп, снова доказал насколько ты хорош, Я жду мемчик с тем насколько Филлип хорош",https://vk.com/wall-130344439_1817,комментарий
1817,4,Post 1817 (2018-10-09 23:17:04),"!, Только без банальщины плиз, если мем то орный, id17296672Владимир, есть идея с арендой склепа с криокапсулами, для того, чтобы мучительно текущее время не разъедало сердечко",https://vk.com/wall-130344439_1817,комментарий
1817,5,Post 1817 (2018-10-09 23:17:04),"., ДА ЭТО ЖЕСТКО, illuminati confirmed, А неделю назад в это время мы были очень хороши.",https://vk.com/wall-130344439_1817,комментарий
1841,0,Post 1841 (2018-10-13 16:18:47),РЕГИСТРАЦИЯ на киллера продлевается до конца понедельника.Ниже прикрепил правила игры3,https://vk.com/wall-130344439_1841,пост
1849,0,Post 1849 (2018-10-15 11:49:19),"По поводу того, почему группа стала закрытой Не так давно мы запилили два чата Знатоки иканама. Ссылки на вступление в них можно найти в информации о сообществе во вкладке Полезные ссылки и заметки. Там же правила поведения в этих гитлер-чатах. Проблема в том, что боты в очень большом количестве скролят контакт на такие ссылки и вступают во все чаты подряд",https://vk.com/wall-130344439_1849,пост
1849,1,Post 1849 (2018-10-15 11:49:19),". За последние две недели в беседу вступило пять ботов, один из них даже успел кое-чего порекламировать. В итоге у всех норм подгорели пуканы. Ссылку на диалог удалять не оч хочется. Хорошо, когда он общедоступный. И мы чёт подумали, что все, кто хотел вступить в группу, вступили, и до нового набора группу можно сделать закрытой. От тех, кто тупанул и не вступил просто будем принимать заявки",https://vk.com/wall-130344439_1849,пост
1854,0,Post 1854 (2018-10-16 11:53:10),Открылась регистрация на большой митап по анализу данных от сбера. Много халявной еды и интересные спикеры гарантированы.,https://vk.com/wall-130344439_1854,пост
1855,0,Post 1855 (2018-10-16 21:10:12),"Коллеги, привет. Есть вакансии в ЦБ, публикую по просьбе Надежды Викторовны Шиловой. А она, в свою очередь, ищет по просьбе своей знакомой Дублирую её письмо Я ищу одного человека в свой отдел анализ международных практик, а также коллеги в департаменте международного сотрудничества и департаменте страхования ищут. Везде международка",https://vk.com/wall-130344439_1855,пост
1855,1,Post 1855 (2018-10-16 21:10:12),". Везде международка. Лучше бы конечно хоть с каким-то опытом работы, а не со школьной скамьи. Если есть кандидаты, буду очень признательна. Спасибо! Резюме можно отправлять ей напрямую, на почту nadezhda.v.shilovagmail.com",https://vk.com/wall-130344439_1855,пост
1857,0,Post 1857 (2018-10-16 23:06:34),"Регистрация на киллера закрыта! Конверты будут раздаваться в четверг и пятницу. Раздавать будет id73614108Ахмед, id100414790Рита и id50471454Максик. Старт игры запланирован на понедельник. До понедельника убивать нелья! Также было принято решение, что нельзя проливать кровь в Блумберге, так как это священное место, и боги эканама такого не простят.",https://vk.com/wall-130344439_1857,пост
1860,0,Post 1860 (2018-10-17 21:21:43),"Эй, студент! Хочешь выиграть денег? Проблемы с азино? Зарабатывай на науке! В вышке можно принять участие в экспериментах, основанных на теории игр. За одну сессию при удачном раскладе можно снять куш от 500 до 1000 рублей. Обычно эксперименты интересные и направлены на выявление того как именно взаимодействуют между собой люди. Иногда надо делить бюджеты, иногда строить мост и тп",https://vk.com/wall-130344439_1860,пост
1860,1,Post 1860 (2018-10-17 21:21:43),". За каждое действие вы выигрываете деньги, которые в конце вам выплачивают наличкой. Хотя бы разок рекомендую сгонять. id87749968Саша гарантирует, что прикольно.",https://vk.com/wall-130344439_1860,пост
1862,0,Post 1862 (2018-10-20 14:05:03),"Если кому интересна подработка на удаленке в свободное время, ты хорошо шаришь метрику кросс-секции, временные ряды, и учишься на 4 курсе или в маге, готов поработать над разными задачами с реальными бизнес-данными компании, напиши мне в лс.",https://vk.com/wall-130344439_1862,пост
1865,0,Post 1865 (2018-10-21 17:45:17),"Итак, с завтрашнего дня начинаем играть в киллера. После убийства жертвы, нужно зарегистрировать убийство по ссылке ниже3 Всем удачной охоты!",https://vk.com/wall-130344439_1865,пост
1866,0,Post 1866 (2018-10-29 17:11:00),"С помощью нее легко поступить в Вышку, проверено, Даже если не собираетесь туда, отличный запасной вариант",https://vk.com/wall-130344439_1866,комментарий
1869,0,Post 1869 (2018-11-02 17:17:46),"Всем привет, в маркетинговую компанию, в которой я на данный момент работаю, требуются аналитикидата саентисты. Опыт работы не важен хоть и в формальном описании указано обратное, но нужны знания статистики, метрики и машинки, а так же желание всем этим заниматься",https://vk.com/wall-130344439_1869,пост
1869,1,Post 1869 (2018-11-02 17:17:46),". Текущие задачи - Прогнозирование трафика как классические ARIMA, VAR, GARCH, так и более экзотические модели - Кластерный анализ аудиторий если нет опыта - научат - ABn тестирование - Скоп небольших ML задачек на тех или иных маркетинговых данных примерно как в этом вот соревновании - - Поощряется участие в Kaggle и иных соревнованиях, пока это не мешает основным рабочим задачам",https://vk.com/wall-130344439_1869,пост
1869,2,Post 1869 (2018-11-02 17:17:46),". В перспективе - Проекты связанные с Computer Vision - Оптимизация маркетинговых бюджетов все это ваше линейное программирование и иже с ним. Стэк технологий - PythonR - ExcelPowerPoint - При желании все эти BI приблуды, типа Tableu, PowerBI и т.д. Вилка от 60к на руки при работе 30 часов в неделю до 80к График работы формально с 10 до 19, но по факту устраивает и с 11 до 18",https://vk.com/wall-130344439_1869,пост
1869,3,Post 1869 (2018-11-02 17:17:46),". Плюшки - Гибкий график работы - Кофе, соки, печенье и конфеты в офисе - Пиццароллы по пятницам - ДМС - Рабочий ноутбук - Оплата посещения релевантных конференций, в том числе и зарубежных. Территориально компания находится в 5 мин от м.Трубнаям.Кузнецкий мост. В аттаче формальное описание вакансии с hh.ru Если заинтересует, пишите мне или на почту Aleksandr.Sheveykoannalect.omd.ru",https://vk.com/wall-130344439_1869,пост
1881,0,Post 1881 (2018-11-06 10:16:57),"Ребята, есть непыльная вакансия в ЦБ для тех, кто хочет почувствовать себя важным и начать лицензировать банки Про вакансию Декретная ставка, открывается с 3.12. Главный эксперт, оклад 70-76к",https://vk.com/wall-130344439_1881,пост
1881,1,Post 1881 (2018-11-06 10:16:57),". Говорят, если понравится, потом могут на постоянную перевести Должностные обязанности выдача согласий на приобретение более 10 в уставном капитале КО, оценка финансового положения и деловой репутации по положениям цб, но понимание основ фин анализа и опыт в этой области приветствуется",https://vk.com/wall-130344439_1881,пост
1881,2,Post 1881 (2018-11-06 10:16:57),", выдача разрешений на учреждение приобретение дочерних организаций за рубежом Предписания за несогласованное приобретение более 10 в уставном капитале КО и установление контроля Знание МСФО 10 про консолидированную отчетность приветствуется Опционально можем структуру собственности КО смотреть По всем вопросам обращаться к Чухрову Никите",https://vk.com/wall-130344439_1881,пост
1881,0,Post 1881 (2018-11-06 10:16:57),"для тех, кто хочет почувствовать себя важным знание МСФО приветствуется",https://vk.com/wall-130344439_1881,комментарий
1884,0,Post 1884 (2018-11-08 14:15:39),"Всем привет! Завтра в 1800 в холле пятого этажа пятого корпуса планируется провести встречу, на которой будут обсуждаться инициативы по тому, как можно улучшить жизнь на нашей образовательной программе. Спектр тем любой, от учебного процесса до внеучебной деятельности. Если у вас есть идеи или вы просто хотите поучаствовать в обсуждении будущего нашей программы, то милости просим",https://vk.com/wall-130344439_1884,пост
1884,1,Post 1884 (2018-11-08 14:15:39),". В идеале от каждого курса хотелось бы видеть по 2-3 человека, но можно больше. Прошу отнестись серьезно.",https://vk.com/wall-130344439_1884,пост
1884,0,Post 1884 (2018-11-08 14:15:39),"Даешь больше боталок, Вова красава, остальные лохи",https://vk.com/wall-130344439_1884,комментарий
1890,0,Post 1890 (2018-11-20 20:21:15),"В группе давно не было никакого клёвого контента. Меня это гнетёт. Хотите запилим какой-нибудь внеочередной гайд в стиле Я пришёл домой после 5 пар макры и не знаю чего бы ещё поботать такого, что расширит мой кругозор? Но только чур го его редактировать совместными усилиями.",https://vk.com/wall-130344439_1890,пост
1890,0,Post 1890 (2018-11-20 20:21:15),"В смысле, какое свободное время? какой кругозор? Капустник сам к себе не подготовится., Давайте лучше соберём идеи на КВН? Пишите в комментарии",https://vk.com/wall-130344439_1890,комментарий
1900,0,Post 1900 (2018-11-26 18:10:30),"Если кто забыл зарядку в блумберге от какого-то асуса, она в нижнем ящике.",https://vk.com/wall-130344439_1900,пост
1901,0,Post 1901 (2018-11-27 08:23:53),"на посвяте за углом слышны тихие рыдания id6045249Филя дал мне кучу наклеек, а я о них благополучно забыла. если ты рил топ иканамовец, а твой ноутбук пустует и грустит без наклейки студпассив, ищи id219243643меня. наклеек оооочень много",https://vk.com/wall-130344439_1901,пост
1901,0,Post 1901 (2018-11-27 08:23:53),"Тут отправили фото, Я бы на твоём месте сбросил их в Блумберге и заставил всех ходить туда 3, Может студактив как вампиры, не могут войти без приглашения",https://vk.com/wall-130344439_1901,комментарий
1907,0,Post 1907 (2018-11-29 09:00:31),"Отличная вакансия, топовая команда. Если хочешь быть в авангарде цифровой трансформаци - тебе сюда",https://vk.com/wall-130344439_1907,пост
1915,0,Post 1915 (2018-12-01 14:40:24),"Я знаю, что ты давно этого ждал. Да-да, это объявление о регистрации на Тайного Санту 20182019! Если ты играешь впервые, расскажу тебе немного о правилах Тайный Санта, по сути, - это тайный обмен подарками. Сначала ты регистрируешься в анкете и подробно описываешь свои хобби ведь ты хочешь, чтобы подарок тебе понравился",https://vk.com/wall-130344439_1915,пост
1915,1,Post 1915 (2018-12-01 14:40:24),". А Ленивый Санта присвоит тебе секретное имя но ты его узнаешь только в день вручения подарков. 10 декабря каждому участнику придет сообщение-конверт с анкетой другого участника. То есть ты получишь описание того, кому ты будешь собирать новогодний подарок. Вместе с анкетой ты узнаешь и его секретное имя",https://vk.com/wall-130344439_1915,пост
1915,2,Post 1915 (2018-12-01 14:40:24),. Вместе с анкетой ты узнаешь и его секретное имя. Только никому его не называй! 24 декабря на 5 этаже 5 корпуса с 1400 до 1800 каждого из участников будет ждать его подарок! Скорее заполняй анкету по ссылке Регистрация закроется уже 8 декабря в 2359! По всем вопросам обращайся к id219243643Даше.,https://vk.com/wall-130344439_1915,пост
1918,0,Post 1918 (2018-12-07 14:52:53),"Всем привет! У ЭМИТ РАНХиГС появилось свое приложение на Android и iOS. Сейчас тестируем и собираем фидбек от студентов, чтобы устранить неточности и понять, что нужно еще добавить. Буду рад любому фидбеку. Можно в комментарии или в лс. iOS - эмит-ранхигсid1445429713?mt8 Android - PS На старых версиях прошивок могут быть баги, например, на iOS, если версия ниже 11. Все вопросы к id200370309Паше.",https://vk.com/wall-130344439_1918,пост
1923,0,Post 1923 (2018-12-08 14:20:00),"Сегодня в 2359 закончится регистрация на Тайного Санту! Если ты все еще думаешь, участвовать тебе или нет, то скорее регистрируйся по ссылке в посте и участвуй vk.comwall-130344439_1915!",https://vk.com/wall-130344439_1923,пост
1927,0,Post 1927 (2018-12-17 21:12:15),"Новый год - пора веселья, время когда можно забыть о предстоящей сессии и расслабиться в кругу друзей, но пока до него еще далеко, а отдохнуть хочется уже сейчас, и что бы с честью встретить последнюю неделю учебы, мы предлагаем тебе отправиться с нами встретить предстоящие праздники УЖЕ В ЭТУ ПЯТНИЦУ!",https://vk.com/wall-130344439_1927,пост
1927,1,Post 1927 (2018-12-17 21:12:15),"! Да-да это то о чем все уже давно мечтали, шептались по углам академии, тайно переписывались об этом в секретном чатике телеграмма, да-да это ОНА та самая и всеми любимая ВСЕОБЩАЯ ТУСА ЭКОНОМА! Голосуй внизу что бы мы точно знали что ты придешь и смогли заказать самый лучший столик!",https://vk.com/wall-130344439_1927,пост
1927,2,Post 1927 (2018-12-17 21:12:15),"! В ближайшие дни сообщим о точном времени и месте проведения, пожалуй самого легендарного предновогоднего приключения!",https://vk.com/wall-130344439_1927,пост
1927,0,Post 1927 (2018-12-17 21:12:15),"до слез., Го в среду на следующей неделе?, Бля, придётся придумать, как совместить 2 пьянки в 1 вечер. Эти сложности.",https://vk.com/wall-130344439_1927,комментарий
1947,0,Post 1947 (2018-12-18 21:22:37),"12 мая 1846 года родился известный дворянин, пивовар, меценат, основатель Жигулевского пивоваренного завода в Самаре -Альфред Йозеф Мария фон Вакано. и вот спустя 172 года, его имя нашло свое отражение в замечательном баре в котором состоится ЛЕГЕНДАРНАЯ ВСЕОБЩАЯ ТУСА ЭКОНОМА! по адресу ул.Вавилова д",https://vk.com/wall-130344439_1947,пост
1947,1,Post 1947 (2018-12-18 21:22:37),".Вавилова д.46 10 минут от станции Академическая располагается замечательный пивной бар Фон Вакано, где мы ждем тебя в ближайшую ПЯТНИЦУ в 1900",https://vk.com/wall-130344439_1947,пост
1947,2,Post 1947 (2018-12-18 21:22:37),". В баре приятные невысокие цены на еду и пиво, но главное, мы, воспользовавшись всем своим обаянием, договорились о том, что бы нам выделили целый зал, где мы сможем сами включать себе музыку, поиграть на гитаре и спеть гимн иканама!!",https://vk.com/wall-130344439_1947,пост
1947,3,Post 1947 (2018-12-18 21:22:37),"! Но это еще не все, так как в баре отсутствует крепкий алкоголь, нам разрешили взять его самим и даже не платить пошлину, НО ОБЯЗАТЕЛЬНО ПРИНЕСТИ ЧЕКИ НА НАШ АЛКОГОЛЬ ЧТО БЫ У ЗАВЕДЕНИЯ НЕ БЫЛО ПРОБЛЕМ, поэтому если ты планируешь после пары пинт пива, переключиться на что-то покрепче, или хочешь намутить себе изысканный коктейль",https://vk.com/wall-130344439_1947,пост
1947,4,Post 1947 (2018-12-18 21:22:37),", или хочешь намутить себе изысканный коктейль, найди друзей или самостоятельно зайди в магазин и купи все необходимое только крепыш или ингредиенты под коктейли, еду и пиво покупаем в баре",https://vk.com/wall-130344439_1947,пост
1947,5,Post 1947 (2018-12-18 21:22:37),". Итак Пятница 21 декабря в 1900 ждем тебя в одном из самых атмосферных баров столицы,не забывай про чеки на принесенный алкоголь! Ждем тебя!",https://vk.com/wall-130344439_1947,пост
1949,0,Post 1949 (2018-12-19 23:11:19),"Тут возник вопрос, что делать, если не можешь принестизабрать свой подарок в Тайном Санте в понедельник 24 числа. Ленивый Санта, конечно, очень расстроится, но вам нужно будет в пятницу 21 числа передать подарок id219243643мне, а вторник 25 декабря забрать свою новогоднюю радость",https://vk.com/wall-130344439_1949,пост
1949,1,Post 1949 (2018-12-19 23:11:19),". Обо всем круговороте подарков в природе прошу сообщать заранее, чтобы ничего нигде не потерялось, и каждый получил кусочек волшебства! всем добра",https://vk.com/wall-130344439_1949,пост
1955,0,Post 1955 (2018-12-22 14:56:14),"Спасибо всем кто приехал вчера, это была отличная туса! Однако, как это периодически бывает, пора собрать деньги за бар, так как пока мы находимся в приличном минусе, деньги можно перевести id17296672вот этому парню на карту 4276 3800 8549 8991 привязана к номеру телефона - 89160757133",https://vk.com/wall-130344439_1955,пост
1956,0,Post 1956 (2018-12-23 10:57:33),"Ребята,.во время тусы обнаружена пропажа черно-белого шарфа. Поэтому если кто-то после пьянки обнаружил у себя такой шарф, и вы точно знаете, что он не ваш, отпишите, пожалуйста, а то потерявшей будет холодно зимой.",https://vk.com/wall-130344439_1956,пост
1961,0,Post 1961 (2018-12-24 16:10:07),"Напоминаю правила Тайного Санты подарки, которые не забрали после 1800, автоматически переходят в id219243643мои ручки. Спешите забрать подарки!",https://vk.com/wall-130344439_1961,пост
1968,0,Post 1968 (2018-12-29 23:53:40),"Друзья, к сожалению, пока не все перевели за барчик, в котором мы так душевно потусили на прошллой неделe, и мы пока еще находимся в значительном минусе, поэтому, кто по тем или иным причинам все еще не перевел или забыл, напоминаем, что перевести можно id17296672этому парню, тел. 89160757133 сбер.",https://vk.com/wall-130344439_1968,пост
1970,0,Post 1970 (2019-01-12 15:09:20),"Если кому-то скучно и хочется немного дата-саенса, стартовала вторая итерация международной такой же международной как универсиада по эконометрике олимпиады от вышки.",https://vk.com/wall-130344439_1970,пост
1971,0,Post 1971 (2019-01-14 14:21:20),"Кстати говоря, по поводу резюме. Многие из вас часто ноют, что они у вас очень пустые. Нет никаких регалий и тп. Гайдарка - это отличный способ заполнить в резюме графу Professional Development. Строка из скрина выглядит довольно солидно. Резюме не кажется пустым, а вы кажетесь клёвым и активным",https://vk.com/wall-130344439_1971,пост
1971,1,Post 1971 (2019-01-14 14:21:20),. При этом на выступления на круглом столе почему-то в последние два года был довольно низкий спрос со стороны студентоты. Нормальное CV больше никому не нужно?,https://vk.com/wall-130344439_1971,пост
1972,0,Post 1972 (2019-01-15 17:47:09),"А ходил кто в итоге? Если да, расширьте материалы плиз, А я сам нашёл 3",https://vk.com/wall-130344439_1972,комментарий
1974,0,Post 1974 (2019-01-17 13:39:55),Очередной запуск открытого курса по ML от ODS Очередной шанс не забить на его прохождение.,https://vk.com/wall-130344439_1974,пост
1976,0,Post 1976 (2019-01-18 23:11:24),"Кстати, снова началась олимпиада на магистерские программы вышки. На эконом выиграть её изи. Если вы боитесь армии и вам нужен запасной вариант, то можно подстраховаться вышкой. Я уверен, что некоторый из группы пишут её. Плиз, если вы делаете что-то интересное, и вам кажется, что других это заинтересует, делайте репосты этих штук в группу",https://vk.com/wall-130344439_1976,пост
1976,1,Post 1976 (2019-01-18 23:11:24),". Если вы сгоняли на крутую зимнюю школу, напишите как в неё попасть и понравилось ли вам. Это круто - делиться с другими своим опытом. Если вам есть что рассказать, админку к группе с удовольствием вам выпишу Если никто ничего друг-другу рассказывать не будет, группа умрёт",https://vk.com/wall-130344439_1976,пост
1979,0,Post 1979 (2019-01-25 00:21:34),Примерно так выглядят варианты ответа в тесте по дкб,https://vk.com/wall-130344439_1979,комментарий
1983,0,Post 1983 (2019-01-30 18:27:34),"То самое чувство, когда твой вуз не вынесен в анкете в другое 00",https://vk.com/wall-130344439_1983,пост
1983,0,Post 1983 (2019-01-30 18:27:34),и находится в одном списке с такими сильными вузами РУДН МИСиС МИРБИС МГИМО,https://vk.com/wall-130344439_1983,комментарий
1992,0,Post 1992 (2019-02-06 21:40:46),"в валидацию не ходите по крайней мере в розницу, Тут как по убывающей постят места работы Фила, следующей будет стажировочка в ЦБ?",https://vk.com/wall-130344439_1992,комментарий
1993,0,Post 1993 (2019-02-06 22:48:12),"И ещё одна универсиада по эконометрике, оригинальная. Похоже, что теперь их целых три.",https://vk.com/wall-130344439_1993,пост
1994,0,Post 1994 (2019-02-07 15:22:23),Имейте в виду. Новый датафест будет 10-11 мая. Регистрация откроется 6 марта.,https://vk.com/wall-130344439_1994,пост
2000,0,Post 2000 (2019-02-08 14:37:37),Вот вам инфа по конкурсу ЦБ. Есть варик опубликовать свой рисерч в очень хорошем журнале иили сгонять на халявку в Питер на их крутую летнюю школу.,https://vk.com/wall-130344439_2000,пост
2001,0,Post 2001 (2019-02-08 14:39:37),"А вот еще классическая конфа. Как наш круглый стол, только уровень межвузовский, а значит повыше.",https://vk.com/wall-130344439_2001,пост
2001,0,Post 2001 (2019-02-08 14:39:37),"Да! Это тоже очень годная тема а Если годно выступить с хорошим рисёрчем, будет грамота призёрапобедителя. За это при поступлении в магистратуру и аспирантуру накидывают дополнительные баллы во многих местах. б Пафосная строчка в резюме., Нет теоретической эконометрики.",https://vk.com/wall-130344439_2001,комментарий
2008,0,Post 2008 (2019-02-13 10:37:02),id151317520Татьяна Шелованова ищет себе дримтим! Собираюсь принять участие в кейс чемпионате от компании Accenture. Однако срочно нужна команда,https://vk.com/wall-130344439_2008,пост
2008,1,Post 2008 (2019-02-13 10:37:02),". Однако срочно нужна команда. Для справки Это глобальная консалтинговая компания,оказывающая услуги по трансформации бизнеса крупных компаний, в особенности по цифровой трансформации, оказывает широкий спектр услуг в области стратегий, консалтинга, цифровых сервисов digital, технологий и оптимизации операционной деятельности. Если у кого-то есть желание, пишите лс",https://vk.com/wall-130344439_2008,пост
2014,0,Post 2014 (2019-02-15 08:45:14),"Друзья- студенты бакалавриата, спешите участвовать. Тема крутая, МГУшная, - это вам не шарага на мясницкой. В этом году главный составитель задач - новый, внешний по отношению к России и он классный, поэтому на очном туре должно получиться что-то интересное.",https://vk.com/wall-130344439_2014,пост
2015,0,Post 2015 (2019-02-15 18:56:29),"что мертво умереть не может, Раньше у чуваков были две нормальные программы, а потом они подумали ебать успех и вместо того, чтобы эти две программы дорабатывать по качеству, открыли ещё десяток не очень хороших прог и в итоге скатились. Год перерыва взяли, потому что их главный, Андрей, на инициативе которого всё держится, по слухам сваливал в какой-то стартап",https://vk.com/wall-130344439_2015,комментарий
2015,1,Post 2015 (2019-02-15 18:56:29),". Этой осенью они снова попробовали запуститься и по полной обосрались. Чатики организаторов было больно читать. Замутили говно-программу, набрали поток и в итоге в течение осени загнулись все направления, после загиба у них теперь типо онлайн-программа. Есть очень забавный паблик от чуваков, которые всрали по полной направление анализ данных Ребята планировали писать об успехах",https://vk.com/wall-130344439_2015,комментарий
2015,2,Post 2015 (2019-02-15 18:56:29),". Каждый раз, когда открываю его, ору в голосину., Короч, я бы не рекомендовал тратить на это своё время.",https://vk.com/wall-130344439_2015,комментарий
2023,0,Post 2023 (2019-02-16 18:50:25),"Эй, выпускники, недавно вы получили важное письмо, предлагаем не игнорировать и выйти на связь, будут прикольные плюшки и интересные предложения! Если письмо не пришло, пишите id17296672Володе",https://vk.com/wall-130344439_2023,пост
2025,0,Post 2025 (2019-02-18 18:18:07),"Всем привет! Я работаю в PwC Data Analytics, и у нас открылись пара вакансий Intern и Junior Data Scientist. Занятость от 30 чнеделю. Если ты студент 3-4 курса выпускник и хочешь попробовать эконометрику и ML на практике если ты только начинающий в ML - ничего страшного, научим, то эта вакансия для тебя В PwC Data Analytics открылись позиции Junior Data Scientist",https://vk.com/wall-130344439_2025,пост
2025,1,Post 2025 (2019-02-18 18:18:07),". Что тебя ждет Интересные проекты, где ты будешь заниматься моделированием статистических данных, прогнозированием, выявлением аномалий и многим другим. Не только решение практических задач, но и исследовательская деятельность в области Data Science будешь в курсе трендов. Работа с клиентами из самых разных индустрий производство, розница, нефтегаз, финансовый сектор и т. д.",https://vk.com/wall-130344439_2025,пост
2025,2,Post 2025 (2019-02-18 18:18:07),". д.. Взаимодействие с европейской командой, обмен экспертизой. Базовые требования к стажерам владение SQL, Python R знание классических фреймворков для Data Science английский язык не ниже уровня upper-intermediate",https://vk.com/wall-130344439_2025,пост
2025,3,Post 2025 (2019-02-18 18:18:07),". Плюсом будет, если ты продемонстрируешь свои прототипы работающих инструментов например, в рамках учебной деятельности творишь эффектные визуализации Tableau QlikView Power BI, R, Shiny умеешь работать с геопространственной аналитикой и инструментами Big Data ML. Ссылка на вакансию Резюме отправляйте Ксении ksenia.myachenkovapwc.com, указывая в теме письма название вакансии",https://vk.com/wall-130344439_2025,пост
2025,4,Post 2025 (2019-02-18 18:18:07),".com, указывая в теме письма название вакансии. ----------------------- P.S. можете писать мне по поводу вакансии, с радостью отвечу на все вопросы",https://vk.com/wall-130344439_2025,пост
2026,0,Post 2026 (2019-02-22 16:22:34),"Вас хочет KPMG Предлагают на 9 неделе этой весной прочитать, что-то из предложенного Аудит финансового сектора 1 Принцип независимости и этические принципы в аудите и их влияние на качество аудита на основе практических примеров. 2 Связанные стороны риски и возможные манипуляции в отчетности",https://vk.com/wall-130344439_2026,пост
2026,1,Post 2026 (2019-02-22 16:22:34),". 3 Практические аспекты планирования аудиторской проверки, включая идентификацию рисков аудируемого лица на примере бизнес-кейса. 4 Оценочные суждения и связанные с ними риски манипуляций в отчетности. 5 Всесторонний бизнес-кейс направлен на формирование целостной картины проведения аудита. - 3 часа!! Финансовый риск-менеджмент 1. IFRS-9 2. ICAP 3. Базель 4. моделирование любое 5",https://vk.com/wall-130344439_2026,пост
2026,2,Post 2026 (2019-02-22 16:22:34),". ICAP 3. Базель 4. моделирование любое 5. Банковская стратегия 6. Операционная эффективность банков 7. Диджитализация банковских процессов Про этику и диджилитизацию, я думаю, пропустим, а вот любое моделирование звучит сильно. Обещают свободу, равенство и трудоустройство в консалтинг с кодингом и модельками имею в виду модели, а не моделей. Жду предложения и пожелания или сам все назначу",https://vk.com/wall-130344439_2026,пост
2034,0,Post 2034 (2019-02-25 12:50:21),"Напоминаем, что до 2 марта открыта регистрация на универсиаду по эконометрике. Углуба, всем регаться и выигрывать!",https://vk.com/wall-130344439_2034,пост
2035,0,Post 2035 (2019-02-28 22:01:04),"Товарищи студенты, помните мы недавно устраивали конкурс среди преподавателей Завтра в 1720 объявим и наградим победителей в зале 5 корпуса аудитория 5-325, так что если есть желающие узнать результаты приходите!",https://vk.com/wall-130344439_2035,пост
2035,0,Post 2035 (2019-02-28 22:01:04),"А что за награждение первокурсников, которые закрыли первую сессию? Пришла рассылка на почту.",https://vk.com/wall-130344439_2035,комментарий
2038,0,Post 2038 (2019-03-03 15:08:38),"Интересуешься большими данными? Думаешь, что эконом тебе в этом сильно поможет? Специально для тебе ведущая магистерская программа ведущего вуза ведущей страны. По всем вопросам поступления обращаться к id6045249Филиппу",https://vk.com/wall-130344439_2038,пост
2038,0,Post 2038 (2019-03-03 15:08:38),"Магистратура - пушка!, ведущий ведущий ведущей программы ведущего вуза ведущей страны, advanced big data model in piton RANEPA master program edition v 2.28 y - lubaya_huynia X - bolshie_dannie big data model_bolshih_dannih - lassoyX model big data summarymodel_bolshih_dannih results",https://vk.com/wall-130344439_2038,комментарий
2043,0,Post 2043 (2019-03-05 21:58:46),8 человек прошли от нас во второй тур прославлять родное отделение. Поздравляем всех с прохождением и желаем удачи во втором туре,https://vk.com/wall-130344439_2043,пост
2044,0,Post 2044 (2019-03-06 00:17:41),"эх щас бы альфы пописать, НИКОГДА НИКОГДА НЕ ПИШИТЕ АЛЬФЫ",https://vk.com/wall-130344439_2044,комментарий
2051,0,Post 2051 (2019-03-11 19:25:28),"Практикант в Департамент инвестиционной деятельности Sberbank Merchant Banking Задача должности Сбор и анализ данных Базовое финансовое моделирование участие в составлении частей финансовой модели, расчет WACC, мультипликаторов Помощь в подготовке всех необходимых аналитических, презентационных и информационных материалов",https://vk.com/wall-130344439_2051,пост
2051,1,Post 2051 (2019-03-11 19:25:28),", презентационных и информационных материалов, необходимых для подготовки и исполнения сделки Профессиональный опыт и знания Обязательно свободное владение устным и письменным английским языком включая профессиональную финансовую терминологию Знания основ финансовой математики",https://vk.com/wall-130344439_2051,пост
2051,2,Post 2051 (2019-03-11 19:25:28),", корпоративных финансов и инвестиционного анализа Знание применимых стандартов западной и российской бухгалтерской отчетности Понимание процесса построения и анализа моделей денежных потоков Понимание процесса оценки стоимости бизнеса Клиента Свободное владение компьютерными программами MS Office и базами данных для инвестиционно-банковской индустрии Bloomberg Студент 3-6 курса бакалавриата",https://vk.com/wall-130344439_2051,пост
2051,3,Post 2051 (2019-03-11 19:25:28),Bloomberg Студент 3-6 курса бакалавриата специалитета или 1 курс магистратуры ГУ-ВШЭ,https://vk.com/wall-130344439_2051,пост
2051,4,Post 2051 (2019-03-11 19:25:28),", МГУ, МГИМО, Финансовая Академия, РЭУ Плеханова, РЭШ Личностные характеристики Развитое аналитическое мышление как способность уверенно работать с цифрами, с большими массивами числовой информации в сжатые сроки Высокая мотивация, способности к обучению и развитию своих профессиональных навыков, в т",https://vk.com/wall-130344439_2051,пост
2051,6,Post 2051 (2019-03-11 19:25:28),". в отраслевом анализе, в продуктовых компетенциях Адаптивность как способность быстро приспосабливаться к новым обстоятельствам работы Методичность как способность планирования и структурирования своей работы в ситуации высокой нагрузки Навыки эффективной коммуникации, презентационные навыки Уравновешенность и стрессоустойчивость как способность сохранять самообладание в напряженных ситуациях",https://vk.com/wall-130344439_2051,пост
2051,7,Post 2051 (2019-03-11 19:25:28),", способность адекватно реагировать на критику Цель практики получение опыта работы в ведущей финансовой команде на рынке По итогам практики не будет сделано предложение о работе в департаменте",https://vk.com/wall-130344439_2051,пост
2051,8,Post 2051 (2019-03-11 19:25:28),", но при удачном прохождении практики могут быть получены преференции при попадании на программу Head Start Sberbank в виде упрощения процедуры отбора и рекомендации в другие департаменты банка другие финансовые организации",https://vk.com/wall-130344439_2051,пост
2051,9,Post 2051 (2019-03-11 19:25:28),. Обязательно направление на практику от ВУЗа Практика не оплачиваемая. Резюме отправлять на почту ekaterina_starikovasberbank-cib.ru,https://vk.com/wall-130344439_2051,пост
2051,0,Post 2051 (2019-03-11 19:25:28),"Блин, ранепы в описании нет а так хотелось, Это не обязательно",https://vk.com/wall-130344439_2051,комментарий
2055,0,Post 2055 (2019-03-13 18:57:15),Курс от Стока и Вотсона по эконометрике с интерактивными примерами в R как на датакампе.,https://vk.com/wall-130344439_2055,пост
2057,0,Post 2057 (2019-03-15 08:16:38),"Всем доброе утро! Решил, что полезно будет поделиться интересными телеграм каналами для поиски работыстажировок, тк уже лето не за горами. 1. Your Job - разные сферы и уровни 2. Marketing jobs - думаю, понятно, что фокус на маркетинге 3. Без Aspera Jobs - блог моей знакомой, которая постит очень годные вакансии с примерной зарплатой и описанием и -, очень советую",https://vk.com/wall-130344439_2057,пост
2057,1,Post 2057 (2019-03-15 08:16:38),. Плюс есть ещё хорошие каналы про карьеру 1. Your Career 2. Без aspera ad astra Всем хорошего дня и отличной пятницы,https://vk.com/wall-130344439_2057,пост
2057,0,Post 2057 (2019-03-15 08:16:38),"DSDA t.meforanalysts Тут преимущественно системная аналитика, но иногда обсуждают вакансииработодателей, можно что-то полезное выловить t.meanalyst_job",https://vk.com/wall-130344439_2057,комментарий
2058,0,Post 2058 (2019-03-15 08:31:25),"Всем доброго дня! Мне на днях показали игру про программирование, явно написанную кем-то из олдфагов прогающих на ассемблере Human Resource Machine Experimental Gameplay Group Абсолютно гениальная игрушка, денег своих стоит на 100, только хардкор, ассемблер рулит Подтяни свой уровень алгоритмического кодинга! Лучше ставить на планшет, но и на телефоне можно",https://vk.com/wall-130344439_2058,пост
2058,1,Post 2058 (2019-03-15 08:31:25),". Говорят есть бесплатная версия на Android, найдёте добавьте в коментах.",https://vk.com/wall-130344439_2058,пост
2058,0,Post 2058 (2019-03-15 08:31:25),"На Android тоже платная, но стоит на сотню меньше, Берите, не пожелеете!, конечно, это же от создателей World of Goo, а они фигни не делают, На компе эта игра кстати тоже есть.",https://vk.com/wall-130344439_2058,комментарий
2066,0,Post 2066 (2019-03-18 14:42:32),"Каеф, Чем талантливее спикеры, тем меньше времени нужно",https://vk.com/wall-130344439_2066,комментарий
2070,0,Post 2070 (2019-03-19 19:23:25),"Эконом, начинается время отбора на летние стажировки не пропустите момент, как я когда-то! В мае-июне что-то искать будет уже поздно Российская консалтинговая компания Strategy Partners приглашает студентов 3 курса и выпускников на летнюю стажировку. Вас ждет активное погружение в консалтинг, интересный практический опыт и работа в команде настоящих профессионалов! . Подать заявку",https://vk.com/wall-130344439_2070,пост
2070,0,Post 2070 (2019-03-19 19:23:25),"P.S. Это не реклама консалтинга в целом. Скорее, призыв начинать искать стажировки уже сейчас",https://vk.com/wall-130344439_2070,комментарий
2072,0,Post 2072 (2019-03-27 17:48:39),"Хорошая возможность для тех, кто наконец хочет попробовать себя в дата сатанизме или развить этот навык, а заодно выиграть пару яблочных девайсов Призы отличные и конкурсы интересные и не смотрите, что метрика . -R2. Плюс можно зарекомендовать себя перед рекрутерами",https://vk.com/wall-130344439_2072,пост
2072,1,Post 2072 (2019-03-27 17:48:39),". Если кому-то интересно узнать о работе в Mckinsey на стыке консалтинга и анализа данных, можно спросить у меня или пройти на финал и поговорить с другими представителями Фирмы.",https://vk.com/wall-130344439_2072,пост
2072,0,Post 2072 (2019-03-27 17:48:39),"У меня там пара друзей, вакансии годные 3, id37280099Илья Дуров жалко в призах нет поездки в Казахстан.",https://vk.com/wall-130344439_2072,комментарий
2082,0,Post 2082 (2019-04-08 18:52:10),"Кстати говоря, регистрация на самое масштабное событие в мире анализа данных датафест, идёт полным ходом. Коллекция видео с предыдущих фестов",https://vk.com/wall-130344439_2082,пост
2084,0,Post 2084 (2019-04-10 22:05:02),"Хей! Последнее крупное мероприятие на Иканаме было аж в 2018 году! Самое время это исправлять! На следующей неделе 20 апреля да-да суббота в 1220 в зале 76 в шестом корпусе Состоится наше ежегодное мероприятие Работающие для безработных, которое мы уже устраиваем 3 раз! Туда приедут наши выпускники и поделятся с вами своим опытом",https://vk.com/wall-130344439_2084,пост
2084,1,Post 2084 (2019-04-10 22:05:02),". Вы узнаете Как пережить 4 года на экономе Как выжить после ВУЗа Что из того что вы изучаете наиболее полезно и что нужно изучить самим, что бы лидировать на рынке труда, и многое другое, а так же познакомитесь с теми кто уже прошел тот путь, по которому вы идете И после него, тем же вечером, мы, естественно, соблюдая традиции, собираемся в БАР на ВСЕОБЩУЮ ЭКОНОМОВСКУЮ ТУСУ!1",https://vk.com/wall-130344439_2084,пост
2084,2,Post 2084 (2019-04-10 22:05:02),"!1! Много алкоголя, веселья, ржачных историй гарантировано От тебя, мой дорогой друг, лишь присутствие Чтобы внять мудрость наших выпускников и забронировать самый лучший бар Тебе нужно всего лишь нажать кнопочку чуть ниже И мы обо всем позаботимся ps",https://vk.com/wall-130344439_2084,пост
2084,3,Post 2084 (2019-04-10 22:05:02),. В скором времени расскажем ещё А картинка для привлечения внимания.,https://vk.com/wall-130344439_2084,пост
2092,0,Post 2092 (2019-04-16 22:23:28),"Для нашего субботнего мероприятия мы сняли старый добрый, а главное всеми любимый папас 2000! Со своим естественно нельзя Просьба каждого желающего прийти , в частности первокурсников, иметь с собой минимальную сумму депозитария в размере 1к2-3 коктейля по местным ценам не так уж и много",https://vk.com/wall-130344439_2092,пост
2092,1,Post 2092 (2019-04-16 22:23:28),"! Без данной суммы вас просто могут попросить выйти и мы ничего не сможем сделать Так же будет общий счет, об оплате которого вы узнаете позже, но так как в прошлый раз в облака улетели 20к Мы решили более тщательно проследить за этим, думаю вы согласны, что Филя не должен платить за всех подряд и сканировать утром чеки Поможем ему в этом, ведь он и так забронировал нам лучшие столики на вечер",https://vk.com/wall-130344439_2092,пост
2092,0,Post 2092 (2019-04-16 22:23:28),"пора брать отчисления за использование своего образа, К чему этот весь цирк? Почему просто Филя не может взять и за всех заплатить?, Бля, походу поход в бар у половины перваков отменился, ФИЛЯ ПЛОТИ НАЛОГИ",https://vk.com/wall-130344439_2092,комментарий
2109,0,Post 2109 (2019-04-19 20:30:41),"Хей! Это последний анонс завтрашнего ЛЕГЕН-ПОДОЖДИ-ПОДОЖДИ-ДАРНОГО ЛЕГЕНДАРНОГО события, а именно Работающие для Безработных Завтра 20 апреля 2019 года в 1220 в зале 7 в 6 корпусе состоится долгожданная встреча! Мы пригласили выпускников, которые готовы поделиться с вами своей мудростью!!",https://vk.com/wall-130344439_2109,пост
2109,1,Post 2109 (2019-04-19 20:30:41),! Многие спрашивают А кто будет выступать? отвечаю 1 Ермилова Ирина - после выпуска открыла свой бизнес и поделится своим опытом! 2 Умярова Анастасия расскажет о работе консультантом в Valuation PwC! 3 Максимов Иван поделится опытом DATA SCIENCE в PWC,https://vk.com/wall-130344439_2109,пост
2109,2,Post 2109 (2019-04-19 20:30:41),"! 4 Агеев Евгений - Консультант Управления методологии, наблюдения и надзора Департамента финансовой стабильности Банка России, расскажет о работе в главном банке страны! 5 Крылова Анна - просветит о работе в fcg partners! 6 Кужелев Александр расскажет как это быть Assistant Brand Manager, PG! 7 Титов Александр расскажет о работе в отделе аналитики в M-video",https://vk.com/wall-130344439_2109,пост
2109,3,Post 2109 (2019-04-19 20:30:41),"! И конечно вечером, в 2000 мы ждем вас в ПАПАС общаться и веселиться смотри прошлый пост Ждем вас!",https://vk.com/wall-130344439_2109,пост
2112,0,Post 2112 (2019-04-20 15:51:22),"Спасибо всем тем, кто пришел на Работающие для безработных было круто! Если вы планируете искать стажировку на лето, то поторопитесь дедлайн подачи заявок в большинство компаний уже прошел, но кое-где заявку подать еще можно 1. Sanofi 2. Сразу 4 стажировки в PwC 3. Ренессанс Капитал Graduate Program 4. Стажировка в Strategy Partners Group 5. Стажер в Pepsi 6. Стажер в EY 7. Стажер в фин",https://vk.com/wall-130344439_2112,пост
2112,1,Post 2112 (2019-04-20 15:51:22),". Стажер в Pepsi 6. Стажер в EY 7. Стажер в фин.отдел Яндекс.Маркета 8. Младший аналитик в ivi 9. Стажер в отдел кредитных рисков, Volvo 10. Стажировка в венчурном фонде 11. Стажер-аналитик в горно-добывающую компанию 12",https://vk.com/wall-130344439_2112,пост
2112,2,Post 2112 (2019-04-20 15:51:22),". Погуглите стажировки в аналитических финансовых стратегических отделах таких компаний, как Ритейл X5 Retail group, Магнит, Ашан FMCG Mars, Unilever, PG, Danone Телеком МТС, Билайн, Мегафон, Теле2 Консалтинг PwC, EY, KPMG, Deloitte Банки Сбер, ВТБ, Райффайзен, Тинькоф, Росбанк Различные промышленные гиганты BMW, Mercedes, Сибур, Северсталь, JTI",https://vk.com/wall-130344439_2112,пост
2112,3,Post 2112 (2019-04-20 15:51:22),", Mercedes, Сибур, Северсталь, JTI, British American Tobacco и т д Удачи всем студентам в поиске работы Надеюсь, этот пост вам был полезен",https://vk.com/wall-130344439_2112,пост
2112,0,Post 2112 (2019-04-20 15:51:22),"Кто пройдёт в яндекс.маркет, пишите! Будем пить вместе кофе на крыше",https://vk.com/wall-130344439_2112,комментарий
2114,0,Post 2114 (2019-04-20 17:07:44),"Хола, Мы надеемся,что вам понравились выступления спикеров на сегодняшнем мероприятии! И мы напоминаем, что скоро придёт время отдохнуть и забыться в Папасе 2000 Никольская, 10 Немного об организации - приходите небольшими группами - будьте добросовестны, приносите с собой хорошее настроение",https://vk.com/wall-130344439_2114,пост
2114,0,Post 2114 (2019-04-20 17:07:44),Распространение хорошего настроения запрещено на территории РФ,https://vk.com/wall-130344439_2114,комментарий
2121,0,Post 2121 (2019-04-21 11:52:02),"Доброе утро! Отлично вчера посидели, и по классике все еще ждем деньги кто еще не скинул Можно кидать мне на сбер 89160757133",https://vk.com/wall-130344439_2121,пост
2123,0,Post 2123 (2019-04-25 13:27:57),"Важная инфа для выпускников. Народ, смотрите. Мы хотим норм клуб выпускников эконома с норм активностями. Есть реальная возможность всё это добро запилить и есть даже специальный человек по имени Дмитрий, который этим занимается. Он прислушивается ко всем советам и пожеланиям, которые мы ему высказываем",https://vk.com/wall-130344439_2123,пост
2123,1,Post 2123 (2019-04-25 13:27:57),". Понятное дело, чтобы что-то пилилось чуваки из деканатов должны понимать какой на это добро спрос. Как оценить спрос? Правильно, запустить кучу анкет. Плиз, откликайтесь на них и заполняйте. Тогда у нас будет пиздатый клуб выпускников с сигарами, бухлом и ЧГК",https://vk.com/wall-130344439_2123,пост
2123,2,Post 2123 (2019-04-25 13:27:57),". Если ты выпускник бакалавриата или магистратуры, заполни пожалуйста анкету про ЧГК! А также расшарь её всем своим бывшим одногруппникам и однокурсникам.",https://vk.com/wall-130344439_2123,пост
2123,0,Post 2123 (2019-04-25 13:27:57),"Для тех, кто давно выпустился ЭМИТ - это мы теперь так называемся? А то я вроде на ЭФЭ училась.",https://vk.com/wall-130344439_2123,комментарий
2129,0,Post 2129 (2019-04-28 17:02:26),Дальше вы прочитаете уникальное предложение затусить. Впереди майские праздники. И это прикольно. Вторник - последний учебный день перед ними. Будет тепло. Дождя не ожидается. Давайте купим немного выпивки и пойдём тусоваться вместе с ней на улицу. Обычно мы делали это в ПГ. Предлагаю с него и начать,https://vk.com/wall-130344439_2129,пост
2129,1,Post 2129 (2019-04-28 17:02:26),". Предлагаю с него и начать. Погнали? План в 1900 30 апреля, вторник встречаемся у ПГ с алкоголем, стаканчиками и задором, и идём тусить в ПГ. Если разливать всё по стаканам и не светить бутылки, администрация не пристаёт.",https://vk.com/wall-130344439_2129,пост
2129,0,Post 2129 (2019-04-28 17:02:26),"угас дух авантюризма, Не оч понял хренли все воздерживаются. Короч, мы пойдём пить пиво в бар в районе Чеховской. Около 2000. Если хотите тоже, пишите или звоните. 8 916 949 32 04.",https://vk.com/wall-130344439_2129,комментарий
2134,0,Post 2134 (2019-05-01 12:06:04),"Прошлым летом я ездила в Летнюю школу, где две недели я и такие же сумасшедшие программировали в R, живя в лесу у Волги. Здесь я поведаю о своем опыте и расскажу о мастерской АнДан и Летней Школе",https://vk.com/wall-130344439_2134,пост
2134,1,Post 2134 (2019-05-01 12:06:04),". Первый вопрос, который у вас, скорее всего, возник - как можно прогать в лесу? Да, мы жили в палатках, готовили на костре, купались в Волге, но к великому счастью городского жителя там есть электричество и вайфай в домиках, где как раз и проходили занятия",https://vk.com/wall-130344439_2134,пост
2134,2,Post 2134 (2019-05-01 12:06:04),". У моей мастерской Анализ данных в социальных и гуманитарных науках АнДан, было 4 направления стартовое, визуализационное, лингвистическое и продвинутое. Я была на последней программе, где мы познали машинное обучение и применили его на примере, творили нечто с регрессиями и пытались в анализ социальных сетей. А в этом году четыре обновленных программы АнДана обещают 1",https://vk.com/wall-130344439_2134,пост
2134,3,Post 2134 (2019-05-01 12:06:04),". Научить бегло говорить и писать на языке R для начинающих с повторением статистики. Возможно, эта мастерская будет скучна студентам эконома РАНХиГС, но все равно будет полезна тем, кто уже мало чего помнит о R и хочет подтянуть знания. Начинают они с синтаксиса, а через две недели уже вытворяют такое, что трудно представить! 2",https://vk.com/wall-130344439_2134,пост
2134,4,Post 2134 (2019-05-01 12:06:04),". Недельную Байесовскую программу, где кроме введения в её статистику, пройдут такие страшные вещи, как ограничения на применения регрессии, mixed effects models, nested models, GAM. Вот это я стронгли рекомменд нашим студентам, даже если вы ни слова не поняли. Летняя школа для того и существует, чтобы это понять и испытать! Но надо быть неплохим юзером R, чтобы попасть туда. 3",https://vk.com/wall-130344439_2134,пост
2134,5,Post 2134 (2019-05-01 12:06:04),". 3. Красиво визуализировать данные, познав теорию инфографики и цвета, ggplot, plotly, RMarkdown и др. Когда я была в гостях у этой программы, мы визуализировали данные по злободневному вопросу Летней Школы зависимость температуры воды в душе от времени суток",https://vk.com/wall-130344439_2134,пост
2134,6,Post 2134 (2019-05-01 12:06:04),". Картинки, полученные у коллег, дали мне понять, что визуализация является сильным инструментом анализа данных и что мыться в 6 утра бессмысленно, т.к. вода будет холодной. Не расстраивайтесь, в ЛС могу рассказать лайфхаки, как застать горячую воду 4. Разбираться с анализом звуков на инновационной Фонетической программе",https://vk.com/wall-130344439_2134,пост
2134,7,Post 2134 (2019-05-01 12:06:04),". Что-то тоже интересное, но не мой профиль, поэтому не могу рассказать подробнее. Ко всему этому удовольствию добавятся мастер-классы, где напишут телеграм-бота в R, научат dplyr, обработают рекламные данные, расскажут про историю статистики",https://vk.com/wall-130344439_2134,пост
2134,8,Post 2134 (2019-05-01 12:06:04),". И многое другое! Но на АнДане жизнь в Летней Школе не заканчивается, там полно других мастерских от Deep Learning до школы танцев, от мастерской добрых дел до МедО, от случайной мастерской до анимации. Большинство мастерских имеют ограничение 18, но есть и для школьников, например, АстроГео",https://vk.com/wall-130344439_2134,пост
2134,9,Post 2134 (2019-05-01 12:06:04),". Ссылки на них туть Естественно, мастерские обмениваются опытом, проводятся общие лекции, мероприятия и мастер-классы. Поэтому будет общение с интересными людьми из разных областей. Да даже на самом АнДане собирается разношерстный люд психологи, социологи, экономисты, биологи, политологи, журналисты и др. Как устроен быт? Готовим, моем посуду и убираем мы сами, но по очереди по принципу дежурства",https://vk.com/wall-130344439_2134,пост
2134,10,Post 2134 (2019-05-01 12:06:04),". Но это было не так напряжно, дежурства 2-3 часа выпадали через день. Самое страшное в ЛШ, нет, не букашки и жуки территория обрабатывается от клещей, а туалет, но тут тоже есть лайфхаки. Неподалеку от Летней Школы есть сельский магазинчик, а ближайшая цивилизация находится в Дубне. На территории есть медпункт, но лучше не болеть на природе",https://vk.com/wall-130344439_2134,пост
2134,11,Post 2134 (2019-05-01 12:06:04),". Летняя Школа базируется на принципе добровольных взносов, в которые, в основном, входит оплата еды, т.е. от вас потребуется всего несколько тысяч за неделю. Дедлайн заявок - 20 мая, но зарегистрироваться на сайте нужно раньше желательно до 10 мая, чтобы успели проверить анкету. Чтобы попасть на АнДан, необходимо сделать вступительное задание",https://vk.com/wall-130344439_2134,пост
2134,12,Post 2134 (2019-05-01 12:06:04),". Если для стартовой, это тест по статистике, то для байесовской надо будет кодить. Обязательно будет прикрепить мем или анекдот это не шутка. Сами мастерские АнДана проходят с 21 июля по 5 августа могут быть, как одна, так и две недели. Есть вопросы - пишите мне или смотрите сайт letnyayashkola.organdan.",https://vk.com/wall-130344439_2134,пост
2137,0,Post 2137 (2019-05-08 17:00:04),вакансия в ПСБ Обязанности Развитие технологической платформы банка Big Data Artificial Intelligence. Использование платформы Big Data Artificial Intelligence и методов машинного обучения в целях увеличения объемов продаж банковских продуктов и прибыли банка оптимизации бизнес-процессов и сокращения операционных затрат банка,https://vk.com/wall-130344439_2137,пост
2137,1,Post 2137 (2019-05-08 17:00:04),". Требования Опыт построения и практического применения моделей машинного обучения Logistic Regression, традиционные деревья принятия решения, Random Forest, G-boosting, нейронные сети, SVM и т.д., постановки гипотез, анализ результатов и оценки качества моделей",https://vk.com/wall-130344439_2137,пост
2137,2,Post 2137 (2019-05-08 17:00:04),". Хорошая математическая база понимание принципов математической статистики, построения моделей Linear Regression, Logistic Regression, GLM, ANOVA, многомерного анализа кластерный, факторный анализ, метод главных компонент, проверки статистических гипотез, построения временных рядов ARMA, ARIMA и т.п.. Знание Python на уровне разработки моделей машинного обучения и работы с данными",https://vk.com/wall-130344439_2137,пост
2137,3,Post 2137 (2019-05-08 17:00:04),". Знание SQL, понимание организации реляционной БД. Самостоятельность и проактивность поиск данных, получение доступов, анализ гипотез, коммуникации с бизнес-подразделениями по вопросам. Образование высшее математика, экономика, финансы, IT. Английский на уровне Intermediate",https://vk.com/wall-130344439_2137,пост
2137,4,Post 2137 (2019-05-08 17:00:04),". Английский на уровне Intermediate. Преимуществом являются Опыт в предметной области цифровойрозничный бизнес Банка депозиты, кредиты, карты, платежи, переводы, банковские сервисы. Опыт работы в подразделении моделирования Банка кредитные риски. Опыт работы с Apache Spark, использование ML-библиотек Apache Spark",https://vk.com/wall-130344439_2137,пост
2137,5,Post 2137 (2019-05-08 17:00:04),". Опыт работы в среде распределенных вычислений, понимание организации хранения и обработки данных в экосистеме Hadoop Spark, Spark Streaming, Hbase Casandra,Kafka, Impala, Hive, Kudu. Опыт работы с SAS Enterprise Guide Enterprise Miner. Наличие сертификатов в области машинного обучения или анализа данных.",https://vk.com/wall-130344439_2137,пост
2138,0,Post 2138 (2019-05-21 12:59:16),Вакансия по риск-аналитике. По всем вопросам к id4434770Таисия Горшкова,https://vk.com/wall-130344439_2138,пост
2138,0,Post 2138 (2019-05-21 12:59:16),"Особый опыт не требуется, обещают всему научить. Зп - 104 гросс",https://vk.com/wall-130344439_2138,комментарий
2144,0,Post 2144 (2019-05-31 21:05:24),"Coffee talksКофе с толком Думаешь о том, как выбрать самую полезную стажировку? Выбираешь летнюю программу обучения? Теряешься в море магистерских программ? Или точно знаешь, чем хочешь заниматься, и хочешь детально проработать карьерную и личную стратегию? Приходи на чашку кофе с Надеждой Викторовной Шиловой, которая много лет консультирует студентов по подобным вопросам",https://vk.com/wall-130344439_2144,пост
2144,1,Post 2144 (2019-05-31 21:05:24),". С июня 2019 года институт ЭМИТ запускает новый формат карьерного сопровождения ты сможешь задать все интересующие тебя вопросы лично, в неформальной обстановке, за чашкой кофе. Все, что тебе нужно для этого сделать, - записаться в удобный тебе временной слот по ссылке ну и, конечно, прийти в кафе 4 корпуса Академии в назначенное время.",https://vk.com/wall-130344439_2144,пост
2148,0,Post 2148 (2019-06-05 17:04:06),"Всем привет! Авито ищет аналитиков и data scientists в команду. Описание вакансий в аналитике тут Про Data Science можно спросить меня, я вас свяжу с HR.",https://vk.com/wall-130344439_2148,пост
2148,0,Post 2148 (2019-06-05 17:04:06),"А объявления бесплатно можно будет поднимать?, А что по зп?, Контакты hr. Tg id474426672aasafarova E-mail aasafarovaavito.ru Настя",https://vk.com/wall-130344439_2148,комментарий
2154,0,Post 2154 (2019-06-09 13:33:54),"Всем привет! Прошу всех парней с отделения экономики пройти этот небольшой, но очень интересный опрос об оценке важности характеристик девушек. Он займет всего 2-5 минут! Заранее спасибо! P.S. это для НИРа, дедлайны горят, плиз помогите",https://vk.com/wall-130344439_2154,пост
2155,0,Post 2155 (2019-06-23 16:42:14),Серия неплохих pdf с инфой откуда можно попытаться взять какие-нибудь данные.,https://vk.com/wall-130344439_2155,пост
2157,0,Post 2157 (2019-06-24 12:41:10),"Есть 2 вакансии в телекоме 1. Аналитик в риск-менеджмент. В идеале знать RPython, VBA. Задачи оценка рисков, прогнозирование, работа с вероятностной моделью бюджета компании и прочее. 2. Специалист во внутренние контроли. Интересно будет тем, кто хочет вникнуть в процессы, как работают биллинги и как это отражается в выручке",https://vk.com/wall-130344439_2157,пост
2157,1,Post 2157 (2019-06-24 12:41:10),". В идеале нужно понимать, что такое контроли, что такое SOX критичные системы Закон Сарбейнза Оксли и др. Если интересно, пишите.",https://vk.com/wall-130344439_2157,пост
2158,0,Post 2158 (2019-06-24 21:18:38),"В одном из крупнейших международных медийных агентств открыта позиция младшего эконометриста, можно без опыта, вилка от 60 чистыми, если интересно",https://vk.com/wall-130344439_2158,пост
2158,1,Post 2158 (2019-06-24 21:18:38),", вилка от 60 чистыми, если интересно, пишите мне Junior Data Scientist Junior Econometrician Области задач Сбор и обработка данных Использование индустриальных софтов для сбора данных Разработка моделей машинного обучения Обучение прогнозных моделей и создание сценариев Создание и тестирование гипотез Написание технических заданий для автоматизации процессов Написание и тестирование макросов",https://vk.com/wall-130344439_2158,пост
2158,2,Post 2158 (2019-06-24 21:18:38),", которые помогают автоматизировать процесс обработки данных моделирования с использованием SAS, SPSS, Excel VBA, SQL как плюс",https://vk.com/wall-130344439_2158,пост
2158,3,Post 2158 (2019-06-24 21:18:38),". Парсинг данных из открытых источников Навыки Сильные аналитические способности. Способность анализировать необработанные данные, делать выводы и разрабатывать практические рекомендации с использованием методов статистического и эконометрического моделирования. Уверенное владение Python R или любым другим расширенным пакетом аналитических программ",https://vk.com/wall-130344439_2158,пост
2158,4,Post 2158 (2019-06-24 21:18:38),". Знание SQL и опыт работы по крайней мере с одной из основных платформ баз данных как плюс. Знание и понимание метрик медийные например, impression, GRP, CPV и т.д., Аналитика измерений, количественные бизнес-показатели LTV, ROI, эффективность и т. д., Статистика корреляции, t-статистика, VIF, DW и т. д. Умение работать в условиях неточно поставленной задачи, уточнять формулировки",https://vk.com/wall-130344439_2158,пост
2158,5,Post 2158 (2019-06-24 21:18:38),". Знание методов визуального анализа и представления данных. Опыт Высшее образование. Степень магистра в области статистики, экономики или прикладной математики является плюсом. 1-3 года опыта работы",https://vk.com/wall-130344439_2158,пост
2158,0,Post 2158 (2019-06-24 21:18:38),"Econometrician это на древнеримский манер Гай Юлий Эконометриций, создание . гипотез",https://vk.com/wall-130344439_2158,комментарий
2162,0,Post 2162 (2019-06-26 19:35:46),"Хей! Сессия в самом разгаре, а это значит, что приближается и конец священной сессии, а значит скоро можно будет устроить финальную в этом сезоне ТУСУ! Желаем вам успешно пройти все бессоные ночи, уверенно ответить на все дополнительные вопросы, и закрыть сессию А потом, мы, естественно устраиваем ВСЕОБЩУЮ ТУСУ ЭКОНОМА!!",https://vk.com/wall-130344439_2162,пост
2162,1,Post 2162 (2019-06-26 19:35:46),"! В этот раз мы на распутье, есть несколько вариантов и мы жаждем узнать твое мнение! Планируем на пятницу 5 го июля! Итак, где проводим закрытие сезона?",https://vk.com/wall-130344439_2162,пост
2165,0,Post 2165 (2019-07-03 17:50:57),"Всем привет, McKinsey формирует мощную digital лабораторию на базе Московского офиса и ищет сильных людей. Одна из позиций Software Architect, подробнее здесь Если вакансия заинтересует вас или ваших знакомых, свяжитесь со мной и пришлите CV",https://vk.com/wall-130344439_2165,пост
2165,1,Post 2165 (2019-07-03 17:50:57),". Если вам интересна не конкретно эта позиция, но работа в digital и IT в целом, то вот список других вакансий, которые открыты в других офисах Стамбул, Касабланка, Дубай, Йоханнесбург DevOps, Architects, UXUI Experts, Project and Product Managers и другие. По ним тоже можете присылать резюме, но будет сложнее его закинуть.",https://vk.com/wall-130344439_2165,пост
2166,0,Post 2166 (2019-07-03 18:58:28),"Посмотрите на картинку внизу! Знаете что это? Это сама природа дает нам возможность шикарно закрыть 2018-2019 учебный год, устроив масштабную тусу ЭКОНОМА во всеми полюбившемся месте в Парке Школьников тот что рядом с РАНХиГС",https://vk.com/wall-130344439_2166,пост
2166,1,Post 2166 (2019-07-03 18:58:28),"! Этот год был сложен и прекрасен и заслуживает, что бы этот сезон был закрыт под громкие песни любимые всем экономом, что бы в последний раз в этом учебном году мы вместе пропели Все идет по плану! и конечно прокричали ЭКОНОМ!!",https://vk.com/wall-130344439_2166,пост
2166,2,Post 2166 (2019-07-03 18:58:28),"! и конечно прокричали ЭКОНОМ! так, что бы это эхом отдалось в следующем учебном году, когда мы снова встретимся дружным коллективом и поприветствуем новый первый курс в нашем, пожалуй САМОМ ИЛИТНОМ СООБЩЕСТВЕ ИКАНАМИСТОВ! Так что закупайся добром и приходи! Когда 5 июля 2019 в 1900-2000 Где Парк Школьников, на нашем традиционном месте",https://vk.com/wall-130344439_2166,пост
2166,3,Post 2166 (2019-07-03 18:58:28),! Что взять с собой -то что будешь пить -зонтиккофту на всякий случай -паспорт если вдруг решим продолжить где-нибудь в центре в баре!,https://vk.com/wall-130344439_2166,пост
2166,0,Post 2166 (2019-07-03 18:58:28),"я философию в аспе не сдал из-за фокина, он меня отвлекал, когда мы готовились",https://vk.com/wall-130344439_2166,комментарий
2171,0,Post 2171 (2019-07-04 14:57:09),"Люди! А едет кто на Летнюю Школу из вас в этом году? На ту, которая на Волге под Дубной. how_to_get",https://vk.com/wall-130344439_2171,пост
2172,0,Post 2172 (2019-07-06 12:50:31),"Удалите, Ужас, Не переживай, это норма, Как же хорошо, что я просто захотел спать и тихо пошел в общагу",https://vk.com/wall-130344439_2172,комментарий
2185,0,Post 2185 (2019-07-15 17:49:21),В октябре Банк России проводит ежегодный Форум инновационных финансовых технологий FINOPOLIS 2019. В рамках которого будет организованна молодежная программа FINOdays. Я являюсь одним из ответственных лиц в проведении данного мероприятия и хотел бы рассказать Вам о нем. FINOdays - это новые возможности для молодых и амбициозных специалистов в области FinTech,https://vk.com/wall-130344439_2185,пост
2185,1,Post 2185 (2019-07-15 17:49:21),". Центральным событием FINOdays станет Хакатон, в рамках которого командам будет предложено проработать решение кейсов от ведущих игроков финансового рынка. Призовой фонд соревновательного мероприятия составит 1 млн. рублей. К участию приглашаются студенты разработчики, программисты, студенты технических специальностей, продуктологи, финансовые и бизнес аналитики, маркетологи",https://vk.com/wall-130344439_2185,пост
2185,2,Post 2185 (2019-07-15 17:49:21),". Чтобы стать участником FINOdays необходимо выбрать свою роль в команде аналитик или программист, зарегистрироваться на сайте finodays.ru, пройти тестирование и он-лайн собеседование. Из всех зарегистрировавшихся претендентов мы отберем 100 лучших, которые примут участие в FINOdays совершенно бесплатно. Сайт мероприятия www.finodays.ru",https://vk.com/wall-130344439_2185,пост
2186,0,Post 2186 (2019-07-16 11:41:11),Выпуск Иканама 2019 Исходник можно забрать у меня 720p - 550 мб,https://vk.com/wall-130344439_2186,пост
2187,0,Post 2187 (2019-07-30 20:59:44),"Что же это что же это что же это? Неужели вакансия, на которой нужно заниматься ML, аналитикой и разными другими клёвыми вещами? 3 Мало ли кто-то хотел попытать счастья, но никогда не решался По всем вопросам пишите в личку.",https://vk.com/wall-130344439_2187,пост
2187,0,Post 2187 (2019-07-30 20:59:44),"Если поторопиться, можно и в частной компании поработать, и на госслужбу пойти 3",https://vk.com/wall-130344439_2187,комментарий
2193,0,Post 2193 (2019-08-06 10:38:08),"Всем снова привет. McKinsey устраивает очередной ивент, посвященный московскому хабу Advanced Analytics. для тех, в ком только зарождается интерес к DS, это отличный способ понять, куда этот интерес может привести для тех, кто этот путь уже начал например, пошел на нашумевшую Цифровую экономику, это хорошая возможность найти для себя практику",https://vk.com/wall-130344439_2193,пост
2193,1,Post 2193 (2019-08-06 10:38:08),". Все желающие поучаствовать, ознакомьтесь и подавайте заявку, мы вас ждем",https://vk.com/wall-130344439_2193,пост
2194,0,Post 2194 (2019-08-21 19:48:11),"лето близится к концу, а значит совсем скоро октябрь и посвят. но перед этим нужно проверить перваков, в том числе на умение пить. а значит, время летнего бухича! в этот день соберется весь иканам, чтобы встретить новый учебный год. можно будет познакомиться, пообщаться и узнать, какая будет домашка. предположительно тусим 30 августа пятница",https://vk.com/wall-130344439_2194,пост
2194,1,Post 2194 (2019-08-21 19:48:11),". предположительно тусим 30 августа пятница. чтобы забронировать лучшее место, уточним количество переживших лето иканамовцов",https://vk.com/wall-130344439_2194,пост
2197,0,Post 2197 (2019-08-23 18:00:55),"З0 августа выпьем, а 31 можно и лекции по DS послушать",https://vk.com/wall-130344439_2197,пост
2198,0,Post 2198 (2019-08-24 13:49:14),"на вечер пятницы у нас есть два варианта времяпрепровождения 1. снять крутой лофт в котором нам любезно предоставят музыкальную аппаратуру и мангал, кроме того можно дополнительно заказать бармена. лофт без пробкового сбора, так что, чтобы приехать на встречу, мы все скидываемся по 1 тысяче рублей и покупаем себе на напитки по настроению. 2",https://vk.com/wall-130344439_2198,пост
2198,1,Post 2198 (2019-08-24 13:49:14),". 2. встретиться в Killfish на Новослободской, депозит за бронь мне вернут, поэтому вы оплачиваете только свои напитки в самом баре. выбираем большинством голосов!",https://vk.com/wall-130344439_2198,пост
2199,0,Post 2199 (2019-08-25 14:40:01),"ЛЕТНЯЯ ТУСА ИКАНАМА встреча всего нашего отделения перед началом учебного года - очень знаменательное событие, особенно для первокурсников. на нем можно познакомиться со своими будущими однокурсниками и со всеми старшеками, узнать о будущей учебе, как общаться с преподавателями и как пережить первую сессию. мы дружно определились с местом встречаемся 30 августа в 1700 в лофте по адресу м",https://vk.com/wall-130344439_2199,пост
2199,1,Post 2199 (2019-08-25 14:40:01),". Авиамоторная, 2-я Энтузиастов ул., д. 5, стр. 31П идти пешком 15 минут. для тех, кто скинет деньги до 28 августа включительно, бонус-скидка 200 р., т.е. до 12 ночи можно скинуть 800 рублей. с 29 августа придется скидывать 1000 рублей, так что поторопитесь! деньги идут на съем лофта на 7 часов до 0000, а оставшиеся потратим на какие-нибудь вкусняшки для вас",https://vk.com/wall-130344439_2199,пост
2199,2,Post 2199 (2019-08-25 14:40:01),". скидывать денюжку можно на сбер по номеру телефона 89267993325 Дарья Витальевна С. с именем и курсом того, кто скинул можно написать id219243643мне в личку. кроме того, лофт без пробкового сбора. так что едем на тусу со своим алкоголем, берите побольше! а по всем вопросам обращайтесь id219243643ко мне ждем всех!",https://vk.com/wall-130344439_2199,пост
2199,0,Post 2199 (2019-08-25 14:40:01),"Надо, наверное, какой-нибудь фонд на подобные взносы зафигачить общий. Например, в данной ситуации можно не тратить потребительский излишек на ништяки, а сберечь его 3 но это неточно, Ее,жёлтая ветка",https://vk.com/wall-130344439_2199,комментарий
2216,0,Post 2216 (2019-08-28 20:04:29),"Торопитесь! Осталось несколько часов, когда лофт с вкусняшками и шашлыком стоит всего 800 рублей. Своя музыка Комфорт и тепло Уютная атмосфера, чтобы познакомиться и выпить, покушать самый вкусный шашлык Одним словом все, что нужно для традиционной сходки ИКАНАМА А ведь после полуночи это удовольствие подорожает до 1к Денежки так же можно переводить по номеру телефона 89267993325",https://vk.com/wall-130344439_2216,пост
2216,0,Post 2216 (2019-08-28 20:04:29),"капец, переиспользую мемы, а где творчество? от автора поста вообще такого не ожидал",https://vk.com/wall-130344439_2216,комментарий
2225,0,Post 2225 (2019-08-30 12:49:08),"УЖЕ СЕГОДНЯ в 1700 ждем вас по адресу м. Авиамоторная, 2-я Энтузиастов ул., д. 5, стр. 31П прикрепляю схему прохода если вы приедете до 1700, то необходимо будет предоставить на кпп паспорт и получить пропуск!",https://vk.com/wall-130344439_2225,пост
2226,0,Post 2226 (2019-09-05 08:32:48),"Начиная со дня зачисления все мы слышим это загадочное слово посвят, почему же его так ждут все, начиная со второго курса и заканчивая серьезными дядями из ЦБ и Яндекса?! Пришло время анонсировать главное событие Эконома! ПОСВЯТ-2019!!",https://vk.com/wall-130344439_2226,пост
2226,1,Post 2226 (2019-09-05 08:32:48),"! ПОСВЯТ-2019! Чтобы стать настоящим крутым студентом и не ловить пересдачи следующие 4 года, нужно обязательно пройти особую церемонию, после которой каждый становится частью большой семьи под названием ИКАНАМ Традиционно на посвящение первокурсников собирается весь эконом",https://vk.com/wall-130344439_2226,пост
2226,2,Post 2226 (2019-09-05 08:32:48),". Это лучшая возможность завести реально полезные и нужные знакомства! Можете спросить у ваших кураторов,именно там они нашли людей,которые часто помогали им на первом курсе. Только ради этого стоит поехать Кроме того, в этом году мы на целые сутки снимаем огромный, шикарный дом, в котором всем будет комфортно и весело",https://vk.com/wall-130344439_2226,пост
2226,3,Post 2226 (2019-09-05 08:32:48),". Мы позаботимся обо всем многой еды на любой вкус, качественные разнообразные алкогольные и безалкогольные напитки у нас есть свой бармен, делающий авторские коктейли, хорошая музыка и ещё много всего интересного. Не думайте, что это обычное алко-пати и если ты не пьёшь, то нет смысла ехать",https://vk.com/wall-130344439_2226,пост
2226,4,Post 2226 (2019-09-05 08:32:48),". Обещаем, что весело будет всем, и каждый сможет найти себе новых друзей и классно проведёт время! Посвят пройдёт ориентировочно с 5 на 6 октября, с субботы на воскресенье, поэтому переживать о парах не стоит Все вопросы можно задавать так же вашим кураторам. А теперь остаётся ждать и радоваться тому, что ПОСВЯТ БЛИЗКО ДА БУДЕТ ПОСВЯТ!",https://vk.com/wall-130344439_2226,пост
2229,0,Post 2229 (2019-09-09 15:13:28),"ПРИШЛО ВРЕМЯ РАСКРЫВАТЬ КАРТЫ И ПОКАЗАТЬ ВАМ НАШ ОГРОМНЫЙ ДОМ НА ПОСВЯТ! Как вы уже поняли на подходе самое долгожданное и важное событие студенческой жизни ИКАНАМА, ПОСВЯЩЕНИЕ первокурсников! Все ждут его больше, чем собственные дни рождения или даже Новый год",https://vk.com/wall-130344439_2229,пост
2229,1,Post 2229 (2019-09-09 15:13:28),"! Повторим, что на это мероприятие обычно собираются все курсы, включая выпускников, поэтому это замечательная возможность обрести знакомых и даже друзей среди старших курсов, также на посвят приедут кураторы которые будут принимать у вас КОЛЛОКВИУМЫ Они расскажут как эффективно распределить время для подготовки и на что сделать упор Также первокурсников ждет ОСОБАЯ церемония посвящения",https://vk.com/wall-130344439_2229,пост
2229,2,Post 2229 (2019-09-09 15:13:28),", после которой вы официально получаете почетное звание студента ОЭ",https://vk.com/wall-130344439_2229,пост
2229,3,Post 2229 (2019-09-09 15:13:28),!! И станете частью нашей огромной семьи В этом году мы постарались найти самое лучшее место для проведения посвята И теперь мы представляем дом в котором есть все,https://vk.com/wall-130344439_2229,пост
2229,4,Post 2229 (2019-09-09 15:13:28),"! Сауна, бассейн, огромный танцевальный зал, в котором будет происходить основная часть вечера, огромное количество комнат и спальных мест Очень большая и красивая территория И много чего интересного Вас будет ожидать разнообразная вкусная еда, большое количество различного алкоголя и безалкагольных напитков! СТУДПАССИВ напоминает, что на посвяте будет весело и интересно даже тем, кто не пьёт",https://vk.com/wall-130344439_2229,пост
2229,5,Post 2229 (2019-09-09 15:13:28),! Состоится посвящение с 5 на 6 октября с субботы на воскресенье,https://vk.com/wall-130344439_2229,пост
2229,6,Post 2229 (2019-09-09 15:13:28),". Цена посещения данного мероприятия составляет 3000 500 депозит, ведь дом как вы видите стоит того В последнюю неделюс 29 сентября цена вырастет до 3700 Так как мы готовимся заранее и нам нужно знать точное количество человек Скидывать деньги можно по номерам 7 985 917-37-27 на имя Ирина карта Сбербанка 7 968 639-19-08 на имя Юрий карта Сбербанка ГЛАВНОЕ, ПИШИТЕ В ЛС КТО СДАЕТ, чтобы знать",https://vk.com/wall-130344439_2229,пост
2229,7,Post 2229 (2019-09-09 15:13:28),", ПИШИТЕ В ЛС КТО СДАЕТ, чтобы знать, кто именно едет на лучшее мероприятие 2019 года , так же можно отдать наличными среди недели, встретив в академии ваших кураторов ФОТОЧКИ ДОМИКА ПРИЛАГАЮТСЯ",https://vk.com/wall-130344439_2229,пост
2229,0,Post 2229 (2019-09-09 15:13:28),"уже вижу, как буду лежать на этом газончике, Вы забыли рассказать про примету кто не поедет на посвят, того отчислят!, А где дом находится?, Мне статуя понравилась, изысканно., А вообще круто, что посвяты не умирают, а наоборот становятся больше и круче., Орги - лучшие",https://vk.com/wall-130344439_2229,комментарий
2247,0,Post 2247 (2019-09-10 17:42:18),"Как говорит Юра Дудь КОНКУРС. Приз Поездка на посвят за мой счёт. Есть целых два приза. Если будет много классных вариантов, будем голосовать за лучшие. Если вариантов будет мало, организатор сам решит кто победил. Что надо сделать на экономе есть наклейки. Иногда мы их печатаем. Их асортимент давно не обновлялся. Хочется его обновить и напечатать новую партию",https://vk.com/wall-130344439_2247,пост
2247,1,Post 2247 (2019-09-10 17:42:18),". Хочется его обновить и напечатать новую партию. Вам достаётся уникальная возможность попытать счастья и прославиться. Примеры наклеек, которые были созданы в прошлом году, а также критерии, которым они соответствуют, можно найти по ссылке наклейки лежат в папках order и stick. Правила конкурса Участвовать может любой человек, связанный с экономом",https://vk.com/wall-130344439_2247,пост
2247,2,Post 2247 (2019-09-10 17:42:18),". Даже первокурсник? КОНЕЧНО ДА! Нужно создать свою уникальную наклейку, которую все хотят заполучить. Наклейка должна соответствовать идеологии, о которой речь пойдёт ниже. Рисовать наклейку можно в какой угодно программе. Даже в paint . Главное, чтобы она получилась нормального качества. Вместе с наклейкой нам нужно прислать все исходники, из которых вы её делали картинки, которые вырезали и т.п",https://vk.com/wall-130344439_2247,пост
2247,3,Post 2247 (2019-09-10 17:42:18),".п.. Лучше всего всё запаковать в архив. Воровать шутки с пабликов типичный математик, физтех-радио, мемы про машинное обучение для взрослых мужиков и т.п. запрещается. Если вы расчитываете на приз, то вы должны создать уникальный контент. Куда присылать наклейки В личные сообщения группы. КНОПКА ДЛЯ ЭТОГО ЕСТЬ ВЫШЕ. На разработку наклеек даётся чуть меньше двух недель",https://vk.com/wall-130344439_2247,пост
2247,4,Post 2247 (2019-09-10 17:42:18),". Итоги конкурса будут подведены 23 сентября вечером. Идеология наклеек На наклейке изображён либо общеизвестный символ эмблема R, бэтка, логотип студпассива и т.п., либо тонкая профессиональная шутка. Если вы рисуете шутку, то она не должна быть локальной",https://vk.com/wall-130344439_2247,пост
2247,5,Post 2247 (2019-09-10 17:42:18),". Например, если это макроэкономическая шутка, то другой, случайно увидивший её макроэкономист, например работающий в ЦБ, должен понять шутку и захотеть такую наклеечку себе. Мемы с Козко другие люди могут себе просто-напросто не захотеть! Вы сами должы хотеть прилепить свою наклеечку на какое-то видное место. Например, на крышку своего ноута или на тетрадку",https://vk.com/wall-130344439_2247,пост
2247,6,Post 2247 (2019-09-10 17:42:18),". Например, на крышку своего ноута или на тетрадку. ВАЖНО раньше всегда делали стикеры шестиугольными, чтобы из них можно было выкладывать соты. Если очень хочется, можно отклониться от этой идеологии и делать стикер любой формы.",https://vk.com/wall-130344439_2247,пост
2251,0,Post 2251 (2019-09-11 13:53:21),Начинаем считать дни до главного события в жизни любого иканамовца.,https://vk.com/wall-130344439_2251,пост
2257,0,Post 2257 (2019-09-16 22:56:59),"Ребятки, Рисовать стикеры - это не просто. Нужно иметь дар рисовать и, как минимум, весело шутить. Глядя на множество предложенных стикеров для конкурса Фили, мы поняли, что не каждому это дано. В связи с этим я организовываю конкурс на самый всратый стикер! Приз - поездка на посвят за мой счёт Присылайте в личку, правила почти такие же Самый всратый выберем голосованием! Пример",https://vk.com/wall-130344439_2257,пост
2257,0,Post 2257 (2019-09-16 22:56:59),"В данном случае под всратостью имеется в виду не что-то плохое, а наоборот. Автор, не обижайся на это. Если честно, пока что из присланных это лучший стикер., Пока что стикеры активно присылает 1 курс",https://vk.com/wall-130344439_2257,комментарий
2257,1,Post 2257 (2019-09-16 22:56:59),"., Пока что стикеры активно присылает 1 курс. Я на 2-3 курс расчитывал, у вас в плане рисования должно быть дофига топовых идей, вы чё такие аморфные?, Именно, всратый - не есть плохой! Конкурс будет разыгран, если пришлют не менее 3-х человек Стикер победителя наклею себе на ноут, Это очень крутой мем, требую его напечатать!",https://vk.com/wall-130344439_2257,комментарий
2264,0,Post 2264 (2019-09-17 17:46:44),"УРА!, Тут отправили фото, Какой же Филя тут всратый. id6045249Philip , надеюсь, ты будешь придерживаться другого плана на этот раз., а скем-то другим картинки будут? а то я обижусь 999, ПОСВЯЯЯЯЯТ, Тут отправили фото",https://vk.com/wall-130344439_2264,комментарий
2284,0,Post 2284 (2019-09-19 14:22:29),"В смысле? какие деньги? разве дома не бесплатно сдают?, Попроси у Иры админку для постов от группы, она главная",https://vk.com/wall-130344439_2284,комментарий
2293,0,Post 2293 (2019-09-19 15:57:51),В лабораторию математического моделирования экономических процессов ИПЭИ приглашаются студенты 4 курса и старше для веселого времяпровождения за построением эконометрических моделей,https://vk.com/wall-130344439_2293,пост
2293,1,Post 2293 (2019-09-19 15:57:51),". Если ты хорошо учил эконометрику а если еще и макру, то это тебе , хочешь поработать с реальными данными, опубликоваться, выступать на конференциях с достойным контентом ну и тебе просто интересно наконец-то приложить на практике все что ты учил эти года, пиши мне. Работа оплачиваемая, минимум 20 часов в неделю, график свободный, работать начинать можно хоть утром, хоть вечером",https://vk.com/wall-130344439_2293,пост
2293,2,Post 2293 (2019-09-19 15:57:51),". Со студцентром можно будет совмещать. Занимаемся в основном макрой, есть следующий список интереснейших тем 1 Модели с меняющимися во времени параметрами TVP-VAR, TVP-ECM. Например приложение к гипотезе перманентного дохода Фридмана. Если интересна экономика - хорошая тема, интересные выводы относительно российского потребления можно получить",https://vk.com/wall-130344439_2293,пост
2293,3,Post 2293 (2019-09-19 15:57:51),". 2 Прогнозирование российского экспорта по товарным группам. Есть тру big data - 97 категорий российского экспорт и импорта, есть биржевые цены на экспортируемое из РФ сырье. Можно оценивать lasso, ridge, elastic net, чтобы для каждой категории отобрать предикторы. Нам в первую очередь интересно использовать байесовские модели BMA, SSVS",https://vk.com/wall-130344439_2293,пост
2293,4,Post 2293 (2019-09-19 15:57:51),". Таким образом можно кучу опробовать кучу разных моделей для широких датасетов, прокачаться в байесовской эконометрике и модных частотных моделях дата саенса, которые lasso и проч. 3 Также к байесовским методам есть крутейший тулбокс BEAR В нем есть разные очень крутые модели",https://vk.com/wall-130344439_2293,пост
2293,5,Post 2293 (2019-09-19 15:57:51),". Mean Adjusted BVAR - можно строить прогнозы основных российских показателей ВВП, потребление, инвестиции в предпосылке о сбалансированном росте. Классическая предпосылка из динамических теоретических моделей макры, которую почему-то эконометрически почти никто не учитывает. Байесовские панельные VAR для тех кто хочет моделировать не только РФ, а еще СНГЕвропуМир. Или вообще российские регионы",https://vk.com/wall-130344439_2293,пост
2293,6,Post 2293 (2019-09-19 15:57:51),". Или вообще российские регионы. Ну и в целом много чего еще можно построить - разные структурные VAR на основе знаковых ограничений, прогнозирование при эндогенных траекториях итд. В общем кто хочет наконец понять смысл шуток про PBAPABPBPA вам сюда. 4 Моделирование реального располагаемого дохода в РФ",https://vk.com/wall-130344439_2293,пост
2293,7,Post 2293 (2019-09-19 15:57:51),". Представьте себя на главной Ведомостей Российский парадокс зарплаты и дохода раскрыт экономистами из РАНХиГС. Многие наверное слышали, что последние несколько лет реальные зарплаты растут, а реальные доходы падают, хотя априорно казалось бы, ЗП - весомая часть дохода, не могут они так долго и сильно в разные стороны идти",https://vk.com/wall-130344439_2293,пост
2293,8,Post 2293 (2019-09-19 15:57:51),". В этой теме можно строить модели, как на микроданных базы RLMS, так и на макроуровне.",https://vk.com/wall-130344439_2293,пост
2299,0,Post 2299 (2019-09-20 00:12:01),"Котаны, на рисование стикеров остаётся три дня. В понедельник вечером подводим итоги. Пока вариантов прислали мало, теория вероятностей подсказывает, что может зайти любая годная идея.",https://vk.com/wall-130344439_2299,пост
2300,0,Post 2300 (2019-09-21 20:40:06),"До посвята ВСЕГО 14 ДНЕЙ! А какой посвят без отменной и разнообразной музыки? Все треки, которые вы хотели бы услышать на самом ожидаемом мероприятии 2019 года, кидаем в комменты, либо в лс id69818531ulichka_jka Так же мы напоминаем, что через неделю состоится ПОВЫШЕНИЕ цены Продолжаем быть активными, ведь очень скоро произойдет лучшая ночь в жизни каждого из нас",https://vk.com/wall-130344439_2300,пост
2300,0,Post 2300 (2019-09-21 20:40:06),"Тут отправили фото, Тут отправили фото, Тут отправили фото, Тут отправили фото, Тут отправили фото, Тут отправили фото, Тут отправили фото, Тут отправили фото, Тут отправили фото, Тут отправили фото, Тут отправили фото, Тут отправили фото, Тут отправили фото, Тут отправили фото, Тут отправили фото, Тут отправили фото, Тут отправили фото, Тут отправили фото",https://vk.com/wall-130344439_2300,комментарий
2300,1,Post 2300 (2019-09-21 20:40:06),", Тут отправили фото, Тут отправили фото, Тут отправили фото, Тут отправили фото, Тут отправили фото, Тут отправили фото, Тут отправили фото, Тут отправили фото, Тут отправили фото, Тут отправили фото, Тут отправили фото, Тут отправили фото, Тут отправили фото, Тут отправили фото, Тут отправили фото, Тут отправили фото, Тут отправили фото, Тут отправили фото",https://vk.com/wall-130344439_2300,комментарий
2300,2,Post 2300 (2019-09-21 20:40:06),", Тут отправили фото, Тут отправили фото, Тут отправили фото, Тут отправили фото, Тут отправили фото, Тут отправили фото, Тут отправили фото, Тут отправили фото, Тут отправили фото, Для медляка, Тут отправили фото, Тут отправили фото, Тут отправили фото, Тут отправили фото, Тут отправили фото, Тут отправили фото, Тут отправили фото, Тут отправили фото",https://vk.com/wall-130344439_2300,комментарий
2300,3,Post 2300 (2019-09-21 20:40:06),", Тут отправили фото, Тут отправили фото, Тут отправили фото, Тут отправили фото, Тут отправили фото, Тут отправили фото, Тут отправили фото, Тут отправили фото, Тут отправили фото, Тут отправили фото, А вот эта вот с утра должна играть, Тут отправили фото, Тут отправили фото, Тут отправили фото, Тут отправили фото, Тут отправили фото, Тут отправили фото",https://vk.com/wall-130344439_2300,комментарий
2300,4,Post 2300 (2019-09-21 20:40:06),", Тут отправили фото, Тут отправили фото, Тут отправили фото, Тут отправили фото, Тут отправили фото, Тут отправили фото, Тут отправили фото, Тут отправили фото, Тут отправили фото, Тут отправили фото, Тут отправили фото, Тут отправили фото, Тут отправили фото, Просто с поста прошлого года возьмите, Тут отправили фото, Тут отправили фото, Тут отправили фото",https://vk.com/wall-130344439_2300,комментарий
2300,5,Post 2300 (2019-09-21 20:40:06),", Тут отправили фото, Тут отправили фото, Тут отправили фото, Тут отправили фото, Тут отправили фото, Тут отправили фото, Попрыгать, Тут отправили фото, Тут отправили фото, Тут отправили фото, Тут отправили фото, Тут отправили фото, Тут отправили фото, Тут отправили фото, Тут отправили фото, Тут отправили фото, Тут отправили фото, Тут отправили фото",https://vk.com/wall-130344439_2300,комментарий
2300,6,Post 2300 (2019-09-21 20:40:06),", Тут отправили фото, Тут отправили фото, Тут отправили фото, Тут отправили фото, Тут отправили фото, Тут отправили фото",https://vk.com/wall-130344439_2300,комментарий
2501,0,Post 2501 (2019-09-23 19:22:09),"Через 30 минут запускаю голосование за лучшие стикеры. Голосовать можно сразу за несколько вариантов. Стикеров оказалось у меня в загашниках около 20 штук. Поэтому голосование будет идти в двух постах. Повторяю голосовать можно сразу за несколько вариантов. Если оба победивших стикера принадлежат одному автору, он сам выбирает кого брать с собой на посвят",https://vk.com/wall-130344439_2501,пост
2501,1,Post 2501 (2019-09-23 19:22:09),". UPDATE я даун ещё тот, если я забуду выложить чей-то стикер, напишите мне про это!",https://vk.com/wall-130344439_2501,пост
2502,0,Post 2502 (2019-09-23 19:57:03),"7 накручивает, Бля чё делать если в 7 только пять слов знакомых нашел?",https://vk.com/wall-130344439_2502,комментарий
2506,0,Post 2506 (2019-09-23 20:00:18),"Не понимаю зачем нужно какое то голосование, если победит все равно run excel, 7 стилевый, топим за Эксель, язык Богов!",https://vk.com/wall-130344439_2506,комментарий
2508,0,Post 2508 (2019-09-23 20:04:26),"Update Козко противоречит правилам про локальные мемы, но из-за всратости я его все-равно залил. id7560796Семён Осипов для тебя, сладкий., Но кажется, я выберу победителя без голосований",https://vk.com/wall-130344439_2508,комментарий
2508,1,Post 2508 (2019-09-23 20:04:26),". Всратости этого мема-победителя нет предела, Программируй и богатей - единственный стикер, с которого прикрикнул Какого хуя так мало голосов то?, Когда надо ботать матан, но ты вместо этого зависаешь в фотошопе и дорабатываешь чужие идеи",https://vk.com/wall-130344439_2508,комментарий
2519,0,Post 2519 (2019-09-23 20:18:19),"Пока вы выбираете лучшие стикеры, я объявляю победителя всратого конкурса. ЕДИНОГЛАСНЫМ решением студпассива в данном конкурсе выигрывает стикер ниже. Если победитель уже оплатил посвят, у победителя есть право отдать свой выигрыш любому другому человеку. Посвят должен быть масштабным! Победитель, напиши мне или филе, мы решим судьбу твоих бабосиков",https://vk.com/wall-130344439_2519,пост
2519,1,Post 2519 (2019-09-23 20:18:19),". И да, это убожество я наклею на свой ноут, как обещал.",https://vk.com/wall-130344439_2519,пост
2523,0,Post 2523 (2019-09-23 21:16:02),"Важная мысль мы тут с вами все, ёпта, как бэ статистики. Сейчас результаты голосования довольно сильно смещены и зашумлены из-за того, что стикеры разбиты на три пакета. Многие просто хотят посмотреть результаты голосования за все три пакета, и, если даже им ничего не нравится, куда-нибудь тыкают. Из-за этого мы решили взять топ-5 стикеров во второй тур. Именно в нём решится, кто именно победил",https://vk.com/wall-130344439_2523,пост
2523,1,Post 2523 (2019-09-23 21:16:02),". Именно в нём решится, кто именно победил. Второй тур будет запущен завтра в 7 часов вечера. Update правила будут такими можно голосовать за любое число стикеров, но если вы голосуете за нексколько, происходит размывание вашего голоса на части. Например, если вы проголосовали за две штуки, то есть вы отдаете 12 за один стикер и 12 за другой",https://vk.com/wall-130344439_2523,пост
2523,2,Post 2523 (2019-09-23 21:16:02),". Когда голосование закончится, считаем итоговый скор скриптом в питоне и определяем победителя.",https://vk.com/wall-130344439_2523,пост
2533,0,Post 2533 (2019-09-24 18:53:39),"Итак, второй тур голосвания! Напоминаю правила. Голосовать можно за любое число стикеров. Однако ваш голос размывается. Предположим, что Сёма проголосовал за комету. Филя проголосовал за комету и облака из бэток. Тогда итоговые очки кометы 1 12, Итоговые очки бэты 12 Если бы филя проголосовал бы за три стикера, к каждому варианту прибавилось бы по 13. Голосование закроется сегодня, в час ночи.",https://vk.com/wall-130344439_2533,пост
2533,0,Post 2533 (2019-09-24 18:53:39),"Эх,эксель, Сделайте наклейки с линейной кометой пож, она офигенная, Самая банальная идея победила, демократия не работает, Ахмед накрутил, Сделайте стикеры с экселем ПЛЗ!",https://vk.com/wall-130344439_2533,комментарий
2536,0,Post 2536 (2019-09-24 20:05:42),"Дедлайн прошёл, а стикеры всё кидают и кидают. По ходу козко всё-таки придётся напечатать. Очень обидно, что Кейнс проиграл. Он офигенный. Можно для комплекта сделать стикер про рыноче 0000 Но это так, техническое задание на будущее.",https://vk.com/wall-130344439_2536,пост
2544,0,Post 2544 (2019-09-25 19:29:08),"Наши лучшие аналитики, котором было доверено подсчитать результаты конкурса не можгут разобраться с API вк. Они утверждают, что в системе есть критический баг. Жалоба уже отправлена в службу поддержки, а аналитики отправлены на хуй зачёркнуто чилить. 1. Победили стикеры id73614108Ахмед Зарманбетов и id141699203Ира Щепилова. 2",https://vk.com/wall-130344439_2544,пост
2544,1,Post 2544 (2019-09-25 19:29:08),". 2. Идея с ин эконометрикс ви траст была на посвятовских футблоках в прошлом году, поэтому не оч честно игнорить комету от id278845391Дима Третьяков. Поэтому я именем себя самого постановляю, что победителей трое. Вы можете забрать грант на посвят себе либо делигировать его любому человеку на ваш выбор. О своём решении нужно написать Ире",https://vk.com/wall-130344439_2544,пост
2544,2,Post 2544 (2019-09-25 19:29:08),". О своём решении нужно написать Ире. Все стикеры, которые были сделаны в нормальном качестве при печати не выезжают пиксели и всратость и набрали больше 20 голосов, будут напечатаны. Старые стикеры тоже напечатаем. Распространение на безвозмездной основе. После печати можно будет вздонатнуть за них.",https://vk.com/wall-130344439_2544,пост
2544,0,Post 2544 (2019-09-25 19:29:08),"Всё куплено!, Требуем честных перевыборов, Мой старый стикер с дисперсией увидит свет?, С тегами же тоже футболки вроде были, не?",https://vk.com/wall-130344439_2544,комментарий
2563,0,Post 2563 (2019-09-27 13:58:54),До посвята всего 8 дней.. А до повышения цены всего 3 дня Успевайте Напоминаем и предупреждаем Если кто-то будет замечен с наркотическими веществами на посвяте Будет выпижжен с коттеджа нахой с позором,https://vk.com/wall-130344439_2563,пост
2564,0,Post 2564 (2019-09-27 16:03:42),"Послекапустник! Во вторник, 1 октября, пройдет вторая по значимости туса на экономе. ПОСЛЕКАПУСТНИК! По традиции мы идем в парк, предварительно закупив все то, что согревает нас изнутри в эти хмурые дни . Собираемся у 5 корпуса в 1900 и отправляемся все вместе сначала в магазин или в бирман, кому что по душе, а потом и в сам парк. Одеваемся теплее, так как на улице будет прохладно",https://vk.com/wall-130344439_2564,пост
2564,1,Post 2564 (2019-09-27 16:03:42),". Как и на всех тусах эконома вас ждут незабываемые впечатления, общение со студентами старших курсов и самое главное моральная и физическая подготовка к посвяту!",https://vk.com/wall-130344439_2564,пост
2564,0,Post 2564 (2019-09-27 16:03:42),"А я че говорила, Совсем забыли упомянуть, что на послекапустнике также будут посвящать в студпассивистов самая крутая организация на иканаме Для этого всем желающим первокурсникам нужно выучить новый гимн студпассива",https://vk.com/wall-130344439_2564,комментарий
2580,0,Post 2580 (2019-09-28 13:28:38),"РЕБЯТА! Этот посвят становится самым грандиозным по количеству людей И мы хотим сохранить комфортное пребывание в доме для всех В связи с этим максимально возможное количество человек помимо тех кто уже сдал - 10! Как только последний человек сдаёт деньги, мы сразу же напишем об этом здесь! Остальные платежи будут возвращены Проход строго по спискам, сверху допущен никто не будет",https://vk.com/wall-130344439_2580,пост
2582,0,Post 2582 (2019-09-28 13:49:24),"Сбор закрыт! Слишком много людей прислало Сейчас будем разгребаться и возвращать деньги тем, кто не успел",https://vk.com/wall-130344439_2582,пост
2612,0,Post 2612 (2019-09-28 17:44:19),"Дорогие друзья! До посвята осталось совсем чуть-чуть, а точнее неделя! В связи с этим мы выкладываем долгожданное местоположение дома, а также способы добраться туда. Также мы выкладываем план организации по транспортировке. 1 Долгожданный посвят пройдет в лакшерном коттедже по адресу 31, Подсобного Хозяйства Мк Кпсс Кп, Московская обл",https://vk.com/wall-130344439_2612,пост
2612,1,Post 2612 (2019-09-28 17:44:19),". Местоположение дома на карте смотри на прикрепленном к посту фото 1. 2 КАК ДОБРАТЬСЯ ТУДА САМОСТОЯТЕЛЬНО Первый, самый простой и дорогой вариант - добраться на такси, думаю, тут все предельно ясно и понятно. Второй вариант - электричка автобус. Необходимые вам электрички идут до жд станции Звенигород. Расписание электричек смотри на прикрепленном фото 2",https://vk.com/wall-130344439_2612,пост
2612,2,Post 2612 (2019-09-28 17:44:19),". Дальше, после прибытия на станцию, вам необходимо сесть на автобус 24 Звенигород-Троицк. Расписание автобусов смотри на прикрепленном фото 3. Вам необходимо проехать 3 остановки и сойти на остановке Подсобное хозяйство МК. Маршрут автобуса смотри на картинках 4 и 5. После того как вы сойдете, вам необходимо пройти пешком 1 километр",https://vk.com/wall-130344439_2612,пост
2612,3,Post 2612 (2019-09-28 17:44:19),". И всё - вуаля ,вы на месте! 3 ОРГАНИЗОВАННЫЙ СПОСОБ ДОБРАТЬСЯ ТУДА. Данное мероприятие особенно важно для первокурсников, поэтому для них организован особый способ добраться туда. Внимательно читай инструкцию! Сбор организуется на Белорусском вокзале, 5 октября в 15-30.Более точные детали будут оглашены чуть позже",https://vk.com/wall-130344439_2612,пост
2612,4,Post 2612 (2019-09-28 17:44:19),".Более точные детали будут оглашены чуть позже. Убедительная просьба не опаздывать, так как электрички ходят с большими интервалами! Опоздавшие рискуют пропустить самое важное! Всю группу будут сопровождать несколько человек. Электричка с Белорусского вокзала отбывает в 16-08. Прибытие на вокзал в Звенигороде - 17-31. Дальше все организованно высаживаются из элки",https://vk.com/wall-130344439_2612,пост
2612,5,Post 2612 (2019-09-28 17:44:19),". Дальше все организованно высаживаются из элки. Будет организована подача заказного микроавтобуса прямо к вокзалу, который довезет людей прямо до коттеджа. Ожидается, что микроавтобус довезет всех в 2 захода. До 18-30 все будут успешно доставлены на посвят!! Надеемся, что всем понравится, и все останутся довольными!",https://vk.com/wall-130344439_2612,пост
2613,0,Post 2613 (2019-09-28 22:32:30),"И последний победитель в стикерах, который выигрывает поездку на посвят за счет пожилых людей - это id127930737Анастасия, автор стикера про эксель и эр. Должен сказать, что старикам этот мем очень сильно вкатил, поэтому его продвинули вне голосования",https://vk.com/wall-130344439_2613,пост
2613,1,Post 2613 (2019-09-28 22:32:30),". Да и надо отметить, что уровень коррумпированности и блата на иканаме всё же высок, и это можно видеть по результатам основного голосования за стикеры. Стикер хорошо отражает один из конфликтов, который проповедуется сторонниками студпассива на смену отстойным кейсам в экселе должны прийти пот и жесткость на эре. СТУДПАССИВ. АНТИКЕЙС. P.S. ненавижу танцы",https://vk.com/wall-130344439_2613,пост
2619,0,Post 2619 (2019-09-30 15:48:58),"Первакурсники и не только! Уже ЗАВТРА пройдет Послекапустник! В связи с тем, что капуста начинается в 1600, собираемся все вместе в 1800 у главного входа в 5 корпус и идем в магазин, а потом в парк. Не забывайте про теплые вещи.",https://vk.com/wall-130344439_2619,пост
2628,0,Post 2628 (2019-10-01 12:05:01),Традиционный пост про хакатон с возможностью 0 попробовать себя в DS 1 хорошо духовно и материально обогатиться 2 найти работу в крутой компании. Удачи!,https://vk.com/wall-130344439_2628,пост
2629,0,Post 2629 (2019-10-01 16:08:43),"3 дня как 3 месяца, Тут отправили фото, Делаем ставки в каких носочках будет Филипп, А что за здание на фоне?, Тут отправили фото",https://vk.com/wall-130344439_2629,комментарий
2639,0,Post 2639 (2019-10-02 19:37:31),"спасибо, стало легче, я без поста запутался и хотел приехать в воскресение",https://vk.com/wall-130344439_2639,комментарий
2647,0,Post 2647 (2019-10-04 13:38:35),"До посвята остаётся один, самый долгий, самый мучительный день..",https://vk.com/wall-130344439_2647,пост
2647,1,Post 2647 (2019-10-04 13:38:35),". Который мы должны пережить вместе Первое, что мы хотим сказать Все курсы и выпускников мы ждём в доме НЕ РАНЬШЕ 1800 Сразу скажем, что если кто-то слишком умный или не умеет читать, будет ждать на улице Берите тёплые вещи, Погода нас не радует Для того, чтобы подготовиться к посвяту вместе, нам так же Нужен свод правил Поэтому, представляю вашему внимаю сей список НИКАКИХ НАРКОТИЧЕСКИХ СРЕДСТВ",https://vk.com/wall-130344439_2647,пост
2647,2,Post 2647 (2019-10-04 13:38:35),", И ЭТО КАСАЕТСЯ ВСЕХ Если кто-то из организаторов или пожилых людей заметит за вами признаки употребления, вас дружно выпиздят с посвята Теперь ближе к основным 1",https://vk.com/wall-130344439_2647,пост
2647,3,Post 2647 (2019-10-04 13:38:35),". Самое главное, самое сложное правило - не трогать СТАТУЮ Мы заранее предупреждаем, что если с ней что-то случится, платить будет именно тот, кто был замечен в домогательствах ранее Итог Статую не трогаем 2",https://vk.com/wall-130344439_2647,пост
2647,4,Post 2647 (2019-10-04 13:38:35),". Дом поделён на две части, в одной из них находятся спальни, в этой части дома все в коврах и ковралинах Следовательно, нужно разуваться Мы так же заранее предупреждаем, что если увидим кого то в обуви, платить будет по итогу он 3. В доме присутствует охрана, следовательно, при любом большом косяке на вас укажут пальцем и выведут из дома 4",https://vk.com/wall-130344439_2647,пост
2647,5,Post 2647 (2019-10-04 13:38:35),". В доме достаточно нестандартная канализация, и засорять ее нельзя, если вы не желаете искупаться в отменном говне 5. По классике после 23 на улице не шуметь 6",https://vk.com/wall-130344439_2647,пост
2647,6,Post 2647 (2019-10-04 13:38:35),". Если вы видите, что кому то плохо Или что-то случилось Пишите человеку с аптечкой id91893089Ксения Васильева А теперь об отправлении на электричке Встречаемся в 1510 в ЦЕНТРЕ ЗАЛА метро Белорусская Это зелёная ветка Ждать мы будем максимум 10-15 минут Далее, идём вместе покупать билеты Билет по социальной карте или по студаку стоит 81, так что советуем их взять",https://vk.com/wall-130344439_2647,пост
2647,7,Post 2647 (2019-10-04 13:38:35),". Затем нас ждёт увлекательное путешествие на электричке до станции Звенигород Ещё раз повторяем, не опаздывайте. Электрички ходят с перерывом в полтора часа И если не успеть, то на посвят мы приедем не раньше 21 По вопросам транспортировки можете писать id69818531Юля Курилкина id80844744Света Сороковнина id187243960Лера Анискина",https://vk.com/wall-130344439_2647,пост
2650,0,Post 2650 (2019-10-04 19:14:23),Кажется пора запускать флешмоб кто как готовится к посвяту Скидываем фотки в комментарии,https://vk.com/wall-130344439_2650,пост
2650,0,Post 2650 (2019-10-04 19:14:23),"Тут отправили фото, чтобы орать кричалки про окрестности и вот это вот все, Тут отправили фото, Тут отправили фото, ",https://vk.com/wall-130344439_2650,комментарий
2657,0,Post 2657 (2019-10-04 20:42:36),"Шилов не пропустит этот посвят из-за своей травмы. Серия посвятов останется непрерывной!, Местоположение Сергиев Посад, Тут отправили фото",https://vk.com/wall-130344439_2657,комментарий
2675,0,Post 2675 (2019-10-05 16:03:00),"РЕБЯТА! ТЕ КТО БУДУТ САМОСТОЯТЕЛЬНО ДОБИРАТЬСЯ! ВЫШЛА ОШИБКА И АДРЕС Дома 63, Подсобного Хозяйства Мк Кпсс Кп, Московская обл. ТО ЕСТЬ ДОМ НЕ 31, А 63!",https://vk.com/wall-130344439_2675,пост
2677,0,Post 2677 (2019-10-07 09:55:22),"До посвята осталось даже не 365 дней, а 366 этот год високосный. Сегодня не просто самый одинокий день в году, сегодня самый одинокий день в четырёхлетье. Как-то раз Дарон Малакян ехал с посвята отсыпаться. Ехал на элке. В ней он понял, что новый год високосный и нового посвята ему ждать 366 дней. Прямо в элке он и сочинил песню Lonly day. Помните о том, что вы скорбите не в одиночестве",https://vk.com/wall-130344439_2677,пост
2677,1,Post 2677 (2019-10-07 09:55:22),". Помните о том, что вы скорбите не в одиночестве. Вместе мы переживём этот день и сделаем посвят ещё ближе.",https://vk.com/wall-130344439_2677,пост
2677,0,Post 2677 (2019-10-07 09:55:22),"Пустил слезу, update меня в личку разъебали эксперты, что песню написал не Серж Танкян, а Дарон Малакян.",https://vk.com/wall-130344439_2677,комментарий
2682,0,Post 2682 (2019-10-07 16:17:11),"Все, у кого есть фотки и видосы, загружайте! Очень надо. Update для видосов Update 2 видосы загружать тут, потом уже добавлять в альбом сложна",https://vk.com/wall-130344439_2682,пост
2682,0,Post 2682 (2019-10-07 16:17:11),"Где все фотки Фили, который выполняет план?, Спасибо Таня за такую концентрацию фоток со мной, где видео РУССКИХ идущих вперед?",https://vk.com/wall-130344439_2682,комментарий
2690,0,Post 2690 (2019-10-14 17:37:44),"Коллеги! Надежда Викторовна снова запускает формат, который хорошо прижился в конце прошлого года Кофе с толком, на встречи можно зарегестрироваться по ссылке ниже gid0",https://vk.com/wall-130344439_2690,пост
2701,0,Post 2701 (2019-11-21 10:21:36),"Всем привет, Наш департамент больших данных в X5 Retail group активно расширяется и мы ищем аналитиков и дата саентистов. Команд много, заниматься можно разным. Есть задачи по покупательской аналитике, кластеризации, аб тестированию. Требования Статистика, тервер, опыт тестирования гипотез, базовые знания мл, Python, SQL. Будет круто, если уже есть опыт работы в ритейле",https://vk.com/wall-130344439_2701,пост
2701,1,Post 2701 (2019-11-21 10:21:36),". Будет круто, если уже есть опыт работы в ритейле.Так же желателен опыт работы с HadoopSpark. Офис - БЦ Оазис, м.Добрынинская Вилка 100-130 джун 130-160 джунмидл- 160-190 мидл от 190к мидл Это гросс, есть ещё годовой бонус 20 Полный рабочий день, можно попробовать совмещать с магистратурой. Писать мне в личку, можно сразу с резюме. Или в телеграмм id7864086m_potapova",https://vk.com/wall-130344439_2701,пост
2702,0,Post 2702 (2019-11-25 01:18:14),"Шилова делает рассылки со всякими прикольными штуками в стиле когда дедлайны по подаче заявок на стипухиниров на конкурсы и тп. Инфу она добавляет в эту презентацию по мере поступления. Полезно в неё иногда заглядывать. Мы предложили ей делать посты в группу, она сказала, что не пользуется вк. Мы предложили делать посты в телеграмм-канал, она сказала, что у неё на десктопе нет приложения",https://vk.com/wall-130344439_2702,пост
2706,0,Post 2706 (2019-12-05 22:27:14),"Ну вот и настал этот момент. На улице снег, в сердечке посвят, а сегодня открывается регистрация на Тайного Санту 2019-2020! Немного о правилах Тайный Санта это, по сути, обмен подарками между самыми близкими людьми иканамовцами",https://vk.com/wall-130344439_2706,пост
2706,1,Post 2706 (2019-12-05 22:27:14),". Чтобы участвовать, нужно заполнить анкету ниже и максимально описать свои предпочтения, чтобы подарок точно тебе понравился! Не думай долго, ведь регистрация закончится уже 13 декабря в 0000. Затем 14 декабря ты получишь письмо от человека, КОТОРОМУ ты будешь выбирать подарок да-да, придется еще и стараться, чтобы получить сюрприз",https://vk.com/wall-130344439_2706,пост
2706,2,Post 2706 (2019-12-05 22:27:14),". А также его номер, но никому его не сообщай! 26 декабря с 1200 до 1800 приноси подготовленный подарок и смело забирай свой! Заполняй анкету для участия Обязательно постарайся над подарками, порадуй человечка своим вниманием! А по всем вопросам обращайся к id219243643Даше.",https://vk.com/wall-130344439_2706,пост
2708,0,Post 2708 (2019-12-09 15:57:54),"Новый год не за горами, а это значит, что пора собраться на всеобщую Экономоскую тусу. Ведь последний раз мы все собирались на посвяте и прошло так много времени",https://vk.com/wall-130344439_2708,пост
2708,1,Post 2708 (2019-12-09 15:57:54),". Мы предлагаем тебе отправиться с нами и встретить предстоящие праздники в теплой и дружной компании 25 декабря в очень крутом и зажигательном месте! В ближайшие дни сообщим о точном времени и месте проведения, пожалуй самого легендарного предновогоднего приключения! А пока что голосуй внизу, чтобы мы точно знали, что ты придешь и смогли заказать самые лучшие места!",https://vk.com/wall-130344439_2708,пост
2708,0,Post 2708 (2019-12-09 15:57:54),"А как же вариант на тусу первого курса?, В среду ы, Почему 25?",https://vk.com/wall-130344439_2708,комментарий
2717,0,Post 2717 (2019-12-13 13:21:43),"Внимание! Напоминаю, что сегодня закрывается регистрация на Тайного Санту! Скорее регистрируйся, чтобы участвовать в самом ожидаемом после посвята, конечно мероприятии года! Ссылочка на пост с гугл-формой",https://vk.com/wall-130344439_2717,пост
2718,0,Post 2718 (2019-12-14 21:53:34),"НОВОГОДНЯЯ ВЕЧЕРИНКА ИКАНАМА! Все мы долго ждали новой тусы иканама и вот, мы предлагаем вам собраться в офигительном лофте прямо в центре Москвы 2 минуты от метро Лубянка. Встречаемся в 25 декабря в 1900 по адресу м",https://vk.com/wall-130344439_2718,пост
2718,1,Post 2718 (2019-12-14 21:53:34),". Встречаемся в 25 декабря в 1900 по адресу м. ЛубянкаКузнецкий мост, Театральная, Театральный проезд, 3 строение 4 для тех, кто скинет деньги до 22 декабрявоскресенье включительно цена будет составлять 750 рублей с 23 декабря придется скидывать 1000 рублей, так что поторопитесь! деньги идут на съем лофта на 7 часов до 0200, а оставшиеся потратим на какие-нибудь вкусняшки для вас",https://vk.com/wall-130344439_2718,пост
2718,2,Post 2718 (2019-12-14 21:53:34),". Скидывать деньги можно по номеру телефона 79181220399 Михаил Владимирович М или 79854798792 Ксения Тарасовна К или передать нам наличными в академии. Также не забывайте указывать в сообщении свою фамилию и курс или отписывать нам по ссылкам ниже. Лофт без пробкого сбора, поэтому все приносим свой алкоголь и как можно больше! По всем вопросам пишите или",https://vk.com/wall-130344439_2718,пост
2723,0,Post 2723 (2019-12-16 15:46:09),"Гайс, тут Лена Синельникова с парой коллег проект интересный запустила. Информационно-познавательный ресурс о монетарной экономике, политике и эконометрике",https://vk.com/wall-130344439_2723,пост
2723,1,Post 2723 (2019-12-16 15:46:09),". По сути, телеграм-канал об интересных и полезных мероприятиях, освещении последних новостей и актуальных статей уютный уголок по эконометрике, где рассказывают о практических вещах простыми словами и делятся лайфхаками, как облегчить себе жизнь и не наделать ошибок при расчетах.",https://vk.com/wall-130344439_2723,пост
2724,0,Post 2724 (2019-12-20 20:36:47),"Напоминаем, что осталось всего два дня, когда лофт стоит всего 750 рублей. Крутая атмосфера, комфорт и тепло, одним словом все, что нужно для традиционной сходки Иканама Уже с понедельника цена подоражает до 1000 Скидывать деньги можно по номеру телефона 79181220399 Михаил Владимирович М или 79854798792 Ксения Тарасовна К или передать нам наличными в академии",https://vk.com/wall-130344439_2724,пост
2724,1,Post 2724 (2019-12-20 20:36:47),. Также не забывайте указывать в сообщении свою фамилию и курс или отписывать нам по ссылкам ниже,https://vk.com/wall-130344439_2724,пост
2725,0,Post 2725 (2019-12-23 19:35:53),"Всем доброго времени суток! У нас приятные новости для тех, кто в эту среду идет на тусу! В связи с повышенным спросом на вечеринку мы продлили аренду и теперь встречаемся в 1800 по адресу м",https://vk.com/wall-130344439_2725,пост
2725,1,Post 2725 (2019-12-23 19:35:53),". ЛубянкаКузнецкий мост, Театральная, Театральный проезд, 3 строение 4 И тусим до 0200! Для тех, кто вдруг может передумать и забрать сданные деньги, предупреждаем, что возврат возможен до завтрашнего вечера. В среду возврата не будет",https://vk.com/wall-130344439_2725,пост
2725,0,Post 2725 (2019-12-23 19:35:53),"Я не знал, что любовь может быть жестокой, А сердце такиииим однооокиииим",https://vk.com/wall-130344439_2725,комментарий
2729,0,Post 2729 (2020-01-31 18:13:14),"Жёсткие пацаны с первого курса решили затехать лекции Палыча по дискретке. Никто из жёстких пацанов или девчонок со второго курса не хочет затехать лекции по терверу? Мы с id9404678Константин Рыбак можем запилить шаблон, который можно совместно хоть в 10 рук редактировать. P.S. До этого пацаны никогда в техе ничего не писали, получается у них очень красиво.",https://vk.com/wall-130344439_2729,пост
2729,0,Post 2729 (2020-01-31 18:13:14),"Вау, круто, теперь у будущих первачей будет конспект лекций, как у Козко ! А можно скрины, насколько красиво?, я когда-то начинал писать лекции по матстату, но там процентов 20-30 было готово и ошибок куча. Могу кинуть, если кому надо",https://vk.com/wall-130344439_2729,комментарий
2736,0,Post 2736 (2020-02-06 10:54:49),"Всем привет, для тех, кто пишет статьи, есть два классных конкурса, в каждом из которых есть отличный шанс выиграть. Первый проводится Банком России, принимаются статьи по макро на русском и английском языках от всех студентов начиная с бакалавриата и до аспирантуры работа должна быть написана не раньше 2017 года. Дедлайн 15 мая 2020",https://vk.com/wall-130344439_2736,пост
2736,1,Post 2736 (2020-02-06 10:54:49),". Дедлайн 15 мая 2020. Второй от чешского университета CERGE-EI, принимаются работы по любой экономической тематике от студентов бакалавриата или от недавних выпускников бакалавриата до 1 года после выпуска, но работа должна быть выполнена на английском языке. Дедлайн 31 марта 2020. Приглашаю принять участие!",https://vk.com/wall-130344439_2736,пост
2737,0,Post 2737 (2020-02-11 13:21:40),"Как многие из вас знают, в апреле в МГУ проходит универсиада по эконометрике, которую ежегодно выигрывают МГУшники. Отгадайте почему? Их к ней готовят. Мы с Филей хотим организовать кружок по подготовке. Прорешать варианты прошлых лет, рассказать какие-то фишки. Сегодня надо составить список желающих и определиться со временем. Аудиторию нам выделят. Планируем начать со следующей недели",https://vk.com/wall-130344439_2737,пост
2737,1,Post 2737 (2020-02-11 13:21:40),". Планируем начать со следующей недели. Просьба не кликать в опрос просто так, если не будете участвовать. Для любопытных есть кнопка посмотреть результаты. К сегодняшнему вечеру желательно, чтобы все желающие определились. Время не самое удобное. Мы работаем, не всегда можем, плюс нужно сделать так чтобы и 3 и 4 курсу было удобно. Сайт универсиады В опросе можно выбрать несколько вариантов ответа",https://vk.com/wall-130344439_2737,пост
2738,0,Post 2738 (2020-02-14 18:48:52),"Больше, чем экономика Вышка и РЭШ запускают курс открытых лекций",https://vk.com/wall-130344439_2738,пост
2738,0,Post 2738 (2020-02-14 18:48:52),"Больше, чем экономика Вышка и РЭШ запускают курс открытых лекций",https://vk.com/wall-130344439_2738,комментарий
2741,0,Post 2741 (2020-02-22 12:54:13),"Я ходил на 1 курсе маги. Было очень интересно. Понял процентов 30, так как мало чего на тот момент знал про глубокое обучение. Если вы прошли какой-нибудь курс по сеткам и можете примерить формулу байеса, оч рекомендую",https://vk.com/wall-130344439_2741,пост
2745,0,Post 2745 (2020-04-06 12:40:26),Вакансия 4 000 - 5 000. Middle. Для выпускников. От преподавателя Банковское дело,https://vk.com/wall-130344439_2745,пост
2750,0,Post 2750 (2020-04-28 21:14:22),"Всем здоровья! Одна из крупнейших в мире компаний Alibaba активно хантит студентов. Нам прислали приглашение поучаствовать. Попробуйте, реально хорошие деньги и очень интересная работа. Если наберется группа желающих напишите мне или Сергею Александровичу Маруеву. Регистрация до 1 мая!",https://vk.com/wall-130344439_2750,пост
2751,0,Post 2751 (2020-05-05 16:06:24),Поздравляем Даню и Юру с победой и призёрством на универсиаде,https://vk.com/wall-130344439_2751,пост
2754,0,Post 2754 (2020-06-05 19:30:02),"Каждому на почту несколько раз в год приходит предложение поучаствовать в различных конкурсах по написанию научных работ, однако большинство из нас благополучно отправляют данное сообщение в спам, ссылаясь на различные обстоятельства",https://vk.com/wall-130344439_2754,пост
2754,1,Post 2754 (2020-06-05 19:30:02),". Но есть те, кто не игнорируют данное сообщение и доказывают, что в таких мероприятиях можно и нужно участвовать! Так, недавно были подведены итоги конкурса научных работ Молодой исследователь, призовые места в котором заняли id17296672Владимир Ерёмин в направлении Экономические науки и id26306341Лиза Голованова в направлении Компьютерные науки и цифровое общество",https://vk.com/wall-130344439_2754,пост
2754,2,Post 2754 (2020-06-05 19:30:02),. Хочется поздравить каждого и пожелать продолжать в том же духе!,https://vk.com/wall-130344439_2754,пост
2754,0,Post 2754 (2020-06-05 19:30:02),"В чем смысл новости, если не каждого призера вписывать? Шемякина и Яковлева наши студентки еще с бакалавриата.",https://vk.com/wall-130344439_2754,комментарий
2756,0,Post 2756 (2020-06-29 15:29:56),"Ребят, всем привет! Мой текущий работодатель ищет консультанта в отдел корпоративных финансов собственно на мое текущее место, как бы это странно не звучало. Работа подразумевает сопровождение сделок на sell-side MA, привлечение акционерного финансирования на всех этапах построение фин",https://vk.com/wall-130344439_2756,пост
2756,1,Post 2756 (2020-06-29 15:29:56),". модели, подготовка меморандума, поиск инвесторов, участие в переговорах, подготовка закрывающих документов по сделке и многое другое. Ищем человека с отличным знанием корпоративных финансов, продвинутого excel пользователя, знакомого с финансовым моделированием желательно имеющего опыт построение моделей с нуля, наличием опыта работы в сфере финансов. Наличие бакалаврского диплома must have",https://vk.com/wall-130344439_2756,пост
2756,2,Post 2756 (2020-06-29 15:29:56),". Наличие бакалаврского диплома must have. Работа очень интересная, Компания очень классная",https://vk.com/wall-130344439_2756,пост
2756,3,Post 2756 (2020-06-29 15:29:56),". Работа очень интересная, Компания очень классная. Если есть интерес к развитию в финансах или вы мечтали работать в IB, PE, VC и куче подобных аббревиатур или у вас есть друзья, которые об этом мечтают пожалуйста пишите мне, задавайте свои вопросы, кидайте резюме ASAP Искренне верю, что выпускники моего любимого отделения, будут наиболее классными сотрудниками моей любимой работы",https://vk.com/wall-130344439_2756,пост
2757,0,Post 2757 (2020-07-30 12:32:46),"Всем крепкого здоровья! Очередная порция вакансий, скорее всего для выпускников и успевших поработать. Руководитель направления нефинансовых рисков Крупная финансовая компания, Director, Investment Banking Department ECM, MA Senior Business Analyst Investment Company",https://vk.com/wall-130344439_2757,пост
2759,0,Post 2759 (2020-08-11 10:08:23),"Вакансия для выпускников бакалавриата, 2 курс магистратуры",https://vk.com/wall-130344439_2759,пост
2760,0,Post 2760 (2020-08-17 14:55:34),"Жыза, С какой периодичностью выкладывается сей пост?, Базарите, не хватает посвята, id87485801Рон, тебя там точно будет не хватать",https://vk.com/wall-130344439_2760,комментарий
2765,0,Post 2765 (2020-08-17 16:27:03),"Вакансия Аналитик по макроэкономике в Центр экономического прогнозирования Газпромбанка, Центр экономического прогнозирования Газпромбанка",https://vk.com/wall-130344439_2765,пост
2770,0,Post 2770 (2020-08-24 23:53:18),"ЭТОТ ДЕНЬ НАСТАЛ В этот особенный день мы обретём то, чего нам так не хватало - тусовок иканама. Мы долго сидели взаперти и заслужили оторваться по полной. И поэтому приглашаем всех молодых и старых, красивых и не очень, заядлых алкашей и отъявленных зожников, на ПЕРВУЮ В !!2020!! году встречу всего иканама! Встречаемся 4 сентября в прекрасном лофте в центре Москвы. Кто с нами?",https://vk.com/wall-130344439_2770,пост
2778,0,Post 2778 (2020-08-28 15:07:47),Все секции Иры Голощаповой выглядят очень релевантными для экономистов,https://vk.com/wall-130344439_2778,пост
2778,0,Post 2778 (2020-08-28 15:07:47),"Ещё у неё проект клёвый, правда на него по ходу забили в 19 году",https://vk.com/wall-130344439_2778,комментарий
2780,0,Post 2780 (2020-08-28 19:05:44),"ТУСА ИКАНАМА Близится это знаменательное событие, которое объединит всех нас одной целью - знакомство с нашими первокурсниками. Ребята, этот вечер существует специально для ВАС! Вы сможете познакомиться со своими однокурсниками, со старшими курсами, которые смогут рассказать о своих впечатлениях, страхах и лайфхаках по обучению, с выпускниками, которые не постесняются поделиться своим опытом",https://vk.com/wall-130344439_2780,пост
2780,1,Post 2780 (2020-08-28 19:05:44),". Встречаемся 4 сентября в 1900 по адресу Лубянский проезд 5с12 мин от м. Лубянка и 5 мин от м. Китай-город. Лофт будет наш до 0200, так что вы успеете познакомиться со всеми! Для тех, кто скинет деньги деньги до 2 сентября включительно, стоимость будет составлять 750р. После 2 сентября 1000р",https://vk.com/wall-130344439_2780,пост
2780,2,Post 2780 (2020-08-28 19:05:44),". После 2 сентября 1000р. Деньги идут на аренду помещения, а также на всякие вкусняшки Скидывать деньги можно по номерам 79181220399 Михаил Владимирович М. Сбербанк, Тинькофф или 79854798792 Ксения Тарасовна К. Сбербанк. Также можно передать нам наличными в Академии или ГЖК Ранхигс. Не забывайте указывать свою фамилию и курс при переводе или отписываться по ссылкам ниже",https://vk.com/wall-130344439_2780,пост
2780,3,Post 2780 (2020-08-28 19:05:44),". Лофт без пробкового сбора, поэтому приносим свой алкоголь и как можно больше! По всем вопросам пишите и",https://vk.com/wall-130344439_2780,пост
2782,0,Post 2782 (2020-09-01 17:08:17),"Добрый день, дорогие иканамовцы! Данный пост скорее всего направлен на новоиспеченную аудиторию паблика, которой только предстоит прослушать курс лекций по Дискретной математике. Вместе с поздравлениями о поступлении, нынешний второй курс дарит вам полноценные лекции Василия Павловича, которые вы можете использовать при подготовке к семинарам и экзамену",https://vk.com/wall-130344439_2782,пост
2782,1,Post 2782 (2020-09-01 17:08:17),". В эту пдф-ку мы постарались впихнуть абсолютно все, что нам говорил Василий Палыч, в том числе различные каверзные вопросы. Пдф-ку вы можете найти в Наследии 2.0 в котором, кстати, и помимо этого есть много чего полезного или же в прикрепленном файле ниже. Наслаждайтесь",https://vk.com/wall-130344439_2782,пост
2791,0,Post 2791 (2020-09-01 18:46:16),"Пришло время напомнить, что завтра последний день, когда лофт будет стоить всего 750 рублей. Родная атмосфера, классное место и ещё более классные мы, одним словом все, что нужно для традиционной сходки Иканама",https://vk.com/wall-130344439_2791,пост
2791,1,Post 2791 (2020-09-01 18:46:16),". Уже с 3 сентября цена подоражает до 1000! Скидывать деньги можно по номеру телефона 79854798792 Ксения Тарасовна К, или 79181220399 Михаил Владимирович М, или передать нам наличными в академии",https://vk.com/wall-130344439_2791,пост
2791,2,Post 2791 (2020-09-01 18:46:16),". Также не забывайте указывать в сообщении свою фамилию и курс или отписывать нам по ссылкам ниже Не переживайте, у нас будет не только лофт с верандой, но и собственный закрытый двор, так что поместятся все!",https://vk.com/wall-130344439_2791,пост
2802,0,Post 2802 (2020-09-04 12:02:38),"Вот и настал этот день Ждем вас всех сегодня в 1900 по адресу лубянский проезд 5ст1. Схему прохода от метро лубянка прикрепляю ниже. Те, кто не успел сдать деньги, но все же хочет принять участие в этом мероприятии, может также перевести деньги по номерам указанным в предыдущих постах или отдать на месте",https://vk.com/wall-130344439_2802,пост
2802,1,Post 2802 (2020-09-04 12:02:38),". Также напоминаем, что в лофте нет никакого пробкового сбора, поэтому берем как можно больше своих напитков",https://vk.com/wall-130344439_2802,пост
2802,0,Post 2802 (2020-09-04 12:02:38),"там ещё и пробкового сбора нет, организаторы топчик, Филипп, а не ты организатор ?",https://vk.com/wall-130344439_2802,комментарий
2809,0,Post 2809 (2020-09-09 18:58:57),"Привет всем! В жизни каждого человека наступает момент, когда он хочет стать блоггером. Но я не умею обрабатывать фоточки. Поэтому завел свой канал в тг про то, как превратить Эконометрику ML Data Science в Value для бизнеса Как раз закончил серию постов о том, как выбирать оптимальные скидки одновременно на тысячи товаров в ритейле",https://vk.com/wall-130344439_2809,пост
2809,1,Post 2809 (2020-09-09 18:58:57),". Если вам интересно, как в реальной жизни применяется эконометрика, микра да-да, она полезна! и щепотка финансов - добро пожаловать P.S. Если что-то в постах не понятно, просто замените DSML-модель LightGBM на линейная регрессия. Суть не поменяется P.P.S. Если у вас есть своя кулл стори про грабли при внедрении ML в бизнес - пишите в личку, может, запилим совместный пост",https://vk.com/wall-130344439_2809,пост
2810,0,Post 2810 (2020-09-09 22:16:44),"ПОСВЯТ Как много раз мы слышали это слово. С мечтой об этом событии каждый студент иканама встречает и провожает 364и даже 365 дня в году. Это слово можно услышать в перешептываниях на лекциях Палыча, на мониторах во время семинаров по инфе и под дверьми студактива, где обитают наши шпионы",https://vk.com/wall-130344439_2810,пост
2810,1,Post 2810 (2020-09-09 22:16:44),". Так почему же мы ждем Посвят больше любого другого праздника? Ровно на сутки каждый ощущает себя маленькой частичкой чего-то большего, нашей дружной семьи ЭКОНОМ. Ведь там собираются студенты всех курсов и даже выпускники. Общение, развлечения и невероятная атмосфера-неотъемлемая часть посвята",https://vk.com/wall-130344439_2810,пост
2810,2,Post 2810 (2020-09-09 22:16:44),". Лучшей возможности познакомиться абсолютно со всеми, узнать все тайны нашего курса и способы выживания просто не существует. Не придется думать ни о чем разнообразная и вкусная еда, еще более разнообразные и вкусные напитки, лучшие люди - мы обо всем позаботимся! Не нужно думать, что мы устраиваем этот вечер с целью накидаться",https://vk.com/wall-130344439_2810,пост
2810,3,Post 2810 (2020-09-09 22:16:44),". И пьющий, и трезвый смогут одинаково хорошо повеселиться, найти себе друзей на долгие годы и обрести воспоминания на всю жизнь. Посвят пройдет с 3 на 4 октября с субботы на воскресенье, поэтому переживать относительно пар и работы совершенно не стоит. Позже будет пост со всеми подробностями Просто помните, ПОСВЯТ БЛИЗКО!",https://vk.com/wall-130344439_2810,пост
2810,0,Post 2810 (2020-09-09 22:16:44),"Эххххххх щас бы посвят, Классика, Dies from cringe, Что за обман.",https://vk.com/wall-130344439_2810,комментарий
2817,0,Post 2817 (2020-09-13 13:07:36),ВЫ ГОТОВЫ? Вот и долгожданная информация про все подробности самого главного мероприятия на экономе,https://vk.com/wall-130344439_2817,пост
2817,1,Post 2817 (2020-09-13 13:07:36),". Напомним, что на Посвят приезжают все студенты эконома, поэтому у каждого появится возможность пообщаться друг с другом, получить полезные знакомства и провести лучшую ночь в своей жизни! Наших первокурсников ждет особая процедура посвящения, после которой вы гордо сможете называть себя студентом иканама и станете полноценной частью нашей огромной семьи",https://vk.com/wall-130344439_2817,пост
2817,2,Post 2817 (2020-09-13 13:07:36),"! В доме куча спальных мест, большая зона для танцев, сауна, бассейн, классный двор, на котором всю ночь будет играть гитара и еще много-много всего! Кроме этого там будет большое разнообразие вкусной еды и полный бар алкогольных и безалкогольных напитков! С Вас требуется только хорошее настроение и желание стать частью чего-то поистине великого",https://vk.com/wall-130344439_2817,пост
2817,3,Post 2817 (2020-09-13 13:07:36),". Напомним, что посвящение состоится с 3 на 4 октября с субботы на воскресенье. Изначальная стоимость составляет всего лишь 3500, однако в целях избежания столпотворения и комфортного времяпрепровождения после определенного количества человек цена возрастет до 4000мы будем своевременно информировать о количестве мест",https://vk.com/wall-130344439_2817,пост
2817,4,Post 2817 (2020-09-13 13:07:36),. Деньги можно переводить по следующим номерам 79165636249 на имя Михаил Владимирович М.Сбербанк и Тинькофф 79854798792 на имя Ксения Тарасовна К.Сбербанк ОГРОМНАЯ ПРОСЬБА указывать фамилию и курс при переводе и отписываться нам в лс по ссылкам ниже. Также деньги можно передать наличными нам в Академии А ВОТ И ФОТКИ ДОМА,https://vk.com/wall-130344439_2817,пост
2817,0,Post 2817 (2020-09-13 13:07:36),"Кайф, красивенько, Тут отправили фото, , Тут отправили фото, Тут отправили фото, Тут отправили фото",https://vk.com/wall-130344439_2817,комментарий
2825,0,Post 2825 (2020-09-17 15:00:03),"До повышения цены осталось 50 мест,так что поспеши скинуть деньги, чтобы поехать на главную тусу Иканама!",https://vk.com/wall-130344439_2825,пост
2827,0,Post 2827 (2020-09-18 19:10:57),"Дорогие друзья, в этот пасмурный день захотелось сделать чего-то доброго",https://vk.com/wall-130344439_2827,пост
2827,1,Post 2827 (2020-09-18 19:10:57),"! Поэтому я и id6045249Филипп Ульянкин запускаем конкурс ТОЛЬКО ДЛЯ ПЕРВОКУРСНИКОВ Суть в следующим - написать минимум в 2-х предложениях а лучше больше, но главное - качество мини-эссе на тему ПОЧЕМУ Я ВЫБИРАЮ СТУДПАССИВ В данной номинации будет 2 победителя, которые получат проходки на посвят за наш с Филей счет Работы присылать в комменты",https://vk.com/wall-130344439_2827,пост
2827,2,Post 2827 (2020-09-18 19:10:57),", мне или в ЛС Филе Победителей выберем как-нибудь главный принцип - с чего больше проорали ну или если самый поучительный",https://vk.com/wall-130344439_2827,пост
2827,0,Post 2827 (2020-09-18 19:10:57),"Лучше Сёме, он прочтёт быстрее 000, в наши времена такого не было.",https://vk.com/wall-130344439_2827,комментарий
2830,0,Post 2830 (2020-09-19 16:33:23),"Поспеши сдать денежку для поездки на Великий праздник эконома, ведь осталось всего лишь 30 мест за 3500!",https://vk.com/wall-130344439_2830,пост
2831,0,Post 2831 (2020-09-19 17:24:13),"ПОСТ ПРО МУЗЫКУ Совсем скоро уже будет посвят, а значит нужно, чтобы внутри грело не только спиртное, но и хорошая музыка Я сделала два плейлиста молодежный и бывший молодежный Кидайте, пожалуйста, мне треки, которые вам нравятся, я добавлю их в посвятский плейлист. Я буду включать треки из уже готового, а также те, которые вы накидаете",https://vk.com/wall-130344439_2831,пост
2831,1,Post 2831 (2020-09-19 17:24:13),". На самом посвяте треки, не добавленные в плейлист, включать будет проблематично. Можете кидать в комментарии, если так удобнее Всем спасибо и хорошего настроения!",https://vk.com/wall-130344439_2831,пост
2831,0,Post 2831 (2020-09-19 17:24:13),"Тут отправили фото, Тут отправили фото, Тут отправили фото, Тут отправили фото, Тут отправили фото, Тут отправили фото, Тут отправили фото, Тут отправили фото, Тут отправили фото, Тут отправили фото, Тут отправили фото, Тут отправили фото, Тут отправили фото, Тут отправили фото, Тут отправили фото, Тут отправили фото, Тут отправили фото, Тут отправили фото",https://vk.com/wall-130344439_2831,комментарий
2831,1,Post 2831 (2020-09-19 17:24:13),", Тут отправили фото, Тут отправили фото, Тут отправили фото, Тут отправили фото, Тут отправили фото, Тут отправили фото, они всерьёз думают что к их мнению прислушаются, лайфхак коменты читать не будут, но если вы скинете музыку в личку организаторам посвята, то ее поставят, Тут отправили фото, Тут отправили фото, Тут отправили фото, Тут отправили фото",https://vk.com/wall-130344439_2831,комментарий
2831,2,Post 2831 (2020-09-19 17:24:13),", Тут отправили фото, Тут отправили фото, Тут отправили фото, Тут отправили фото, Тут отправили фото, Тут отправили фото, Тут отправили фото, Тут отправили фото, Тут отправили фото, Тут отправили фото, Тут отправили фото, Тут отправили фото, Тут отправили фото, Тут отправили фото, Тут отправили фото, Тут отправили фото, Тут отправили фото, Тут отправили фото",https://vk.com/wall-130344439_2831,комментарий
2831,3,Post 2831 (2020-09-19 17:24:13),", Тут отправили фото, Тут отправили фото, Тут отправили фото, Тут отправили фото, Тут отправили фото, Тут отправили фото, id58366872Станислав, господа тут три человека знают",https://vk.com/wall-130344439_2831,комментарий
2831,5,Post 2831 (2020-09-19 17:24:13),"., Тут отправили фото, Тут отправили фото, Тут отправили фото, Тут отправили фото, Тут отправили фото, Тут отправили фото, Тут отправили фото, Тут отправили фото, Тут отправили фото, Тут отправили фото, Тут отправили фото, Тут отправили фото, Тут отправили фото, Тут отправили фото, Тут отправили фото, Тут отправили фото, Тут отправили фото, Тут отправили фото",https://vk.com/wall-130344439_2831,комментарий
2831,6,Post 2831 (2020-09-19 17:24:13),", Тут отправили фото, Тут отправили фото, Тут отправили фото, Тут отправили фото, Тут отправили фото, Тут отправили фото",https://vk.com/wall-130344439_2831,комментарий
2934,0,Post 2934 (2020-09-21 18:04:36),"Всем привет! При поддержке руководства нашего института мы решили провести игровой турнир с призовым фондом! Турнир будет длиться два дня 26 и 27 сентября. И только для студентов Института ЭМИТ! Проводиться он будет по нескольким игровым дисциплинам CSGO, Dota2 и FIFA2020. Местоположение всем известный Еclipse Gaming в ТРЦ Avenue Southwest рядом с РАНХиГС, метро Юго-Западная",https://vk.com/wall-130344439_2934,пост
2934,1,Post 2934 (2020-09-21 18:04:36),". Самый приятный аспект данного турнира это, конечно же, призовой фонд в размере 150 тысяч рублей! Если ты загорелся участием, но у тебя нет команды не беда! Мы поможем собрать команду мечты всех желающих мы соберем в беседе, где вы сможете поделиться на команды",https://vk.com/wall-130344439_2934,пост
2934,2,Post 2934 (2020-09-21 18:04:36),". Кибертурнир это повод отлично провести время с друзьями, выиграть призы, найти новые знакомства и, конечно же, поиграть в любимые игры! Ниже ты можешь зарегистрировать себя или свою команду",https://vk.com/wall-130344439_2934,пост
2934,3,Post 2934 (2020-09-21 18:04:36),". Не упускай возможность стать частью масштабного и интересного мероприятия! Ссылка на регистрацию команд Ссылка для поиска команды Ссылка на регистрацию для FIFA2020 каждый играет за себя _______________________________________________________________ Студенты, чьи курсы находятся на официальном карантине, участие в турнире принимать не смогут",https://vk.com/wall-130344439_2934,пост
2946,0,Post 2946 (2020-09-21 19:52:21),"Товарищи Наконец это долгое противостояние завершилось победой студпассива и теперь в конце сентября будет отмечается только одно мероприятие. А именно - ПОСЛЕКАПУСТНИК! Сие действие будет проходить 25 сентября в пятницу по всем канонам нашего любимого эконома. По традиции мы идём в парк, закупив все то, что согреет и сплотит нас в этот вечер",https://vk.com/wall-130344439_2946,пост
2946,1,Post 2946 (2020-09-21 19:52:21),". Собираемся в 1800 возле 5 корпуса и дружно отправляемся на закупку в бирман или в любой другой магазин по вашему желанию и топаем в парк. Столичная погода не слишком радует нас в последнее время , так что одеваемся потеплее",https://vk.com/wall-130344439_2946,пост
2946,2,Post 2946 (2020-09-21 19:52:21),". На месте вас будут ждать доза хорошего настроения, возможность пообщаться со студентами старших курсов, с ветеранами нашего отделения , а самое главное вы сможете испытать себя на прочность перед посвятом.",https://vk.com/wall-130344439_2946,пост
2946,0,Post 2946 (2020-09-21 19:52:21),"а сколько человек заболело короной после лофта?, шаблон с лентача, брух",https://vk.com/wall-130344439_2946,комментарий
2956,0,Post 2956 (2020-09-21 21:44:24),"Также небольшое напоминание Конкурс на лучшие 2 текста почему я выбираю студпассив продлится до СРЕДЫ включительно Тексты хорошие, но просьба тем кто скинул и кто собирается еще скинуть - дописать, почему именно вы выбираете студпассив и отказываетесь от студактива",https://vk.com/wall-130344439_2956,пост
2956,0,Post 2956 (2020-09-21 21:44:24),"нет нахуй нет, я передумал, вы знаете знаете если вы именно вы хотите поехать на посвят БЕСПЛАТНО, надо знаете че во во короче обмазываетесь говном да вот так норм и орете из окна СТУДПАССИВ!, Внимание, на кону 3500! На раз-два-три! СТУДПАССИВ! СТУДПАССИВ!!",https://vk.com/wall-130344439_2956,комментарий
2956,1,Post 2956 (2020-09-21 21:44:24),"!, Да блять я блять обосрал блять я перданул блять я обосрал свои эти шорты нахуй и пришлось мне от говна их немножко оттереть блять и бросить в стирку нахуй и потом жопу ещё поддмыть блять и всё это заняло время бля вооот сейчас надо пойти что-то другое одеть блять такая вот хуйня это всё из-за студпассива блять студпассив слабит типа расслабляет во всех смыслах этого слова ебать",https://vk.com/wall-130344439_2956,комментарий
2978,0,Post 2978 (2020-09-22 10:09:50),Места за 3500р кончились! Теперь стоимость посвята составляет 4000р,https://vk.com/wall-130344439_2978,пост
2999,0,Post 2999 (2020-09-24 16:49:08),"Конкурс закончен Если честно, мы ожидали более орные посты Но есть и те, кто с задачей справились и едут на посвят за наш счет",https://vk.com/wall-130344439_2999,пост
3000,0,Post 3000 (2020-09-24 18:19:52),"Вакансия в ЦБ РФ. Напоминаю завтра в пятницу лекция Юдаевой, кто не прийдет, то рЭдиска . Вакансия предоставлена нашим выпускником с МФТИ Глечиковым Сергеем Департамент финансовой стабильности Банка России находится в поиске экономиста в Отдел анализа системных рисков и разработки макропруденциальных мер по корпоративному кредитованию. Должность экономист 1 категории ведущий экономист",https://vk.com/wall-130344439_3000,пост
3000,2,Post 3000 (2020-09-24 18:19:52),". Формат работы офис, полная занятость 52 Трудовая функция - разработка методики расчета и количественная оценка показателей",https://vk.com/wall-130344439_3000,пост
3000,3,Post 3000 (2020-09-24 18:19:52),", характеризующих уровень рисков и устойчивость российского банковского сектора в части корпоративного кредитования - участие в работе по оценке системных кредитных рисков банковского сектора в сегменте корпоративного кредитования - подготовка предложений по разработке и использованию макропруденциальных инструментов - разработка методики и проведение стресс-тестирования российского финансового",https://vk.com/wall-130344439_3000,пост
3000,4,Post 3000 (2020-09-24 18:19:52),стресс-тестирования российского финансового сектора и отдельных его сегментов в части кредитных рисков - участие в подготовке информационных и аналитических материалов для руководства Департамента и Банка России,https://vk.com/wall-130344439_3000,пост
3000,5,Post 3000 (2020-09-24 18:19:52),". Требования к соискателю - знание методик оценки рисков по кредитам юридических лиц, основ банковского дела и теории финансов, теории вероятностей, статистики и опыт эконометрического моделирования - навык написания аналитических текстов и составления эффективных презентаций - стремление к самосовершенствованию, творческий подход к решению задач - продвинутый пользователь Excel",https://vk.com/wall-130344439_3000,пост
3000,6,Post 3000 (2020-09-24 18:19:52),", PowerPoint уверенно SQL иили R, Python преимущество SAS EG - знание английского языка не ниже уровня B2 - опыт релевантной работы 1-3 года",https://vk.com/wall-130344439_3000,пост
3000,7,Post 3000 (2020-09-24 18:19:52),. Условия вилка 80 110 gross премия 30 по итогам месяца годовая премия в размере 2 окладов ДМС Поликлиники Банка России с возможностью подключить 1 родственника льготное проживание в санаториях Банка России в т.ч. для ближайших родственников в среднем 40 дней отпуска в год молодой дружелюбный коллектив профессионалов отличные перспективы роста Контакты для отправки резюме chenchikyavcbr,https://vk.com/wall-130344439_3000,пост
3000,0,Post 3000 (2020-09-24 18:19:52),Чет какая-то вилка для ведущего экономиста совсем скромная,https://vk.com/wall-130344439_3000,комментарий
3005,0,Post 3005 (2020-09-26 19:27:02),"Итак, начинается финал нашего чемпионата! Команда ОЭ против команды ОНЭ Подключайтесь и болейте за своё отделение! Команда ОЭ - силы тьмы Команда ОНЭ - силы света",https://vk.com/wall-130344439_3005,пост
3008,0,Post 3008 (2020-09-27 14:46:32),"Филя должен лежать, чет у него руки-базуки какие-то",https://vk.com/wall-130344439_3008,комментарий
3017,0,Post 3017 (2020-09-28 15:25:29),"Смело! Актуально! Горячо!, СМИ Эмит как всегда в своем стиле, Ну про зарплаты у журналистов - бред, ЗП там никто никому не платит, но трешовости ситуации это не отменяет",https://vk.com/wall-130344439_3017,комментарий
3022,0,Post 3022 (2020-09-28 20:15:00),"Посвят уже совсем близко! В связи с этим мы выкладываем расположение нашего дома и способы до него добраться. Мероприятие будет проходить по адресу Поселок Воскресенское, деревня Ямонтово, Раздольная 11 1 способ Доезжаете до метро Ольховая 1 выход из метро, затем садитесь на автобус 577, доезжаете до остановки Ямонтово и идете пешком до дома 10 минут",https://vk.com/wall-130344439_3022,пост
3022,1,Post 3022 (2020-09-28 20:15:00),". 2 способ Доезжаете до метро Теплый стан 6 выход из метро, затем аналогично садитесь на автобус 577, доезжаете до остановки Ямонтово и идете пешком до дома 10 минут. 3 способ Ехать на такси от м.Юго-западная ориентировочная стоимость 500р машина",https://vk.com/wall-130344439_3022,пост
3023,0,Post 3023 (2020-09-29 15:25:32),"4 дня Предупреждаем заранее, что если по каким-либо причинам, вы не можете или не хотите ехать на посвят, но при этом уже сдали деньги, возврат возможен до четверга включительно. С пятницы единственным вариантом будет самостоятельный поиск замены на своё место.",https://vk.com/wall-130344439_3023,пост
3023,0,Post 3023 (2020-09-29 15:25:32),"кто не понял тот поймет, Таких деликатесов,никто из нас себе не позволял.Вот,что значит ответственный человек за посвят",https://vk.com/wall-130344439_3023,комментарий
3038,0,Post 3038 (2020-10-02 12:05:56),"1 день Самый долгий и самый желанный Все мероприятие начнется НЕ РАНЬШЕ 1800, поэтому ждем все курсы и выпускников на доме к этому времени. Маршрут описан несколькими постами ниже. Если вы приезжаете после 2000, отпишитесь в лс или В напоминание старшим и для наших первокурсников небольшой экскурс по правилам 1НИКАКИХ НАРКОТИЧЕСКИХ СРЕДСТВ",https://vk.com/wall-130344439_3038,пост
3038,1,Post 3038 (2020-10-02 12:05:56),". Если кто-то из организаторов или старших заметит признаки употребления, этого человека сразу выставят за дверь и он словит бан на последующие мероприятия. 2На улице нельзя шуметь после 2300, в доме же можно сколько душе угодно. 3Запрещено курить в доме. Для этого возле входа в дом есть курилка с лавочками. 4Не забудьте теплые вещи",https://vk.com/wall-130344439_3038,пост
3038,2,Post 3038 (2020-10-02 12:05:56),". 4Не забудьте теплые вещи. В доме будет тепло, но, как показывает опыт, в курилке за душевными разговорами можно будет встретить каждого, поэтому не заболеваем и одеваемся. 5Если вдруг вам плохо или что-то случилось, немедленно обратитесь к организаторам. Аптечка будет у нашего диджея id218164090Наталья Хрюшкина. 6Последнее, но не менее важное сейчас",https://vk.com/wall-130344439_3038,пост
3038,3,Post 3038 (2020-10-02 12:05:56),". 6Последнее, но не менее важное сейчас. Если вы чувствуете, что вам плохотемпература и, как крайний вариант, вы уже не чувствуете запахов, настоятельно просим не ехать на Посвят. Все-таки корона-это не то воспоминание, что должно остаться в памяти после этого великого праздника.",https://vk.com/wall-130344439_3038,пост
3042,0,Post 3042 (2020-10-02 19:49:32),Всем здоровья! Мне прислали очередную вакансию из Сбера. Может кому-нибудь пригодится,https://vk.com/wall-130344439_3042,пост
3043,0,Post 3043 (2020-10-02 21:08:12),"Начинаю пить с вечера, Тут отправили фото, Тут отправили фото, Тут отправили фото, Официально заявляю, что Сергей завтра едет на посвят, , Миша, Генацвале, Тут отправили фото",https://vk.com/wall-130344439_3043,комментарий
3065,0,Post 3065 (2020-10-04 00:08:24),"Ребят , если кто-то потерял что-то на посвяте Пишите",https://vk.com/wall-130344439_3065,пост
3065,0,Post 3065 (2020-10-04 00:08:24),"Телефон, если что, Потерял совесть, верните, пожалуйста, Зеленая рубашка и штопор, найдитесь, Короче владелец телефона мне звони если че 79260923255 Я щас спать буду телефон отдам если нужен в итоге, куртка бежевая!, Дом пустой, Девственность, футболка, тапки, плавки",https://vk.com/wall-130344439_3065,комментарий
3084,0,Post 3084 (2020-10-06 11:29:26),Всем здоровья! Есть интересная оплачиваемая стажировка для студентов 2-3 курсов на 3 месяца. Мне кажется вам может быть интересно.,https://vk.com/wall-130344439_3084,пост
3084,0,Post 3084 (2020-10-06 11:29:26),"говорят, у каждого уважающего себя аналитика из фрии есть свой консалт бутик",https://vk.com/wall-130344439_3084,комментарий
3087,0,Post 3087 (2020-10-07 12:58:10),"Думаю не одному мне посвят показался довольно херовым и с явным распилом бабла, поэтому мне стал интересен данный вопрос. Я написал Макаву с просьбой показать смету, вообще на что потратились наши денюжки. На фото, что он скинул. Вопросы вызывают сразу посуда одноразовая на 11к и каршеринг и такси на 13К. Но да ладно, неэффективное расходование средств недоказуемо и ненаказуемо",https://vk.com/wall-130344439_3087,пост
3087,1,Post 3087 (2020-10-07 12:58:10),". Расходы по смете составляют 432К, хотя даже если не брать тех, кто скидывал по 4000, а посчитать всех по 3500, то это получится 1283500 448К. Далее я задал ему интересующий всех и всегда вопрос про залог 60к. По его словам вернули им только треть 20к. Однако от нескольких людей я слышал совсем другую информацию, что ничего разъебано за вечер не было и залог вернули полностью",https://vk.com/wall-130344439_3087,пост
3087,2,Post 3087 (2020-10-07 12:58:10),". Далее путем небольших хитростей был получен номер хозяйки и записан мой с ней разговор в аудио, где она дает понять что залог не вернулся полностью - это неправда. Макав открыто пиздит. В итоге мы имеем, что Макав и Крошкина может кто-то еще распилили как минимум 60к около 500р на человека в тот вечер, а судя по хуевости посвята и неадекватным тратам в смете так еще больше",https://vk.com/wall-130344439_3087,пост
3087,3,Post 3087 (2020-10-07 12:58:10),". По мне это пиздец как неадекватно делать бабки на своих же одногруппниках, с которыми ты потом еще будешь пить и брататься и славить эконом и студпассив. Зачем мне это? Во-первых Макав пидарас, во-вторых обидно за перваков, которых тупа разводят и кидают на бабки под видом дружного коммьюнити эконома со своей историей и традициями.",https://vk.com/wall-130344439_3087,пост
3087,0,Post 3087 (2020-10-07 12:58:10),", Ору второй день, А что в смете альска забыла? Я на неё отдельно 10к отдал, Краткое пояснение по навару денег 448к на руках 12к отданы за людей сверх оплаченных Соответсвенно, денег мы имеем 4к. Надежда на депозит",https://vk.com/wall-130344439_3087,комментарий
3087,1,Post 3087 (2020-10-07 12:58:10),". Надежда на депозит. Покупка недостающих соков,вод и первой партии украденного алкоголя 10-11к На 128 человек было закуплено 60 литров крепкого алкоголя, по смете бармена, рассчитавшего алкоголь на 150 человек К часу ночи был украден и выпит алкоголь",https://vk.com/wall-130344439_3087,комментарий
3087,2,Post 3087 (2020-10-07 12:58:10),". Проведя рейды по комнатам, в одной комнате было найдено 9 литров купленного для всех алко Так как никто не отдавал и не сознавался, пришлось докупать алкоголь на сумму 16500. Этот алкоголь остался на утро и был роздан желающим. За продление бани мы отдали 10к. 2к было отданы управляющему дома за два сломанных и один сожженый стул в обход хозяйке. За купленную в ночи пиццу мы отдали 8450",https://vk.com/wall-130344439_3087,комментарий
3087,3,Post 3087 (2020-10-07 12:58:10),". За купленную в ночи пиццу мы отдали 8450. Соответсвенно, мы имеем на утро 16050. Всем желающим и недовольным посвятом мы готовы вернуть 16050128125.39 руб., Деньги пилятся на каждом посвяте. Просто когда-то в большей, когда-то в меньшей степени., И вот из-за таких организаторов приходится водку пивом запивать, посвят говно организаторы хуесосы Владислав Барышников пидор, Стол на 50к",https://vk.com/wall-130344439_3087,комментарий
3087,4,Post 3087 (2020-10-07 12:58:10),". Ну ещё шашлык, Походу учимся не на отделении экономики , а на отделении внутреннего контроля и аудита, ФБК снова в деле aka новое расследование Барышникова, Номера для возврата средств на сумму 125.39 пишите в лс",https://vk.com/wall-130344439_3087,комментарий
3087,5,Post 3087 (2020-10-07 12:58:10),"., Ребят, кринж какой-то просто Насмотрятся своих навэльных бля Какая-то сумма денег каждый год пилится между оргами и помогающими за работу Оргам советую в гуглдоку добавить все неучтенные траты и расшарить на всех, если там 15-20к где-то проебано, ящитаю, осуждать никого не надо Разве только за хуевый посвят сам не был, хз, Чет в голос со всего, Предыдущий посвят на 160 человек",https://vk.com/wall-130344439_3087,комментарий
3087,6,Post 3087 (2020-10-07 12:58:10),", Предыдущий посвят на 160 человек, час ночи я стою бухущий с бутылкой текилы на входе в дом и фоловлю Крида в инсте Этот посвят на 130 человек, час ночи захожу в комнату, где 15 человек в круге сидят грустят около одной пустой бутылки водки",https://vk.com/wall-130344439_3087,комментарий
3087,7,Post 3087 (2020-10-07 12:58:10),". Я ее допиваю, все грустят ещё больше., ждём подробные таблицы с расходами и доходами, а также чеки скрины из мобильного банка, чтобы понять, кто не прав., Не вижу здесь недовольных перваков, которых так жалко. Вижу только друзей Ахмеда которые пытаются ,что-то доказать, ждём видеоразоблачения паразитов организаторов, Ох уж эти друзья Ахмеда.",https://vk.com/wall-130344439_3087,комментарий
3087,8,Post 3087 (2020-10-07 12:58:10),"., Я так акции в тинькофф инвестиции не мониторю, как этот пост, Про депозит не сказано было ничего., Я не понимаю ваших претензий, ребзя",https://vk.com/wall-130344439_3087,комментарий
3087,9,Post 3087 (2020-10-07 12:58:10),"., Я не понимаю ваших претензий, ребзя. Организаторам удалось организовать эту тусу, быстро сориентироваться в критических ситуациях закончилась еда, сперли алкашку - быстро заказали все новое, много было потрачено сил и нервов, и сам факт того что им удалось выйти хоть в какой-то плюс уже говорит о том, что они не зря потели",https://vk.com/wall-130344439_3087,комментарий
3087,10,Post 3087 (2020-10-07 12:58:10),". И как выяснилось, этот плюс при делении на работу ВСЕХ организаторов не особо то и большой, они заслужили этого, Может хватит бухтеть и дестабилизировать ситуацию на посвяте? Есть инфа от знающего человека, что у нас на иканаме скоро ожидаются реальные изменения. После того, как стабилизируют ситуацию с депозитом, докажут всем что деньги пошли куда надо",https://vk.com/wall-130344439_3087,комментарий
3087,11,Post 3087 (2020-10-07 12:58:10),". Тогда везде и сформируют посвятный альянс всех курсов. Коттедж и количество алкашки поднимут и будут держать, студактив ничего не сможет сделать. Сейчас главное не бухтеть. От нас требуется сидеть тихо. После того, как все сделают, все будет у нас хорошо. Всем устроят довольствие, как посвяте 2013 - каждый будет кататься на пузе. Главное сейчас сидеть тихо и не суетиться",https://vk.com/wall-130344439_3087,комментарий
3087,12,Post 3087 (2020-10-07 12:58:10),". Главное сейчас сидеть тихо и не суетиться. Никаких постов, никаких навальных. Просто переждать и всё будет хорошо, там все схвачено, Так ребята, серьезно, не стоит дальше вскрывать эту тему. Вы молодые, шутливые, вам все легко. Это не то. Это не госзакупки Роснефти и даже не скидки в КБ. Сюда лучше не лезть. Серьезно, любой из вас будет жалеть или уже пожалел об этом",https://vk.com/wall-130344439_3087,комментарий
3087,13,Post 3087 (2020-10-07 12:58:10),". Лучше закройте тему и забудьте что тут писалось . Я вполне понимаю что данным сообщением вызову дополнительный интерес, но хочу сразу предостеречь пытливых - СТОП . Остальные просто не найдут., Ваши разборки в комментах - это пустой звон, за вас всех на посвяте уже все было сказано, а вот не очень понимаю зачем рофлами уводить обсуждение от основного вопроса публичной отчетности",https://vk.com/wall-130344439_3087,комментарий
3087,14,Post 3087 (2020-10-07 12:58:10),". не думаю, что, даже если она будет предоставлена, в этом году получится убедить всех в одной точке зрения, но это по крайней мере станет хорошим примером для следующего года, чтобы таких претензий не возникало в будущем. предлагаю начать с таблицы с фамилиями и взносами, Ребят, ебать у вас срач. Пользуясь эфиром передаю привет Фокину и ищу питоновского разраба в Альфабанк",https://vk.com/wall-130344439_3087,комментарий
3087,15,Post 3087 (2020-10-07 12:58:10),"., - да - алё - да да - ну как там с деньгами? - а? - как с деньгами то там? - че с деньгами? - че? - куда ты звонишь? - тебе звоню - кому? - ну тебе - кому тебе? - а вот тебе вот - ты кто такой? - Владислав Барышников - какой Владислав Барышников? - терентьев - такого не знаю, ты ошибся номером друг - кто? - ты - че с деньгами? - какими деньгами? - ну которые я внес в депозит - куда",https://vk.com/wall-130344439_3087,комментарий
3087,16,Post 3087 (2020-10-07 12:58:10),? - ну которые я внес в депозит - куда? - в депозит посвята Иканама - ты пьяный или кто - я тре,https://vk.com/wall-130344439_3087,комментарий
3087,17,Post 3087 (2020-10-07 12:58:10),".. я Владислав Барышников - кто такой? - пьяный - вот именно, ну и все, завяжи лямку, ёбана в рот - куда.. чё завязать? - завяжи лямку! - а чё ты кричишь? - да ничего - алё - да - ну чё там? - чего?! - как с деньгами обстоят во.",https://vk.com/wall-130344439_3087,комментарий
3087,18,Post 3087 (2020-10-07 12:58:10),".. обстоит вопрос? - с какими деньгами? - которые я вложил в депозит - в какой депозит? - посвята Иканама - какой? - в смысле в какой? - ты куда звонишь?! по какому номеру звонишь? - по твоему - ты, сынок! - чё?! - сынок ёбаный! - чё? - ты куда звонишь?! - чё ты кричишь? - по какому телефону звонишь?! - четырнадцать, восемьдесят восемь - ну? какой депозит? пидорас ёбаный - Посвя.",https://vk.com/wall-130344439_3087,комментарий
3087,19,Post 3087 (2020-10-07 12:58:10),".. Посвята Иканама - ну, Посвята - ну а чё ты кричишь? - да ни хуя! а то соплю тебе разобью нахуй, сопляк ёбаный! - ты чё? - ты понял, да?! - я не понимаю куд.",https://vk.com/wall-130344439_3087,комментарий
3087,20,Post 3087 (2020-10-07 12:58:10),". - всё затнись нахуй - алё - пидорас ёбаный - а чё я? - ты приедь сюда я тебе бошку отверну! -а какой адрес? - вот приедь сюда я тебе бошку отверну, сопляк ты ёбаный! - да не надо - ты понял, да?! - за что? - за всё! - а чё я сделал? - сынок ёбаный! - чё с деньгами? - ты понял меня?! - чё с деньгами, я спрашиваю? - вот всё, какие то деньги ёбаные, пидорас - кто? - ты",https://vk.com/wall-130344439_3087,комментарий
3087,21,Post 3087 (2020-10-07 12:58:10),"! - почему? - всё, заткнись - алё - я щас ещё узнаю с какого ты телефона звонишь! - я звоню щас из офиса? - с какого офиса? - находящейся по улице студпассивной, четыре - вот, номер твой телефон скажи мне - алё - скажи номер телефона своего - зачем? - а чтобы я приехал тебе мочку набил нахуй - за что это? - а за всё",https://vk.com/wall-130344439_3087,комментарий
3087,22,Post 3087 (2020-10-07 12:58:10),"! ты понял, да? - ничё я не понял - я тебе сказал, сынок - что? - ты понял меня? - папа - всё - чё всё то? - ты давай номер телефона или сюда приезжай - а с деньгами как вопрос обстоит? - с какими деньгами?! - которые я вложил - куда ты вложил?! - в депозит - в какой? - Посвята иканама - пидорас ёбаный! - что? -",https://vk.com/wall-130344439_3087,комментарий
3087,23,Post 3087 (2020-10-07 12:58:10),"., С днем рождения, Когда фотки и видео с посвята будут заливать?, Лайкните аву, деньги на посвят распилены влад барышников, Да это просто меня на посвяте не было, вот и скучно было. Так что зовите в сл раз!",https://vk.com/wall-130344439_3087,комментарий
3209,0,Post 3209 (2020-10-07 17:59:50),"Дорогие друзья, в свете последних событий произошел конфликт, в котором нас обвинили в тотальном мошенничестве и присвоении себе денег наших любимых однокурсников и т. д. Мы сегодня потратили пол дня для того, чтобы поднять все транзакции по всем картам, через которые мы выполняли покупки, проверили всех сдавших и собранную сумму заново",https://vk.com/wall-130344439_3209,пост
3209,1,Post 3209 (2020-10-07 17:59:50),". К сожалению, мы не предвидели появление подобной ситуации и чеки не сохраняли, так что единственное, что у нас есть это скрины с мобильных банков и места, где мы производили оплату наличными. Ниже я прикрепляю полную таблицу расходов и доходов на посвят, в которой вы видите кто и сколько денег сдавал, куда мы тратили. В каждой ячейке есть суммированные траты по всем категориям",https://vk.com/wall-130344439_3209,пост
3209,2,Post 3209 (2020-10-07 17:59:50),". Вы сами можете видеть, куда мы все потратили и сколько у нас осталось. Мы надеемся, что на этом диспут будет окончен и этот вопрос подниматься больше не будет. Мы понимаем, что кого-то переубедить мы не сможем, чтобы мы ни сделали, но мы сделали все, что в наших силах.",https://vk.com/wall-130344439_3209,пост
3209,0,Post 3209 (2020-10-07 17:59:50),"да кто такой ваш Борис блятьб., Не совсем понял про скрины, А скрины будут? А то про них написали, но не скинули., Слава богу в след году владислав бояришник устроит охуенный посвят, только это греет душу, Суть тренда такова",https://vk.com/wall-130344439_3209,комментарий
3209,1,Post 3209 (2020-10-07 17:59:50),". Прикрепляем к данному посту скрины не скины банков, посмотрим сколько нас",https://vk.com/wall-130344439_3209,комментарий
3209,2,Post 3209 (2020-10-07 17:59:50),"!, Как же вам делать нехуй даже если попилили реально 60к на двоих, правильно сделали не халявно же с организацией всего этого возиться и время тратить, а что такое взнос 20к?, а где расходы на вознаграждение помощников после посвята? они точно были, но вы их не включили в таблицу, почему? ведь так денег у вас останется ещё меньше",https://vk.com/wall-130344439_3209,комментарий
3209,3,Post 3209 (2020-10-07 17:59:50),"., правильно ли я понимаю, у организаторов прямо ночью нашлись 44к, которые они вынули из своего кармана, не зная, что депозит вернут, и потратили на пиццу которая в принципе-то и не обязательна, когда пить нечего и вы уже в минусе и алкоголь? если это так, то, я считаю, их надо наградить за самоотверженность. герои, не скромничайте, признайтесь в своём подвиге!, Тут отправили фото",https://vk.com/wall-130344439_3209,комментарий
3276,0,Post 3276 (2020-10-08 15:19:59),"Блин, ребят, я не могу понять, о каких фотках все говорят?",https://vk.com/wall-130344439_3276,пост
3281,0,Post 3281 (2020-10-09 21:08:49),"Мда, ща бы не понимать как устроен мир. Вы где учитесь? На экономическом факультете? Вы главную книгу по экономике Маркса читали? Диалектический материализм заставляет нас анализировать мир с помощью двух вопросов. Если происходит какое-то событие или процесс, мы спрашиваем. В чьих интересах? В интересах какого класса? Давайте зададим эти вопросы в текущей ситуации",https://vk.com/wall-130344439_3281,пост
3281,1,Post 3281 (2020-10-09 21:08:49),". Очевидно, что разлад в рядах ПОСЛЕДНЕГО ОПЛОТА СТУДПАССИВА организация запрещена на территории РАНХиГС - прим. ред. В РАНЕПЕ выгоден только одному классу. Студактиву. Саботаж турнира по доте, отсутствие изменений в редакционной политикепереименования СМИ ЭМИТ, теперь чушь, муть и компот на счет якобы распила бабла на посвяте. Это выгодно только им. В наших рядах засели шпионы",https://vk.com/wall-130344439_3281,пост
3281,2,Post 3281 (2020-10-09 21:08:49),. В наших рядах засели шпионы. Задайте себе вопрос - сколько ваших друзей подписано на СМИ ЭМИТ? То-то же. Мы проигрываем эту войну. Давайте расшифруем студактив РАНХиГС по буквам. С - свирепое Т - тотальное У - уничтожение Д - достойных А - академических т.е. научных К - крутых Т - талантливых И - индивидов В - внутри РАНХИГС. Олигархия образуется из сращивания капитала и власти,https://vk.com/wall-130344439_3281,пост
3281,3,Post 3281 (2020-10-09 21:08:49),". Аналогично студактив сращивается с деканатом. Более того, они порой ставят себя выше. Они требуют у деканата бумаги об организации турнира. Что дальше? Все кто не придет на капустник будут писать объяснительные? Все кто не поучаствовал в калейдоскопе культур будут отчислены? Студентам нельзя будет работать в ИПЭИ и заниматься наукой? Я хочу, чтобы каждый из вас понял это. Они не остановятся",https://vk.com/wall-130344439_3281,пост
3281,4,Post 3281 (2020-10-09 21:08:49),". Они не остановятся. Мне стыдно и больно смотреть на то, как вы строчите эти комменты, как вы разделяетесь по навязанному вам извне признаку. Да нашим именем СТУДПАССИВ организация запрещена на территории РАНХиГС - прим. ред. уже назвались на всратом паблике с картинками. И что вы сделали? Ничего",https://vk.com/wall-130344439_3281,пост
3281,5,Post 3281 (2020-10-09 21:08:49),". И что вы сделали? Ничего. Вы подобно куколдам смотрели, как вашу культуру насиловали разговорами с какими-то студактивистами в сраном подкасате. В связи с этим я объявляю чрезвычайное положение. На каждого замеченного в ОПЛОТЕ студактивиста пишите донос в лс группы",https://vk.com/wall-130344439_3281,пост
3281,6,Post 3281 (2020-10-09 21:08:49),". Назначаю судьями суда-тройки, который будет решать судьбу пойманных шпионов Председателем суда id6045249Филиппа Ульянкина Финансистом суда id7560796Семёна Осипова Секретарем суда id54379438Глеба Королькевича. Последний будет объявлять о решении суда своим голосом от имени СТУДПАССИВА организация запрещена на территории РАНХиГС - прим. ред.. UPD посмотрите текст выше",https://vk.com/wall-130344439_3281,пост
3281,7,Post 3281 (2020-10-09 21:08:49),". ред.. UPD посмотрите текст выше. Даже в наших редакторах находится агент, который добавил правки про запрещенную организацию. Они везде. MAKAVDIDNTRASPILPOSVYAT",https://vk.com/wall-130344439_3281,пост
3281,0,Post 3281 (2020-10-09 21:08:49),"чет опять в голосину, , MAKAVDIDNTRASPILPOSVYAT, makavlive_matter, , даже мем спиздили, Тут отправили фото, пикча паста, Тут отправили фото, Студпассив должен быть разрушен, рубикон перейдён, посвятогейт не остановится, всё ещё только начинается, Тут отправили фото, Malleus studactivarum, Тут отправили фото, Тут отправили фото, makavlive_matter",https://vk.com/wall-130344439_3281,комментарий
3281,1,Post 3281 (2020-10-09 21:08:49),", Тут отправили фото, makavlive_matter, ПОГРОМЫ БУДУТ СТУДПАССИВ БУДЕТ РАЗБИТ СТУДАКТИВ ВПЕРЕД",https://vk.com/wall-130344439_3281,комментарий
3281,2,Post 3281 (2020-10-09 21:08:49),! СТУДАКТИВ ВПЕРЕД! СТУДАКТИВ ВПЕРЕД! СТУДАКТИВ ВПЕРЕД!,https://vk.com/wall-130344439_3281,комментарий
3303,0,Post 3303 (2020-10-10 00:39:32),"вы готовы писать КаК жЕ оН хОрОш? отвечу на самые часто задаваемые вопросы - да, это все фотографии с посвята - да, совсем все - нет, других нет - нет, фотки нельзя удалить из альбома через 5 лет скажите за это спасибо ладно, так и быть, тот, кто первый насчитает количество Арбатских на заднем фоне, удалю одну неудачную фотку, но это не точно ВСПОМНИМ, КАК БЫЛО КРУТО",https://vk.com/wall-130344439_3303,пост
3316,0,Post 3316 (2020-10-17 07:19:37),"Вас не бесит, что этот уебок сидит и пропивает ваши деньги, которые вы сдавали на посвят?",https://vk.com/wall-130344439_3316,пост
3316,0,Post 3316 (2020-10-17 07:19:37),"Вижу свои 125 рублей в 2 банках, Вижу что деньги потрачены не впустую, Вот вам бы все забрать, да поделить, совки! Парень старался, к успеху шёл и заслужил! Вы просто ему завидуете",https://vk.com/wall-130344439_3316,комментарий
3321,0,Post 3321 (2020-10-20 22:17:29),"Так и контента нет, Все ещё похуй, Тут отправили фото, Так плюс подписчики, получается в долгосрок инвестиции",https://vk.com/wall-130344439_3321,комментарий
3328,0,Post 3328 (2020-10-29 17:43:45),"Вакансия от Алексея Девятова, главного аналитика ФК Уралсиб, преподает Макро-2 в магистратуре Аналитик Старший аналитик по облигациям дирекции анализа долговых инструментов AnalystSenior analyst fixed income research Обязанности анализ рынка облигаций финансовый и кредитный анализ эмитентов оценка долговых инструментов разработка инвестиционных идей подготовка аналитических материалов",https://vk.com/wall-130344439_3328,пост
3328,1,Post 3328 (2020-10-29 17:43:45),". Требования физико-математическое или финансово-экономическое образование, полученное в одном из ведущих вузов знание долгового рынка и методов оценки облигаций, умение анализировать финансовую отчетность компаний хорошие аналитические способности, умение работать в условиях сжатых сроков и многозадачности грамотная устная и письменная речь",https://vk.com/wall-130344439_3328,пост
3328,2,Post 3328 (2020-10-29 17:43:45),", умение структурированно излагать идеи в письменном виде опыт работы в сфере финансов от 1 года английский язык не ниже upper intermediate отличное владение Microsoft Office навыки работы с информационной системой Bloomberg",https://vk.com/wall-130344439_3328,пост
3328,3,Post 3328 (2020-10-29 17:43:45),. Желающие могут прислать мне резюме. Я их передам Александру Евгеньевичу или можете с ним связаться самостоятельно.,https://vk.com/wall-130344439_3328,пост
3331,0,Post 3331 (2020-11-19 09:36:02),"Многим будет интересно 25.11 пройдёт бесплатное демо-занятие Кластеризация временных рядов. Вместе с Дмитрием Сергеевым вы познакомитесь с интереснейшей задачей, которую можно прикрутить к временным рядам. Вы выясните, можно ли найти похожие друг на друга по динамике финансовые активы на бирже и заберёте с собой код, позволяющий сделать это с нуля",https://vk.com/wall-130344439_3331,пост
3331,1,Post 3331 (2020-11-19 09:36:02),. Для регистрации на занятие пройдите вступительный тест,https://vk.com/wall-130344439_3331,пост
3332,0,Post 3332 (2020-12-22 22:38:13),"УК Солид вакансия открылась для middle, может пригодится",https://vk.com/wall-130344439_3332,пост
3333,0,Post 3333 (2020-12-31 13:56:20),"Чуваки в прямом эфире разъёбывают чужие резюме, гляньте на досуге и не повторяйте таких ошибок.",https://vk.com/wall-130344439_3333,пост
3340,0,Post 3340 (2021-02-03 11:56:25),"Вакансии 1. Сбер JuniorSenior 2. Вакансии в Ростелекоме если заинтересует могу дать прямой контакт. В идеале с опытом, но могут взять выпускникастудента Мы то хотим взять людей с опытом, в идеале. Поэтому вакансии для них. И зп до 180net с учетом премий. Что касается студентов без опыта, то тут нужен человек с хорошей теорией по эконометрике. Если будет знать питон и sql, то вообще хорошо",https://vk.com/wall-130344439_3340,пост
3340,1,Post 3340 (2021-02-03 11:56:25),". Если будет знать питон и sql, то вообще хорошо. Если не знает, то способного быстро выучить. Зп для студента 110гросс квартальные и годовая премии. Это примерно 120net 3. С переездом в С.Пб Газпромэкспорт ищу себе в помощь человека с профильный образованием матстатистикаэконометрикаквантовая аналитика. Чтобы с релокацией в Питер. в тестовом задании есть контакт с кем связаться по поводу работу",https://vk.com/wall-130344439_3340,пост
3340,2,Post 3340 (2021-02-03 11:56:25),. В письме сошлитесь на меня. Тестовое задание во вложении. почему-то ссылка в задании два из pdf кривая вот правильная,https://vk.com/wall-130344439_3340,пост
3341,0,Post 3341 (2021-02-10 13:50:05),"Всем привет Опрос посвящен подготовке к универсиаде по эконометрике, которая пройдет в этом году. Интересны люди с 3-4 курса, которые хотят порешать тру задачи по метрике и по красоте посоревноваться с мгушниками. Важно, что 3 курс вполне может участвовать, Юра Беляков будучи студентом 3 курса стал призером в прошлом году, так что призываем 3 курс активно участвовать",https://vk.com/wall-130344439_3341,пост
3341,1,Post 3341 (2021-02-10 13:50:05),". Услуги коучинга вам предоставят неповторимый антифрод даташрушер Филя Ульянин, ЧЕМПИОН универсиады прошлого года Данила Ломоносов, и просто пацанчик из ИПЭИ Никитка Фокин. Заочный этап уже 22 февраля, если быстро организуемся, возможно проведем пару занятий для подготовки к нему. К слову, по опыту прошлых лет его из проходят все, кто пишет",https://vk.com/wall-130344439_3341,пост
3341,2,Post 3341 (2021-02-10 13:50:05),". Далее планируется плотная подготовка до самого очного этапа, который состоится 10 апреля. На всякий случай сайт универсиады А зачем мне это, спросите вы? Очень просто. Однажды Филя пришел на собес в гугл, и его спросили Филя, а ты не мог норм место на универсиаде занять? Нам такой слабый эконометрист не нужен И Филя пошел работать в яндекс",https://vk.com/wall-130344439_3341,пост
3341,3,Post 3341 (2021-02-10 13:50:05),". Так что победа на универсиаде отличная строчка вам в резюме для любой компании где занимаются тру анализом данных да, да эконометрика типа подраздел анализа данных. Также победа, как и участие, это респект и уважение к вам со стороны соплеменников. Ну и для людей, желающих построить карьеру в науке, вы намного легче попадете в любую лабораторию с хорошим результатом на универсиаде",https://vk.com/wall-130344439_3341,пост
3341,4,Post 3341 (2021-02-10 13:50:05),". Ну или в ЦБ, например. Так что, всех желающих прошу ответить на опрос, аудиторы мимо. Распространите по вашим чатам плз.",https://vk.com/wall-130344439_3341,пост
3341,0,Post 3341 (2021-02-10 13:50:05),"Карлсон тру если чо, чемпион филя пацанчик никита Хм, кто же писал текст?., Тут отправили фото",https://vk.com/wall-130344439_3341,комментарий
3347,0,Post 3347 (2021-03-29 17:14:12),"Дистанционка почти рипнулась, контейнеровоз эвергивен частично сняли с мели в суэцком канале , все деньги с посвята уже распилили , а Макав допил всё пиво Что это может значить? А значит это, что пришла пора для весенней Иканамосквой тусы. Прошло уже больше года с того момента, как уханьский повар сварил тот самый суп ,из-за которого мы столько всего с вами пропустили",https://vk.com/wall-130344439_3347,пост
3347,1,Post 3347 (2021-03-29 17:14:12),. Поэтому на 9 неделе у нас намечается лофт. Ориентировочное время - вечер 9 апреля. Более подробно о деталях расскажем в следующем посте. Всех ждём. Всем пис,https://vk.com/wall-130344439_3347,пост
3347,0,Post 3347 (2021-03-29 17:14:12),"Наняли СММ-щика с авиасейлс - дело идёт в гору, текст писал концептуальный андеграунд репер с 3к подписков на спотифае, Хочешь айфон 7?тогда сделай всё что здесь написано! Моргни 5 раз Хлопни 3 раза Скажи слово айфон 10 раз Разошли это СмС 2 группам и 5 друзьям",https://vk.com/wall-130344439_3347,комментарий
3347,1,Post 3347 (2021-03-29 17:14:12),". Загляни под подушку там айфон 7 ,это правда проверено на 72093 людей!, Пиво еще не кончилось, расходимся ребята, ебутся два пидораса один другому у меня спид что правда нет просто люблю когда ты очко сжимаешь",https://vk.com/wall-130344439_3347,комментарий
3371,0,Post 3371 (2021-04-01 21:16:05),"Из-за массовых недовольств и по советам создателей журналов Анекдоты и Интересный Мотан нам пришлось уволить СММщика с Авиасейлс и нанять другого. Жаль конечно этого добряка, но ничего не поделаешь Авторитеты..",https://vk.com/wall-130344439_3371,пост
3371,1,Post 3371 (2021-04-01 21:16:05),". А вот и подъехала инфа о весенней тусовке, которую мы все так долго ждали Лофт состоится с 9 на 10 апреля с пятницы на субботу вечером с 1900 до 0200 по адресу Большая Почтовая улица 43-45 стр3. Лофт находится в 15 минутах пешком от метро Бауманская. Мы проходили этот маршрут 2 раза, так что много сил у вас это не заберёт",https://vk.com/wall-130344439_3371,пост
3371,2,Post 3371 (2021-04-01 21:16:05),". Рядом с лофтом есть разливная пивнушка, Кб и пятёрочка, так же есть аптека. До 7 апреля включительно стоимость составит 750р , все что позже этого времени 1000 Деньги пойдут на аренду самого помещения и всякие вкусности. Скидывать деньги можно по следующим номерам телефоновкарт 79037890200 5469380075745116 Евгений Эрнестович К. 79967406400 4276540031893336 Николай Сергеевич С",https://vk.com/wall-130344439_3371,пост
3371,3,Post 3371 (2021-04-01 21:16:05),". 79967406400 4276540031893336 Николай Сергеевич С. сбер В случае чего можете писать Коле и отдать ему наличными в 4 корпусе. Убедительная просьба к тем, кто будет присылать деньги на сбер. Указывайте в платеже свои имена и фамилии , а так же курс на котором учитесь или не учитесь Так же можете отписываться по ссылкам ниже В лофте отсутсвует пробковый сбор, так что все приходим со своим алкоголем.",https://vk.com/wall-130344439_3371,пост
3372,0,Post 3372 (2021-04-07 16:22:06),"Ребятки, friendly reminder. Чуть меньше 8 часов , чтобы залететь в лофт за 750. Начиная с 0000 8 апреля стоимость возрастёт до 1000. Оплатить можно все по тем же реквизитам 79037890200 5469380075745116 Евгений Эрнестович К. сбер 79967406400 4276540031893336 Николай Сергеевич С. сбермобак Все музыкальные вопросы решаем в лс по этим ссылкам",https://vk.com/wall-130344439_3372,пост
3373,0,Post 3373 (2021-04-09 12:39:38),"Ещё раз напоминаем, что сегодня состоится наше долгожданное мероприятие Ждём сегодня всех в 1900 по адресу Большая Почтовая 43-45 стр3 Добраться туда можно от станции метро Бауманская. Если вы придёте к точке и не увидите входа, как на видео - обойдите здание и зайдите с другой стороны. Как зайдёте - поднимитесь на 4 этаж, там вы увидите металлическую дверь. Зайдите внутрь и вы на месте",https://vk.com/wall-130344439_3373,пост
3373,1,Post 3373 (2021-04-09 12:39:38),". Зайдите внутрь и вы на месте. В лофте есть курилка, так что не переживайте , вам не придётся спускаться и подниматься каждый раз, как захотите покурить.",https://vk.com/wall-130344439_3373,пост
3378,0,Post 3378 (2021-05-05 00:52:38),"Отличная тема в отсутствие летней стажировки. Осталось мало времени до конца подачи, но срок сдачи заданий обычно в двадцатых числах мая. Задания довольно простые, с нашим бэкграундом нужно 1-2 неполных дня на решение. Подавайтесь, поступайте и получайте плюсик в опыт и резюме",https://vk.com/wall-130344439_3378,пост
3378,1,Post 3378 (2021-05-05 00:52:38),". По опыту можно разделить так стартовая после 1 курса, средняя после 2, продвинутая после 2-3 в зависимости от осознания мат стата. Опыт участницы",https://vk.com/wall-130344439_3378,пост
3381,0,Post 3381 (2021-05-12 14:46:20),"Всем привет, ищу к себе в команду middle NLP специалиста. Вилка 150-200net Вариант есть опыт в классическом ML уверенные знания DL теоретические практические на тестовых датасетах тоже подходит. Описание вакансии ниже.",https://vk.com/wall-130344439_3381,пост
3384,0,Post 3384 (2021-06-16 18:01:01),"Всем привет! Может кому-то будет интересна вакансия Физтех-Центр стабильно расширяющаяся компания, с 2016 года на рынке, сфера деятельности IT решения для гос. и коммерческих структур. Наша цель постоянное развитие компетенций в области анализа и реализация оптимальных решений для клиентов",https://vk.com/wall-130344439_3384,пост
3384,1,Post 3384 (2021-06-16 18:01:01),. Мы ищем стажера в нашу команду! Обязанности - подготовка различных документов в Word для тендерных процедур - помощь в обзвонах - начальная аналитика - выполнение мелких поручений работодателя,https://vk.com/wall-130344439_3384,пост
3384,2,Post 3384 (2021-06-16 18:01:01),". Требования - Опыт работы в Word, Excel - Грамотная устная и письменная речь - Ответственность, внимательность, соблюдение дедлайнов Мы предлагаем - Возможность стажировки в министерстве промышленности и торговли Москва Сити - Гибкий график работы начало в 9-11, конец рабочего дня в 18-20 - Дружный молодой коллектив - Обучение, наставничество - Работа в современном офисе м",https://vk.com/wall-130344439_3384,пост
3384,3,Post 3384 (2021-06-16 18:01:01),". Верхние Лихоборы - Заработная плата от 45 тыс. руб. на руки. повышение зп после испытательного срока - Возможна почасовая оплата - Стажировка на лето, по истечении срока можем продолжить сотрудничество. Если вас заинтересовала вакансия, отправляйте свое резюме в Telegram по номеру 89055777121 anastya17 По всем вопросам обращаться к id24043193Анастасии Чекаловой",https://vk.com/wall-130344439_3384,пост
3385,0,Post 3385 (2021-08-12 13:03:17),Всем привет! К себе в команду ищем продуктового аналитика middlesenior. По всем вопросам можно писать мне Описание вакансии по ссылке,https://vk.com/wall-130344439_3385,пост
3386,0,Post 3386 (2021-08-17 12:24:05),"Всем здрасьте Ищу к себе в команду BI аналитика уровень middle в ЦУМ Главные требования отличное знание python и power bi, остальное смотрите на фото. Вакансия горящая, могу Ваше резюме передать сразу руководителю.",https://vk.com/wall-130344439_3386,пост
3387,0,Post 3387 (2021-08-24 20:52:32),"Американцы сбежали из Афганистана, Ангела Меркель скоро покинет пост канцлера Германии, а Украина все так же негодует из-за северного потока 2",https://vk.com/wall-130344439_3387,пост
3387,1,Post 3387 (2021-08-24 20:52:32),". Настало время объявить об очередной осенней встрече нашего всеми горячо любимого иканама! Переговоры по поводу организации лофта шли в таком напряжении, что даже Путину пришлось ловить падающий карандаш с переговорного стола, так как Байден со своими упавшими рейтингами бил папкой по столу",https://vk.com/wall-130344439_3387,пост
3387,2,Post 3387 (2021-08-24 20:52:32),". По рекомендациям очень важных людей в этот раз нам удалось нанять сммщика с Паблика Рифмы и Панчи, так как теперь бюджет позволяет нам это сделать. Но все это мелочи жизни. Движ состоится 3 сентября в классном лофте в центре Москвы",https://vk.com/wall-130344439_3387,пост
3387,3,Post 3387 (2021-08-24 20:52:32),". Приглашаем всех тряхнуть стариной, а для вас, перваши, это будет отличная возможность познакомиться со своими однокурсниками, новыми людьми, закидать вопросами старшие курсы и выпускников, а так же просто классно провести время.",https://vk.com/wall-130344439_3387,пост
3398,0,Post 3398 (2021-08-26 20:04:13),"Постов про месси не будет Dear friends, для многих новая жизнь начинается не с 1 января, а именно с первым днём осени. Поздравляем всех со скорым её наступлением, желаем успехов в работе и учебе. Для нас, студентов, уже меньше чем через неделю начнётся новый учебный год и нам с вами предстоит очень многое преодолеть. Но мы больше чем уверены, что все у нас будет просто замечательно",https://vk.com/wall-130344439_3398,пост
3398,1,Post 3398 (2021-08-26 20:04:13),". Делу - время, потехе - час. Но сейчас не об этом. Подлетела информация о нашей предстоящей осенней встрече. Наш с вами Лофт состоится с 3 на 4 сентября с пятницы на субботу с 1800-0100 по адресу улица Ольховская 14, строение 5 8 минут от м. Бауманская Лофт разделён на 3 части, так что вся наша дружная семья с легкостью сможет в нем разместиться. Присутствует зал, веранда",https://vk.com/wall-130344439_3398,пост
3398,2,Post 3398 (2021-08-26 20:04:13),". Присутствует зал, веранда. Очень надеемся на хорошую погоду Рядом с ним есть различные магазины по типу Ароматного мира, Магнолии, Дикси и вкусвилла. До 1 сентября включительно стоимость лофта будет составлять 750, после стоимость будет составлять 1000 Деньги пойдут на аренду помещения, безалкогольные напитки, некоторую посуду и всякие вкусности",https://vk.com/wall-130344439_3398,пост
3398,3,Post 3398 (2021-08-26 20:04:13),". Скидывать деньги можно по следующим номерам телефоновкарт 79037890200 5469380121452709 Евгений Эрнестович К. сбер 79252307160 Александр Игоревич Ф., втб, сбербанк 4276380085567134 Всех, кто будет скидывать, очень просим писать в личные сообщения о факте отправки денег и указывайте свой курс",https://vk.com/wall-130344439_3398,пост
3398,4,Post 3398 (2021-08-26 20:04:13),". Мы будем составлять списки, позтому отнеситесь к этому с понимаем, ведь мы не экстрасенсы Обращаться можно по этим ссылкам В лофте отсутсвует пробковый сбор, так что все, кто хочет пригубить, приходим со своим алкоголем.",https://vk.com/wall-130344439_3398,пост
3398,0,Post 3398 (2021-08-26 20:04:13),"лавки для зажиманий топ, Тут отправили фото, Тут отправили фото, Бля, раньше на посвяты в 3 раза меньше народу собирали, чем щас на третьесентябревую тусу. Рост шо пиздец",https://vk.com/wall-130344439_3398,комментарий
3406,0,Post 3406 (2021-08-31 17:41:01),"Музяку, которую хотели бы услышать в лофте, можете присылать в лс Лере и Антону.",https://vk.com/wall-130344439_3406,пост
3414,0,Post 3414 (2021-09-01 18:46:56),"Ребятки, мы не ожидали от вас такого актива и на такой ноте мы вынуждены сообщить вам печальную новость. Сбор средств на лофт скоро закрывается. Те, кто хотел пойти, но по каким-то причинам ещё не успел сдать деньги - пишите в лс будем решать вопрос индивидуально",https://vk.com/wall-130344439_3414,пост
3417,0,Post 3417 (2021-09-02 10:05:04),"Друзья! Мы рады сообщить вам о продлении регистрации на отбор в Школу финансов при МГУ 202122 до 2355 8 сентября 2021 г. Обучение на годовой программе Школы финансов является абсолютно бесплатным и проходит в дистанционном формате Школа финансов это образовательная программа, в рамках которой проводятся занятия по корпоративным финансам для студентов из любых вузов",https://vk.com/wall-130344439_3417,пост
3417,1,Post 3417 (2021-09-02 10:05:04),". Целевая аудитория 3-4 курс бакалавриата и 1-2 курс магистратуры, но вы можете попробовать поступить на 1-2 курсе бакалавриата или учась в аспирантуре. Цель помочь студентам с достаточным уровнем знаний начать карьеру в финансах",https://vk.com/wall-130344439_3417,пост
3417,2,Post 3417 (2021-09-02 10:05:04),". Школа финансов позволит Вам стать настоящим профессионалом инвестиционного сообщества - сотни выпускников получили приглашения на работу в ведущие компании финансового сектора Goldman Sachs, Morgan Stanley, J.P.Morgan, Bank of America, Baring Vostok, VTB Capital, etc",https://vk.com/wall-130344439_3417,пост
3417,3,Post 3417 (2021-09-02 10:05:04),". Спикеры и менторы программы - практикующие специалисты ТОП-компаний инвестиционных банков, фондов прямых инвестиций, MA и CorpDev команд Менторская программа нацелена на построение вашего индивидуального плана для успешного развития карьеры Более подробная и актуальная информация о Программе 20212022 и процессе отбора по ссылке Форма регистрации для участия в отборе регистрация открыта до 23",https://vk.com/wall-130344439_3417,пост
3417,4,Post 3417 (2021-09-02 10:05:04),".55 8 сентября 2021 г. Годовая учебная программа фокусируется на теоретических и практических аспектах анализа финансовой отчётности, финансовом моделировании, принципах оценки компаний, структурировании сделок. Таким образом, программа покрывает все аспекты корпоративных финансов. Уроки проходят каждую субботу с сентября по май 9 месяцев и длятся примерно 5-6 часов с учётом перерывов",https://vk.com/wall-130344439_3417,пост
3417,5,Post 3417 (2021-09-02 10:05:04),. Формат занятий Zoom-конференции онлайн или живые лекции на ЭФ МГУ но скорее всего только онлайн. В отдельных случаях предоставляется обратная связь с группой,https://vk.com/wall-130344439_3417,пост
3417,6,Post 3417 (2021-09-02 10:05:04),. Примерное расписание 1540 1640 Анализ финансовой отчетности финансовое моделирование оценка стоимости компаний - 1640 1730 Перерыв - 1730 1830 Анализ финансовой отчетности финансовое моделирование оценка стоимости компаний продолжение - 1830 1840 Перерыв - 1840 2040 Фундаментальный анализ прямые инвестиции и венчурный капитал карьерные мероприятия,https://vk.com/wall-130344439_3417,пост
3417,7,Post 3417 (2021-09-02 10:05:04),". То, что получит студент, поступив на программу 1. Знание финансовой отрасли, подкрепленное опытом повседневной работы спикеров. 2. Уверенное понимание ключевых тем и навыков, необходимых для новых стажеров и младших аналитиков. 3. Тесные отношения с отделами кадров крупнейших российских и международных финансовых компаний, обеспечивающие лучшее понимание требований к кандидатам. 4",https://vk.com/wall-130344439_3417,пост
3417,8,Post 3417 (2021-09-02 10:05:04),". 4. Помощь в изучении карьерных возможностей через внутреннюю программу наставничества 5. Карьерные советы, предоставляемые выпускниками и лекторами Процесс отбора онлайн тест на сайте и 2 этапа интервью. 1 из 10 людей, кто подал заявку, успешно проходит все 3 этапа отбора и зачисляется в Школу",https://vk.com/wall-130344439_3417,пост
3417,9,Post 3417 (2021-09-02 10:05:04),". Однако даже, если вы не уверены в своих силах, вы можете попробовать уже сейчас, чтобы знать формат и в будущем, в случае неудачи, попробовать снова",https://vk.com/wall-130344439_3417,пост
3417,10,Post 3417 (2021-09-02 10:05:04),". Подробнее про отбор 1-ая стадия онлайн тест, покрывающий базовые темы CFA L1 2-ая стадия интервью 1-ое интервью в Zoom 2-ое интервью лично На интервью кандидат должен знать ответы на список из 101 вопроса уметь объяснить мотивацию своего поступления",https://vk.com/wall-130344439_3417,пост
3417,11,Post 3417 (2021-09-02 10:05:04),". Тест на английском, интервью на русском На остальные вопросы вы можете найти ответы в прикрепленных к посту документах По любым вопросам касательно Школы финансов вы так же можете обращаться к официальному амбассадору Школы в РАНХиГС",https://vk.com/wall-130344439_3417,пост
3419,0,Post 3419 (2021-09-03 09:36:50),"Friendly reminder Все, кто идут сегодня в лофт обязательно должны иметь при себе паспорт либо другой документ, удостоверяющий личность Ps Дойти до лофта можно, как от станции метро Бауманская, так и от Красносельской",https://vk.com/wall-130344439_3419,пост
3420,0,Post 3420 (2021-09-04 10:46:53),Тусовка для некоторых прошла слишком удачно. Я не мэри поппинс поэтому заберите поскорее забытые зонты Ну и эти ботинки. За вещами обращайтесь в лс,https://vk.com/wall-130344439_3420,пост
3420,0,Post 3420 (2021-09-04 10:46:53),"Ещё нашлось чье-то кольцо, Заколка моя, Если найдёте ещё наушники, будет вообще круто",https://vk.com/wall-130344439_3420,комментарий
3424,0,Post 3424 (2021-09-13 15:48:22),"Ready Freddie? До конца Время летит и осень набирает обороты. Уже совсем скоро октябрь и до самого долгожданного дня, для каждого студента Иканама, рукой подать. Не смотря на то, что это самое крутое и масштабное мероприятие нашего факультета, петь ему дифирамбы мы не будем. Многие и без этого всё понимают Некоторые детали поменяются, но в общем и целом все будет по старому",https://vk.com/wall-130344439_3424,пост
3424,1,Post 3424 (2021-09-13 15:48:22),". Кто такой этот ваш Посвят? В первую очередь все это делается для первашей. Лофты это конечно хорошо, но за то количество времени не все успевают познакомиться, поговорить о насущном и узнать секреты нашего факультета, а лучше возможности для этого, чем на посвяте - нет",https://vk.com/wall-130344439_3424,пост
3424,2,Post 3424 (2021-09-13 15:48:22),". Первокурсников будет ждать экстраординарная процедура посвящения, после которой они гордо смогут нести звание настоящих иканамовцев. Для всего этого Алла Пугачева за не очень символическую сумму выделила трёхэтажный коттедж с красивой, прилегающей территорией на Рублево-Успенском шоссе, чтобы мы там хорошо провели время. В доме три этажа и он разделён на 3 чилл-зоны",https://vk.com/wall-130344439_3424,пост
3424,3,Post 3424 (2021-09-13 15:48:22),". В доме три этажа и он разделён на 3 чилл-зоны. Есть бассейн, сауна, бильярд, барная зона, танцпол и все такое. Пить совершенно не обязательно. Как пьющие, так и непьющие всегда смогут найти себе компанию и занятие по душе. Вас будут ждать большое количество разной еды, алкоголь, безалкоголь и многое другое",https://vk.com/wall-130344439_3424,пост
3424,4,Post 3424 (2021-09-13 15:48:22),". А теперь перейдём к основным вопросам Посвят пройдёт со 2 на 3 октября Рублевка есть рублевка, да и времена нынче тяжёлые",https://vk.com/wall-130344439_3424,пост
3424,5,Post 3424 (2021-09-13 15:48:22),", да и времена нынче тяжёлые, поэтому цена посвята в этом году составит Для первых 100 студентоввыпускников иканама цена - 3800 Для перваков до 130 человек фиксировано 3800 Для диапазона 100-130 человек цена - 4000 От 130 человек и выше для студентоввыпускников и друзей иканама - 4500 Деньги пойдут на аренду дома, стикеры, на все съестное, запивное, выпивное и на другие приколюхи",https://vk.com/wall-130344439_3424,пост
3424,6,Post 3424 (2021-09-13 15:48:22),". К сожалению в этом году аренду коттеджей везде очень сильно повысили, а брать недорогой дом, но далекий по многочисленным просьбам было нежелательно. Все траты будут абсолютно прозрачны, поэтому в любой момент времени после посвята вы сможете обратиться к организаторам и задать все необходимые вопросы по смете",https://vk.com/wall-130344439_3424,пост
3424,7,Post 3424 (2021-09-13 15:48:22),". Посвят того стоит, мы постараемся сделать все от нас зависящее, чтобы все было в ажуре. О количестве мест и нужной информации мы будем уведомлять вас в будущих постах. Скидывать деньги можно по следующим номерам телефоновкарт 79037890200 5469380121452709 Евгений Эрнестович К. сбер 79252307160 Александр Игоревич Ф",https://vk.com/wall-130344439_3424,пост
3424,8,Post 3424 (2021-09-13 15:48:22),". сбер 79252307160 Александр Игоревич Ф. сбербанк,втб 4817760203903293 PS Всех, кто будет скидывать, очень просим писать в личные сообщения о факте отправки денег и указывайте свой курс",https://vk.com/wall-130344439_3424,пост
3424,9,Post 3424 (2021-09-13 15:48:22),". Мы будем составлять списки, позтому отнеситесь к этому с понимаем, ведь мы не экстрасенсы Обращаться можно по этим ссылкам Pps От вас потребуется только присутствие и хорошие настроение, остальное на кавказском ансамбле, то бишь на нас",https://vk.com/wall-130344439_3424,пост
3424,0,Post 3424 (2021-09-13 15:48:22),"Организаторы пропили все деньги в Питере заранее, Тут отправили фото, Тут отправили фото, Тут отправили фото",https://vk.com/wall-130344439_3424,комментарий
3435,0,Post 3435 (2021-09-16 18:54:33),"Эй, ребятки, тут халява подлетела. Мы решили запустить конкурс на 2 бесплатные проходки на посвят. Все любят халяву, а на халяву, как говорится и уксус сладкий. Этот конкурс абсолютно для всех студентов эконома, так что смело принимайте в нём участие",https://vk.com/wall-130344439_3435,пост
3435,1,Post 3435 (2021-09-16 18:54:33),". В этом межкурсовом состязании будет две лиги и проходки распределятся следующим образом Одно бесплатное место будет разыграно между студентами первого курса, второе между студентами остальных курсов. В чём суть конкурса? Ваша задача будет состоять в том, чтобы придумать самый оригинальный мем про Экономможно про матан и скинуть его нам обоим в лс",https://vk.com/wall-130344439_3435,пост
3435,2,Post 3435 (2021-09-16 18:54:33),". Их уже в зависимости от лиги мы выставим на всеобщее голосование тут либо в йегерях, по результатам которого, вы сами выберете победителей. Лучшие работы мы развесим на посвяте. Конкурс начинается прямо сейчас, так что не медлите! И пусть удача всегда будет с вами",https://vk.com/wall-130344439_3435,пост
3435,0,Post 3435 (2021-09-16 18:54:33),"Все мои лучшие мемы уже в йегерях ну епта, Все мои лучшие мемы уже в йегерях ну епта, Все мои лучше мемы были в йегерях когда я студентом был ну епта, Тут отправили фото, В вышке просто оба года обучение дневное приятное дополнение в виде стипухи младшего научного сотрудника",https://vk.com/wall-130344439_3435,комментарий
3450,0,Post 3450 (2021-09-18 23:30:23),"В связи со сложившейся ситуацией хочется объяснить причины, по которым произошло повышение цены на посвят на 300 рублей, относительно прошлогоднего. Для начала необходимо сказать о прошлогодней цене, ранее оплата за аренду дома с каждого человека была 1500 рублей, что от общей стоимости в 3500 составляло 43, вся оставшаяся сумма шла на напитки, продукты и организационные моменты",https://vk.com/wall-130344439_3450,пост
3450,1,Post 3450 (2021-09-18 23:30:23),". В этом году стоимость аренды резко выросла до 2000 рублей, и при прежней цене в 3500 рублей составляла бы 57 от каждого человека, а остаток на продукты сократился бы на 500 рублей с каждого человека, что существенно сказалось бы на качестве самого мероприятия. В данной ситуации мы приняли решение о поднятии стоимости на 300 рублей, чтобы частично компенсировать увеличение арендной платы",https://vk.com/wall-130344439_3450,пост
3450,2,Post 3450 (2021-09-18 23:30:23),". Оставшуюся разницу в стоимости аренды мы покрываем образовавшимся остатком от сбора на лофт, в размере 27000 рублей, что по итогу полноценно компенсирует оставшуюся разницу в аренде дома на 130 человек. Что обуславливает повышение цены после этого количества. А пока что цена остаётся для всех 3800 рублей, для первокурсников точно не будет никаких повышений",https://vk.com/wall-130344439_3450,пост
3450,3,Post 3450 (2021-09-18 23:30:23),". Некоторые из вас пишут нам в лс, что чувствуют, что их туда зовут не как близких людей, которых просто хотят видеть, а элементарно зазывают, заманивают с целью поднять деньжат , как цыганки, которые просят озолотить ручку и хотят обмануть вас в чем-то. Мы очень хотим видеть вас, но что делать в таком случае? Отдельное спасибо за подобные слова хочется сказать группе лиц с нашего курса",https://vk.com/wall-130344439_3450,пост
3450,4,Post 3450 (2021-09-18 23:30:23),". Нежданом в жбан. Мы все понимаем, но есть другие причины не ехать на посвят, кроме этих навязчивых и заразных , как коронавирус, слов о том, что мы не поедем только, потому что - потому что искренне верим, что наши однокурcники, которые пообещали сделать офигенный посвят, хотят нас наколоть",https://vk.com/wall-130344439_3450,пост
3450,5,Post 3450 (2021-09-18 23:30:23),". Один великий человек сказал Горе не беда, все лишь суета и между пальцами вода и не верьте в этой жизни никому и никогда!. Да уж, в современных реалиях это очень хороший совет, но он также говорил, что Как же жить нам? Как же жить нам всем тогда? Но нельзя! Но нельзя же никому вокруг не верить?. Посвят на экономе - это не просто тусовка, это настоящий праздник для нашего факультета",https://vk.com/wall-130344439_3450,пост
3450,6,Post 3450 (2021-09-18 23:30:23),". Посвят - это отражение целого потока студентов, отражение людей, которые им занимаются. Каждому третьему курсу выпадает его организовывать. И мы ждали этого еще со времен поступления. Посвят мы организуем в любом случае, потому что уважаем образовавшиеся традиции. Искренне желаем удачи студентам, которые будут организовывать посвяты в будущем",https://vk.com/wall-130344439_3450,пост
3450,7,Post 3450 (2021-09-18 23:30:23),". Хотя судя по тенденциям, посвятов в том виде, в котором привыкли видеть его те, кто их вообще придумал на нашем отделении, не будет или их не будет вообще.",https://vk.com/wall-130344439_3450,пост
3450,0,Post 3450 (2021-09-18 23:30:23),"есть ощущение, что меньше ребят в относительном выражении хочет поехать на посвят не потому, что орги пидорасы это дефолт осуждаю хотят наебать тоже дефолт, а потому что посвят сам по себе оверрейтед имхо и не стоит своих денег это обращение к студентам, а не к выпускникам с зп 300кнаносек. Ну а повышение цены в 300 рубасов просто уже как повод задуматься",https://vk.com/wall-130344439_3450,комментарий
3450,1,Post 3450 (2021-09-18 23:30:23),"., Отвечаю, посвят это часть жизни!, Если бы все знали, как ахуенно прошёл посвят 2 года назад, то просто мест бы не хватало, Я учусь на экономе только ради посвятов!, Цитирование песни Мавроди не ожидал увидеть. А если серьезно, то благодарю вас за организацию столь масштабного мероприятия. Надеюсь люди одумаются и решат присоединиться к посвяту.",https://vk.com/wall-130344439_3450,комментарий
3473,0,Post 3473 (2021-09-20 16:39:34),"Айо, в этом году ребята из студактива припозднились и решили сделать капусту 1 октября. Поэтому в этот раз у нас будет не послекапустник, а докапустник! Это, пожалуй, 2 по значимости тусовка иканама, так что всем советуем там побывать. В пятницу 24 сентября в 1800-1810 мы собираемся у 4 кпп и дружно топаем на закупку сами знаете чего и по традиции идём в парк школьников",https://vk.com/wall-130344439_3473,пост
3473,1,Post 3473 (2021-09-20 16:39:34),". Московская погода уже 2 год подряд не радует, так что одеваемся потеплее и все вместе надеемся, что не будет дождя. Вас будет ждать очень атмосферный вечер, где вы сможете пообщаться со старшими курсами,однокурсниками, выпускниками, испытать себя и узнать побольше про посвящение.",https://vk.com/wall-130344439_3473,пост
3479,0,Post 3479 (2021-09-22 19:25:13),"Ребят, у вас стенка походу открытая Куплю Nike dunk low rubber x off-white bo в лс",https://vk.com/wall-130344439_3479,пост
3489,0,Post 3489 (2021-09-26 23:07:51),Завтра в 12 часов заканчивается приём работ для конкурса. Ps на посвят 70 мест уже заняты,https://vk.com/wall-130344439_3489,пост
3491,0,Post 3491 (2021-09-28 00:04:09),"Ребзя, скидываем треки, которые вы хотите услышать на посвяте в комменты",https://vk.com/wall-130344439_3491,пост
3491,0,Post 3491 (2021-09-28 00:04:09),"Тут отправили фото, Тут отправили фото, Тут отправили фото, Тут отправили фото, Тут отправили фото, Тут отправили фото, Тут отправили фото, Тут отправили фото, Тут отправили фото, Неповторимая класека, Тут отправили фото, Тут отправили фото, Тут отправили фото, Тут отправили фото, Тут отправили фото, Тут отправили фото, Тут отправили фото, Тут отправили фото",https://vk.com/wall-130344439_3491,комментарий
3491,1,Post 3491 (2021-09-28 00:04:09),", Тут отправили фото, Тут отправили фото, Тут отправили фото, Тут отправили фото, Тут отправили фото, Тут отправили фото, Тут отправили фото, Тут отправили фото, Тут отправили фото, Тут отправили фото, Тут отправили фото, Тут отправили фото, Тут отправили фото, Тут отправили фото, Тут отправили фото, Тут отправили фото, Тут отправили фото, Тут отправили фото",https://vk.com/wall-130344439_3491,комментарий
3491,2,Post 3491 (2021-09-28 00:04:09),", Тут отправили фото, Тут отправили фото, Тут отправили фото, Тут отправили фото, Тут отправили фото, Тут отправили фото, Тут отправили фото, Тут отправили фото, Тут отправили фото, Тут отправили фото, Тут отправили фото, Тут отправили фото, Тут отправили фото, Тут отправили фото, Тут отправили фото, Тут отправили фото, Тут отправили фото, Тут отправили фото",https://vk.com/wall-130344439_3491,комментарий
3491,3,Post 3491 (2021-09-28 00:04:09),", Тут отправили фото, Тут отправили фото, Тут отправили фото, Тут отправили фото, Тут отправили фото, Тут отправили фото, Тут отправили фото, Тут отправили фото, Тут отправили фото, Тут отправили фото, Тут отправили фото, Тут отправили фото, Тут отправили фото, Тут отправили фото, Тут отправили фото, Тут отправили фото, Мастхев, Тут отправили фото",https://vk.com/wall-130344439_3491,комментарий
3491,4,Post 3491 (2021-09-28 00:04:09),", Мастхев, Тут отправили фото, Тут отправили фото, Тут отправили фото, Тут отправили фото, Тут отправили фото, Тут отправили фото, Тут отправили фото, Тут отправили фото, Тут отправили фото, Тут отправили фото, Тут отправили фото, Тут отправили фото, Тут отправили фото, Тут отправили фото, Тут отправили фото",https://vk.com/wall-130344439_3491,комментарий
3544,0,Post 3544 (2021-09-28 15:26:09),"Итак, Иканамики и Иканамисты, в данном голосовании будет решаться судьба бесплатного места для первокурсников на посвят! Печально, что конкурсантов вышло ОЧЕНЬ мало, но оставить без внимания их мемы мы не имеем права. Прошу любить и жаловать! ну а также поактивнее голосовать",https://vk.com/wall-130344439_3544,пост
3546,0,Post 3546 (2021-09-28 15:33:16),"В продолжение предыдущего поста, решим судьбу бесплатного места на посвят для людей, вкусивших жизнь и испытавших все преколы эконома на себе! Тут ребятки постарались, так что будет 2 этапа, чтобы отобрать лучших!",https://vk.com/wall-130344439_3546,пост
3548,0,Post 3548 (2021-09-28 15:35:31),"ладно мемы про козко хуйня, актива на пятый накидайте, Узнаю Виталика на втором меме, палыч его 7 раз на пятибалку кинул, Тут отправили фото",https://vk.com/wall-130344439_3548,комментарий
3564,0,Post 3564 (2021-09-28 20:00:07),"Голосуй или проиграешь, Все просто голосуй за Андрея, За 3",https://vk.com/wall-130344439_3564,комментарий
3569,0,Post 3569 (2021-09-28 22:53:18),"Конкурс окончен, всем спасибо В следующий раз хотелось бы больше участников, чтобы была реальная конкуренция и борьба. Идеи для конкурсов можно написать id143922742hul1ganych",https://vk.com/wall-130344439_3569,пост
3594,0,Post 3594 (2021-10-01 10:10:52),"Как на самом деле прошёл кибертурнир ЭМИТ в этом году вранье, манипуляции и отсутствие желания брать на себя ответственность. UPD насчёт денежного вопроса. С нами связалась председатель и сообщила, что организаторы отдали за аренду 60к, вместо 30к изначальных. Случилось это из-за сотрудницы компьютерного клуба, с которой организаторы договаривались",https://vk.com/wall-130344439_3594,пост
3594,1,Post 3594 (2021-10-01 10:10:52),". Тем не менее, вопрос того, почему они договаривались не с главой и почему не внесли предоплату, чтобы такого не произошло, остаётся открытым. Кроме того, она обещала прислушаться к нашим замечаниям Многие, думаю, помнят различные негативные ситуации, связанные со студактивом, которые случались в прошлом",https://vk.com/wall-130344439_3594,пост
3594,2,Post 3594 (2021-10-01 10:10:52),". К примеру, палки в колеса прошлого турнира, который организовывался ребятами с ОЭ студпассивом. В студактиве, конечно, есть и хорошие ребята, но, к сожалению, существуют люди, которые постоянно дискредитируют его",https://vk.com/wall-130344439_3594,пост
3594,3,Post 3594 (2021-10-01 10:10:52),". Так случилось и в этом году с кибертурниром по Dota 2 и CSGO, за организацию которого отвечал ССК ЭМИТ студенческий спортивный клуб, а в частности основным организатором был Михаил Крылов. Всё, что можно было сделать плохо, они сделали. Абсолютно всё. Ещё во время турнира у нас набралось около 25 пунктов о их провалах, которые мы подробно опишем в прикрепленной статье",https://vk.com/wall-130344439_3594,пост
3594,4,Post 3594 (2021-10-01 10:10:52),". Но для тех, кто хочет сэкономить время, вот основные тезисы 1",https://vk.com/wall-130344439_3594,пост
3594,5,Post 3594 (2021-10-01 10:10:52),". Абсолютно ужасная организация правила постоянно переписывались по ходу турнира, организаторы ни за что не брали ответственность, даже сетка команд по Доте 2 порядок, по которому команды играют друг с другом изменялась прямо во время турнира",https://vk.com/wall-130344439_3594,пост
3594,6,Post 3594 (2021-10-01 10:10:52),"! Вообще, она стала известна за день до турнира, затем поменялась поздним вечером субботы, поменялась утром перед турниром и последний раз изменилась уже после нескольких сыгранных игр",https://vk.com/wall-130344439_3594,пост
3594,7,Post 3594 (2021-10-01 10:10:52),". Показывает уровень подготовки организаторов. Кроме того, они не могли рассчитать бюджет, из-за чего им не хватило денег на полный день лаундж зоны. Не смогли нормально договориться об аренде компьютеров из-за чего им пришлось платить бóльшую сумму, с их слов. Регистрация команд после её закрытия. Закрытие глаз на нарушение правил",https://vk.com/wall-130344439_3594,пост
3594,8,Post 3594 (2021-10-01 10:10:52),". Закрытие глаз на нарушение правил. Подковерные договоренности когда игроки каких-либо команд о чем-то договаривался с Михаилом, но это оставалось тайной от других команд и игроков. Подобную неподготовленность Михаил Крылов обосновал тем, что у них было ВСЕГО 10 дней на подготовку. Для справки, прошлые организаторы смогли провести отличный турнир со временем подготовки в 3 дня. 2",https://vk.com/wall-130344439_3594,пост
3594,9,Post 3594 (2021-10-01 10:10:52),". 2. Ни один из организаторов не играл в доту или ксго кроме комментатора, который напрямую организатором не являлся. Это приводило к тому, что они даже не понимали, в чём претензия игроков и не разбирались в специфике того, что организовывают. 3. Неадекватное, токсичное, агрессивное поведение организаторов. Прямые оскорбление игроков тупые дауны не могут зайти в лобби и т.п",https://vk.com/wall-130344439_3594,пост
3594,10,Post 3594 (2021-10-01 10:10:52),".п., отказ объяснять наличие подковерных договоренностей, давление на игроков с целью выбить деньги на оплату лаундж зоны и другое. P.s. однако этот пункт относится к турниру по доте, так как во время проведения турнира по ксго организаторы сохраняли адекватность со слов игроков 4",https://vk.com/wall-130344439_3594,пост
3594,11,Post 3594 (2021-10-01 10:10:52),". Произошла ситуация, при которой они решили взвалить расходы за продление аренды лаундж зоны на игроков без их согласия. То есть кто-то ни только не получил призовые, так как не смог занять призовое место, но и ещё заплатил деньги за аренду зрительской зоны, которую мог и не использовать",https://vk.com/wall-130344439_3594,пост
3594,12,Post 3594 (2021-10-01 10:10:52),". Организаторы требовали и давили, чтобы им скинули за аренду лаундж зоны все игроки, утверждая, что уведомили всех игроков утром перед турниром, хотя это не так. Кроме того, подобная информация должна быть дана и согласована с игроками заранее, а не во время проведения турнира. Подробно данную ситуацию опишем в статье. 5",https://vk.com/wall-130344439_3594,пост
3594,13,Post 3594 (2021-10-01 10:10:52),". Подробно данную ситуацию опишем в статье. 5. По нашим подсчетам, до 100 тысяч выделенных рублей могли быть потрачены неэффективно. Однако это лишь оценки и предположения, которые могут оказаться неверными, так как мы не знаем точную сумму выделенных средств, но тем не менее мы знаем примерный диапазон",https://vk.com/wall-130344439_3594,пост
3594,14,Post 3594 (2021-10-01 10:10:52),". К сожалению, организаторы отказались предоставлять какую-либо смету или хотя бы кратко рассказать на что пошли деньги, что кажется возмутительным, учитывая, что они требовали деньги с игроков за аренду лаундж зоны. Поэтому мы использовали расценки за аренду Eclipse информацию старых организаторов для сравнения. Про наши расчёты будет написано в статье",https://vk.com/wall-130344439_3594,пост
3594,15,Post 3594 (2021-10-01 10:10:52),". Про наши расчёты будет написано в статье. Мы считаем, что некоторая комиссия за организацию нужна, ибо организовать действительно хорошо непростая задача. Тем не менее, в этом году проведение турнира вряд ли можно назвать хорошим. 6. Из 5 пункта вытекает следующий организаторы максимально сэкономили средства. Они не покупали еду и напитки для игроков и зрителей. Не наняли комментатора",https://vk.com/wall-130344439_3594,пост
3594,16,Post 3594 (2021-10-01 10:10:52),". Не наняли комментатора. Не арендовали лаундж зону место для зрителей на весь день. Не заплатили за пользование Wi-Fi. Всё это было сделано в прошлом году. Кроме того, призовые уменьшились более, чем в 2 раза. Забавно, что даже партнерский редбулл, который достался им бесплатно, они забрали себе, а не раздали игрокам, как обещали",https://vk.com/wall-130344439_3594,пост
3594,17,Post 3594 (2021-10-01 10:10:52),". И самое главное неправомерное участие игроков не с ЭМИТа в команде победителей, из-за которой они смогли спокойно занять первое место, обойдя других соперников. Речь идёт про Team BOBI, в которой 2-ое участников были с ФЭСН. В статье будет подробно описана каждая ситуация и то, как повели или не повели себя организаторы.",https://vk.com/wall-130344439_3594,пост
3594,0,Post 3594 (2021-10-01 10:10:52),"Но плохим все равно окажется студпассив, Полностью переиграны и уничтожены, По моей памяти о том, как делались мероприятия, их обязывают проводить любые расчёты через бухгалтерию, пост-оплатой. В таких условиях украсть физически невозможно, это в прошлом году давали деньги на организацию наличкой, а сейчас я сомневаюсь, что так же было",https://vk.com/wall-130344439_3594,комментарий
3594,1,Post 3594 (2021-10-01 10:10:52),"., по поводу правила с количеством людей в комнате когда играла наша команда, в комнате был народ, который просто смотрел, никого не выгоняли и все было ок но когда я осталась с ещё одной девушкой в комнате, во время игры другой команды, орг на нас накричал и выгнал, Блин, так прикольно Помню в том году было столько угроз о том, какой классный турнир они проведут в следующий раз",https://vk.com/wall-130344439_3594,комментарий
3594,2,Post 3594 (2021-10-01 10:10:52),", В этом году у них вообще проблемы с финансированием были",https://vk.com/wall-130344439_3594,комментарий
3594,3,Post 3594 (2021-10-01 10:10:52),". Как сказали организаторы, большая часть бюджета состояла из денег самих организаторов., Ребята не стоит вскрывать эту тему",https://vk.com/wall-130344439_3594,комментарий
3594,4,Post 3594 (2021-10-01 10:10:52),"., Ребята не стоит вскрывать эту тему. Вы молодые, шутливые В тот раз нам дали вообще миллиард рублей наличкой, 100к евро в облигациях казначейства США, чемодан дорожных чеков и мешок сапфиров, и все в чёрную! Денег было до жопы, карманы ломились! Никакого контроля, никакой отчетности, а сейчас у каждого брата по хате, столько денег что не нужно пахать нам",https://vk.com/wall-130344439_3594,комментарий
3594,5,Post 3594 (2021-10-01 10:10:52),". Ну купили мы 100 энергетиков, и че дальше, это те, которые мы только раздали! Остальные мы продали ребятам, которые бесплатно их дали на нынешний турнир",https://vk.com/wall-130344439_3594,комментарий
3594,6,Post 3594 (2021-10-01 10:10:52),". А сейчас действительно организаторам выдали всего лишь 50 000 рублей, сверху по рукам били за лишнюю копейку, лично узнавал по каналам связи, поэтому и пришлось ужиматься, а токсик организаторы? Вы попробуйте быть спокойными, когда у вас всего 50к, Жесть щас бы на дотеров бюджет выделять..",https://vk.com/wall-130344439_3594,комментарий
3594,7,Post 3594 (2021-10-01 10:10:52),"., Прочёл, стало грустно, расследование огонь, орги матчей не огонь, Хотите сказать, вы бы сыграли лучше, будь те двое участников не из ФЭСН, а с ЭМИТ?, Опытный тренер",https://vk.com/wall-130344439_3594,комментарий
3666,0,Post 3666 (2021-10-02 00:15:57),"ЧТОЖ, ЭТОТ ДЕНЬ НАСТАЛ Уже меньше, чем через 18 часов произойдёт то, чего мы с вами так долго ждали! Самая важная для всех информация на данный момент - адрес дома и варианты пути до него",https://vk.com/wall-130344439_3666,пост
3666,1,Post 3666 (2021-10-02 00:15:57),". Адрес дома Россия, Московская область, Одинцовский городской округ, деревня Солослово, территория ГП-1, 13 Первый путь Вам предстоит добраться до станции метро Молодёжная, от неё отходит маршрутка 536, на которой необходимо следовать до остановки Берёзки. От неё идти 8 минут до дома",https://vk.com/wall-130344439_3666,пост
3666,2,Post 3666 (2021-10-02 00:15:57),". От неё идти 8 минут до дома. Второй путь За Авеню есть остановка, от которой отходит автобус 461 в направлении Администрация до остановки улица Неделина, на ней нужно пересесть на 81 автобус и выйти на остановке Берёзки.",https://vk.com/wall-130344439_3666,пост
3673,0,Post 3673 (2021-10-03 14:20:52),"Рубикон 2к19 года пройден. До посвята 365 дней и осознавать это, пожалуй, самое грустное. Студ-тусовочный месяц подошёл к концу и от лица всех организаторов, хочу пожелать всем успехов в учебе, легких вариантов на кр, поменьше париться и удачи. Всем кто пришёл, помогал, отдыхал и просто был на этом празднике жизни огромное спасибо",https://vk.com/wall-130344439_3673,пост
3673,1,Post 3673 (2021-10-03 14:20:52),". Ребята, вы самые лучшие и самые душевные Все прошло даже лучше чем мы ожидали. Минусы безусловно были, но идеально провести такое масштабное мероприятие очень трудно, мы сделали все что было в наших силах. Независимая аудиторская экспертиза выявила некоторые нарушения со стороны некоторых людей, а именно какого-то неизвестного человека с первого курса, который представился Даней",https://vk.com/wall-130344439_3673,пост
3673,2,Post 3673 (2021-10-03 14:20:52),". К сожалению точно имя мы назвать не можем Учитывая факт, что на посвяте был Иисус, вспомнить кто это был мы уже не в силах. Этот некий разломал гнома у ворот, расфигачил стены, душевую и украл все дверные ручки. Будьте бдительны, берегите себя и своих близких.",https://vk.com/wall-130344439_3673,пост
3673,0,Post 3673 (2021-10-03 14:20:52),"Тут отправили фото, Тут отправили фото, Поймать бы этого Даню, Кто скоммуниздил мой пиджак из манго верните пожалуйста он у меня один, Эх, реально берегите себя ребята, а то можете заболеть и пропустить следующий посвят, как я этот А так, кто нибудь отличился на этом посвяте?, У кого чужое чёрное пальто, верните плиз без пальто холодно нынче",https://vk.com/wall-130344439_3673,комментарий
3687,0,Post 3687 (2021-10-03 19:14:38),"Пацаны, в этом году распил посвята произошёл в диаметрально противоположную сторону",https://vk.com/wall-130344439_3687,пост
3687,0,Post 3687 (2021-10-03 19:14:38),"Тут отправили фото, Тут отправили фото, А что такое малые формы, Тут отправили фото, Тут отправили фото, Гг, Тут отправили фото, Надеюсь, вы там поторговаться планируете? Цены на все завышены минимум вдвое, В моё время такого не было, попахивает наебаловом, Есть варик послать нахуй наглую жидовскую морду",https://vk.com/wall-130344439_3687,комментарий
3687,1,Post 3687 (2021-10-03 19:14:38),"?, Слушай, а ловко ты это придумал, я даже сразу и не понял, Двери настолько плохие, что я застрял в туалете, оставшись с этой ручкой в руках, Все на Никольскую",https://vk.com/wall-130344439_3687,комментарий
3710,0,Post 3710 (2021-10-04 12:52:05),"НайдиМеня Нашёл очки чьи-то на посвяте. По опыту знаю, что вещь не из дешёвых и терять их неприятно если кто-то их опознает - пишите",https://vk.com/wall-130344439_3710,пост
3710,0,Post 3710 (2021-10-04 12:52:05),"Сочувствую, дима, Ещё такие. В деканате лежат, Если никто не заберёт можно мне забрать",https://vk.com/wall-130344439_3710,комментарий
3724,0,Post 3724 (2021-10-05 14:43:05),"Важное сообщение! Как мы все помним, бесславной жертвой Посвята 2021 стал проходивший по своим делам и никому доселе не известный гном. Криминалисты потеряли дар речи, когда увидели что с ним стало а прошлая хозяйка оставила его на произвол судьбы - израненного и умирающего. Однако. С Гномиком всё хорошо! Врачи собрали его в прям смысле по кускам и вытащили с того света",https://vk.com/wall-130344439_3724,пост
3724,1,Post 3724 (2021-10-05 14:43:05),". На данный момент он введён в искусственную кому, дабы состояние стабилизировалось. Нами было принято решение забрать его в семью Иканама. Знакомьтесь, это Валера - Символ Посвящения 2021 и новый друг каждого иконамовца.",https://vk.com/wall-130344439_3724,пост
3724,0,Post 3724 (2021-10-05 14:43:05),"gnomlivesmatter, gnomlivesmatter, gnomlivesmatter, gnomlivesmatter, Хозяйка сильна, но семья Иканама сильнее, gnomlivesmatter, Он поедет на следующий посвят, там его опять разъебут, потом склеют, потом он снова поедет на посвят, его там опять разъебут, потом опять склеют, потом он снова .",https://vk.com/wall-130344439_3724,комментарий
3733,0,Post 3733 (2021-10-05 19:21:09),"87 рублей для Валеры. Вся наша жизнь состоит из мелочей. Слышали о мелочах, что спасают жизнь? Испачкал рубашку, из-за чего опоздал на самолёт, итог не попал в авиакатастрофу. Мелочь, но стоит целой жизни. Так и 87 рублей в жизни Валеры. Мелочь, на первый взгляд, но если знать, как это работает, даже эта сумма может спасти Валеры от ужасной участи",https://vk.com/wall-130344439_3733,пост
3733,1,Post 3733 (2021-10-05 19:21:09),". Жизнь гнома - это уже не мелочь, правда? Чтобы подарить Валере здоровую и полноценную жизнь, необходимо полностью восстановить конечности, вставить титановые импланты позвонков заместо тех, что в прах разнесли негодяи, а также предотвратить дальнейшие осложнения. Проводить столь сложные операции согласилась только лишь одна частная клиника Москвы! Стоимость такой операции 2600 рублей",https://vk.com/wall-130344439_3733,пост
3733,2,Post 3733 (2021-10-05 19:21:09),". Нам осталось собрать 2338 рублей. Помочь гному очень просто если ещё 27 человек переведут 87 рублей, Валера будет жить. Мы умоляем каждого прислушаться к своему сердцу, не проходите мимо. Мы очень надеемся на Вашу помощь! Ведь чтобы УспетьСпастиВалеру у нас осталось менее 5 дней! . . . Сбербанк 2202 2019 7851 9631 получатель - Самир Ахсанович А. Тинькофф - 79225430957 Получатель - Антон Щ",https://vk.com/wall-130344439_3733,пост
3733,3,Post 3733 (2021-10-05 19:21:09),". Тинькофф - 79225430957 Получатель - Антон Щ. 79037890200 5469380121452709 Евгений Эрнестович К. сбер 79252307160 Александр Игоревич Ф. сбербанк,втб 4817760203903293 БФ СТУДПАССИВНАВЕКА Пожертвование на номер 79037890200 со словами gnomlivesmatter2021 333 где сумма пожертвования 333р",https://vk.com/wall-130344439_3733,пост
3733,4,Post 3733 (2021-10-05 19:21:09),. валерааживи gnomlivesmatter рубль мелочь жизнь помогиспастижизнь нужнапомощь помощь нужнапомощьгному гном хозяйкачерт студпассив доброедело спасениежизни спасатели спасатель спасательныйкруг цитатыпрокозко жизньбезкапустника жизньвобщаге посвят иканамэтосемья жизньвкайф,https://vk.com/wall-130344439_3733,пост
3733,0,Post 3733 (2021-10-05 19:21:09),"ВалераLivesMatter, Тут отправили фото, За валеру с процентами, Это походу стиль жизни такой Что на посвяте спасали Валеру, что после, В такие моменты, когда люди объединяются ради благой цели, я начинаю верить в человечество., Тут отправили фото, В душе не шарю, кто этот ваш Посвят, но гномолюцию поддержу",https://vk.com/wall-130344439_3733,комментарий
3737,0,Post 3737 (2021-10-05 19:44:53),"Дабы урегулировать вопросы и недопонимание ситуации, я всё объясню. Деньги идут на покупку Валеры, для использования его в различных иканамовских мероприятиях. Также есть вариант, на время между тусовками, поставить его в деканат, где с нашим дорогим талисманом ничего не случится. Те, кто не хочет принимать в этом сборе участия, но по непониманию уже скинул деньги - пишите, будет сделан возврат.",https://vk.com/wall-130344439_3737,пост
3737,0,Post 3737 (2021-10-05 19:44:53),"я думал вы рили разбитого склеить собираетесь, Просто решили распилить 130 бонусов из хоффа",https://vk.com/wall-130344439_3737,комментарий
3752,0,Post 3752 (2021-10-06 14:09:19),Кто-то забыл очки в деканате в пятницу. Сейчас они там и лежат.,https://vk.com/wall-130344439_3752,пост
3753,0,Post 3753 (2021-10-06 19:00:34),"Ребята, поступило предложение от деканата устроить какое-либо мероприятие для студентов всех курсов отделения экономики за счёт администрации. К примеру было предложено организовать какую-нибудь экскурсию. Третьяковская галерея, какие-нибудь другие интересные места предлагайте!. Кроме того, как вы знаете, в этом и прошлом году был организован кибертурнир",https://vk.com/wall-130344439_3753,пост
3753,1,Post 3753 (2021-10-06 19:00:34),". Можно устроить что-нибудь подобное Так же один из студентов предложил забронировать аудиторию для трансляции интернешела по доте, другой предложил приобрести билеты на какое-нибудь мероприятие по data science. Была идея провести хакатон, например, по машинному обучению",https://vk.com/wall-130344439_3753,пост
3753,2,Post 3753 (2021-10-06 19:00:34),". Кроме того, можно пригласить какого-нибудь интересного спикера К чему это всё предлагайте ваши идеи в комментариях! Заодно проголосуйте в опросе насчёт экскурсий",https://vk.com/wall-130344439_3753,пост
3753,0,Post 3753 (2021-10-06 19:00:34),"Можно организовать что-то в плане посещения театра или балета Если будут желающие, Билеты на датасаенс? Это типа проходка на курсы АнАтОлИя КаРп0вА?, А можно организовать бар за счет деканата?, короче, учился на первом курсе, поехали на экскурсию в Переяславль-Залесский ЩИТО? двумя курсами тогда потоки были маленькими, поэтому помещались в один экскурсионный все желающие",https://vk.com/wall-130344439_3753,комментарий
3753,1,Post 3753 (2021-10-06 19:00:34),". Даже не смотря на сомнительное место, было очень круто, т.к. мы бухали всем автобусом. Ну и камень с фонтаном в Переяславле-Залесском пиздатый. Короче, крутая тема, если организовать с вывозом.",https://vk.com/wall-130344439_3753,комментарий
3769,0,Post 3769 (2021-10-08 00:15:56),"Тот, кто поставит на аву фотку с воронкой, - мой герой",https://vk.com/wall-130344439_3769,пост
3769,0,Post 3769 (2021-10-08 00:15:56),"Лучшие, Не вижу фоток гнома. Дизлайк. За что 25к отдали, Фото с воронкой, Ни одной фотки бармена. Дизлайк, Тут отправили фото",https://vk.com/wall-130344439_3769,комментарий
3786,0,Post 3786 (2021-11-21 19:20:45),"WINTER IS COMING Дамы и господа, говорит Капитан корабля Тусовки Иканама 2022. Температура за бортом опустилась ниже нуля, собянинскую плитку девственно-нежно окропил первый нерешительный снег, а пигидий первокурсников сжался в ожидании первой сессии - всё это вместе означает только одно - приближается зима",https://vk.com/wall-130344439_3786,пост
3786,1,Post 3786 (2021-11-21 19:20:45),". Пока лохи из ВШЭ сидят на дистанте, мы - бравые студенты государственного вуза, грудью ляжем на амбразуру ковидных ограничений, но не дадим отнять самого дорогого, родного и милого сердцу. Ты спросишь Эй, Иканамовец, что ты хотел этим сказать? Неужели случится то самое? То, чего прошлогодние первокурсники были лишены? На что я с радостью в глазах и гордостью в душе отвечу - Да",https://vk.com/wall-130344439_3786,пост
3786,2,Post 3786 (2021-11-21 19:20:45),". Да, да, да, дорогой друг, это была не опечатка. Торжественно объявляю, Новогоднему лофту - быть! Ниже запускаю опрос и прошу проголосовать каждого! Всем пис организаторам шоколадки P.S. Середина декабря üh",https://vk.com/wall-130344439_3786,пост
3786,0,Post 3786 (2021-11-21 19:20:45),"Хоть перевод в опросе написал, а то какой-то жумайсынба, Тут отправили фото",https://vk.com/wall-130344439_3786,комментарий
3804,0,Post 3804 (2021-11-26 20:56:32),"!ИЗМЕНЕНИЕ ДАТЫ! Хэй, дружище! Добрейшего тебе времени суток! На связи Гном Валера. Ты наверное уже позабыл обо мне, но я с теплотой вспоминаю нашу первую встречу. Как такое можно забыть? Это был лучший день в моей жизни! Правда после, я ничего не помню. Но не будем о плохом, ведь я уже иду на поправку",https://vk.com/wall-130344439_3804,пост
3804,1,Post 3804 (2021-11-26 20:56:32),". Но не будем о плохом, ведь я уже иду на поправку. А что самое главное, планирую посетить наикрутейшее мероприятие, завершающее сезон тусовок 2021. Мои друзья уже подготовили всё необходимое, чтобы красиво завершить этот год. И скажу по секрету - будет потрясающе! Вы, дорогие друзья, в отличие от меня, прекрасно понимаете значимость такого события, а потому, передаю слово организаторам",https://vk.com/wall-130344439_3804,пост
3804,2,Post 3804 (2021-11-26 20:56:32),". Иконамовцы! Подлетела информация о нашей предстоящей предновогодней встрече. Наш с вами Лофт состоится с 17 на 18 декабря с пятницы на субботу с 1900-0100 по адресу Денисовский пер д 30 стр 1. м. Бауманская Рядом с ним есть Пятёрочка, Магнолия, КБ, так что проблем со спиртным не возникнет",https://vk.com/wall-130344439_3804,пост
3804,3,Post 3804 (2021-11-26 20:56:32),". До 13 декабря включительно стоимость будет составлять 900 рублей, после стоимость будет составлять 1200 рублей. Деньги пойдут на аренду помещения помещения, алкогольные и безалкогольные напитки, некоторую посуду и всякие вкусности. Скидывать деньги по следующему номеру телефонакарты. Номер телефона СбербанкТинькофф - 79225430957 - Антон Щ",https://vk.com/wall-130344439_3804,пост
3804,4,Post 3804 (2021-11-26 20:56:32),". Сбербанк карта - 5469 4600 1179 6942 - Антон Дмитриевич Щ. Тинькофф карта - 5536 9139 2880 5692 - Антон Щ. При отправке денег, просьба писать в сообщении Фамилию, Имя и Курс. Либо скринчек присылать в личные сообщения. Обращаться можно по этим ссылкам В лофте отсутсвует пробковый сбор, так что все, кто хочет пригубить, приходим со своим алкоголем",https://vk.com/wall-130344439_3804,пост
3804,0,Post 3804 (2021-11-26 20:56:32),"Хули так дорого, бля, Ну хотя бы алкогольные напитки в потенциальных тратах появились, не зря 200 рублей сверху накинули, Тут отправили фото",https://vk.com/wall-130344439_3804,комментарий
3814,0,Post 3814 (2021-12-02 16:23:09),"Всем привет Ищем людей, кому интересно - пишите в лс, зареферю, тест вакансии ниже TLDR знаете питон, sql, статистику иили базово разбираетесь в ml - стоит откликнуться Всем привет, в последний день осени решил попробовать снова поискать DSDEMLE в компанию X5. Уровень - от джуна до сениоратимлида 180-550 гросс 20-40 годовой премии",https://vk.com/wall-130344439_3814,пост
3814,1,Post 3814 (2021-12-02 16:23:09),. Чтобы было интереснее набросал калькулятор как можно понять подходите ли вы и сколько можно просить денег Вы человек и умеете писать программы на Питоне чтобы они запускалась - база 80 гросс,https://vk.com/wall-130344439_3814,пост
3814,2,Post 3814 (2021-12-02 16:23:09),". К сожалению, без этого точно не возьмём Знаете почему использование классов - это хорошо, зачем нужна типизация, докстринги, конфиги, почему не надо писать программы со сложностью On2 и подобное - 30 Прошлый пункт, а так же почему использование классов - это плохо, как писать код чтобы докстринги были не нужны, как выбрать между тредами и асинком, как и зачем делать хартбиты в сервисах",https://vk.com/wall-130344439_3814,пост
3814,3,Post 3814 (2021-12-02 16:23:09),", как и зачем делать хартбиты в сервисах, зачем нужны стейдж, тест, препрод и прод, как выбирать шины обмена данными и прочее такого же уровня - ещё 40 Знаете чем трейн отличается от теста, почему на timeseries данных нужна timesplit валидация, чем дерево в ds отличается от дерева в парке и почему надо сразу делать бустингdlrmbertsenet154 для максимального качества - 30 Прошлый пункт",https://vk.com/wall-130344439_3814,пост
3814,4,Post 3814 (2021-12-02 16:23:09),", а так же почему на timeseries данных не нужна timesplit валидация, как строить сезонность, почему не надо сразу использовать сложные модели, как объяснить эффект отдельной фичи, какие гиперпараметры в моделях самые важные и похожее - 30 Прошлый пункт, а так же умеете строить модели",https://vk.com/wall-130344439_3814,пост
3814,5,Post 3814 (2021-12-02 16:23:09),", а так же умеете строить модели, метрики которых сильно коррелируют с прибылью - 40 Знаете что такое hdfsyarndockerk8sairflow и представляете как они работают - 20 Умеете работать с hdfsyarndockerk8sairflow - 30 Можете по желанию сломать hdfsyarndockerk8sairflow - 50 Знаете как расшифровывается SQL и чем select отличается от from - 20 Умеете писать запросывьюшки к БД с группировками",https://vk.com/wall-130344439_3814,пост
3814,6,Post 3814 (2021-12-02 16:23:09),", фильтрациями и оконными функциями, при этом получаются нужные данные - 30 Сходу набрасываете пайплайн на спарке с оптимальными шафлами, партицированием с размером партиции всегда 128Mb, без нагрузки на неймноду, rps к дискам меньше 1, и он работает для табличек от 1Mb до 10Tb - 100 Пьёте кофе в офисе с коллегами и жалуетесь на жизнь - 10 Можете написать в CICD python main",https://vk.com/wall-130344439_3814,пост
3814,7,Post 3814 (2021-12-02 16:23:09),".py и после этого контейнер будет работать - 20 В вашем CICD переменных больше чем во всём остальном проекте, при этом код выполнения единый для dev, test, preprod, prod - 30 По морганию индикаторов подов в k8s можете диагностировать причину падения контейнеров - сеть, oom, поломанная нода, ошибка в коде и прочее - 50 Можете лидить команду 3-10 человек - 20 Прошлый пункт",https://vk.com/wall-130344439_3814,пост
3814,8,Post 3814 (2021-12-02 16:23:09),", при этом команда не жалуется и не разбегается после премии - 50 Проходили курс по матстату или прочитали книгу Статистика и котики и можете её пересказать так чтобы другие поняли - 20 При анализе самостоятельно сможете найти аномалии в данных или подобрать оптимальные ковариаты при АБ тесте - 40 TLDR - ищем DSDEMLE с разными скиллами, норм джуны подойдут",https://vk.com/wall-130344439_3814,пост
3814,9,Post 3814 (2021-12-02 16:23:09),", норм джуны подойдут, научим Задач много разной сложности - от уровня story проект стартует, делаем прототипы, тыкаем данные до hardcore продукты, близкие к проду вроде Спроса или фичестора, баг в коде даёт -1 млн руб",https://vk.com/wall-130344439_3814,пост
3814,10,Post 3814 (2021-12-02 16:23:09),". к товарообороту. Если человек норм работает, то зп повышаем по статистике раз в год-полтора. Подбор происходит так - первый собес с 2 задачками на Питон и мб SQL, рассказ про себя второй - техническое интервью, дальше - с командами Можно частично или полностью работать удалённо. Есть корпоративное обучение несколько курсов внутри компании, можно попросить ещё что-то для себя",https://vk.com/wall-130344439_3814,пост
3814,11,Post 3814 (2021-12-02 16:23:09),". Можем подождать переезда из другого города или пока не выплатят годовой бонус Офис - Москва, метро Парк Культуры, ул. Тимура Фрунзе 11с33 Вопросы можно мне писать сюда, но лучше в Телеграмм. Если не ответил, то ещё раз, пока я не подтвердил что увидел. P.S. нужен ещё сениор или лид DQ, прошлый накопил денег и открыл своё дело т.к. платят больше чем во многих местах",https://vk.com/wall-130344439_3814,пост
3814,0,Post 3814 (2021-12-02 16:23:09),"Также ищем стажеров, если кто боится что по джуновским требованиям немного не дотягивает от 20 часов в неделю, можно удаленно, Ну шо, come back to x5?, У России три пути, со сразу берт провизжал в голос, почему надо сразу делать берт 30 почему не надо сразу использовать сложные модели. 40",https://vk.com/wall-130344439_3814,комментарий
3837,0,Post 3837 (2021-12-05 16:35:00),"Всем привет Рады сообщить, что 10 декабря в РАНХиГС прежде всего для студентов ОЭ, но не только пройдет эксклюзивное мероприятие от Школы финансов. Исполнительный директор Goldman Sachs расскажет, как правильно начать успешную карьеру в финансах",https://vk.com/wall-130344439_3837,пост
3837,1,Post 3837 (2021-12-05 16:35:00),". Школа финансов это ведущий образовательный проект, который помогает студентам экономических и финансовых факультетов структурировать теоретические знания и показывает как их применять на практике и при подготовке к собеседованиям в компании. Спикерами Школы финансов являются действующие специалисты Goldman Sachs, Morgan Stanley, J.P. Morgan,Sber, VTB Capital и многие др",https://vk.com/wall-130344439_3837,пост
3837,3,Post 3837 (2021-12-05 16:35:00),"? Обзор программ Школы финансов Карьерный мастер-класс How to Start Your Career in Finance Спикер Руслан Ахмедзянов, Executive Director, Goldman Sachs Когда 10 декабря 1900-2100 Где Платформа видеоконференций Zoom Переходи по ссылке и регистрируйся После регистрации тебе на почту будут направлены детали для подключения в Zoom, а также полезная памятка с вопросами для подготовки к собеседованиям",https://vk.com/wall-130344439_3837,пост
3837,4,Post 3837 (2021-12-05 16:35:00),"! Не упусти свой шанс узнать интересующую информацию об инвестиционно-банковском сообществе от профессионалов финансового сектора! Кроме того, ежегодно в Школе финансов проходит набор на годовую бесплатную программу В наборе на программу 202122 приняли участие более 1300 студентов, отбор состоял из 3-х этапов тестирование и 2-х туров интервью",https://vk.com/wall-130344439_3837,пост
3837,5,Post 3837 (2021-12-05 16:35:00),. Не упусти возможность проверить свой уровень знаний в отборе на программу 202223 Все необходимые материалы для подготовки к поступлению можно посмотреть по ссылке,https://vk.com/wall-130344439_3837,пост
3838,0,Post 3838 (2021-12-08 21:25:52),"Москву завалило снегом, а значит пора готовиться к Новогодним праздникам. Сегодня открывается регистрация на Тайного Санту Иканама 2021-2022! Немного о правилах Тайный Санта это, по сути, обмен подарками между самыми близкими людьми иканамовцами",https://vk.com/wall-130344439_3838,пост
3838,1,Post 3838 (2021-12-08 21:25:52),". Чтобы участвовать, нужно заполнить анкету ниже и максимально описать свои предпочтения, чтобы подарок точно тебе понравился! Долго не думай, ведь регистрация закончится уже 12 декабря! Верхнего предела щедрости для Санты быть не может, но постарайтесь не огорчить своего подопечного, поэтому нижняя граница для подарка 600-800 рублей",https://vk.com/wall-130344439_3838,пост
3838,2,Post 3838 (2021-12-08 21:25:52),". Затем 13 декабря ты получишь письмо от человека, КОТОРОМУ ты будешь выбирать подарок да-да, придется еще и стараться, чтобы получить сюрприз",https://vk.com/wall-130344439_3838,пост
3838,3,Post 3838 (2021-12-08 21:25:52),". А также его номер, но никому его не сообщай! 25-го декабря с 1200 до 1800 приноси подготовленный подарок и смело забирай свой подарок Заполняй анкету для участия Обязательно постарайся над подарками, порадуй человечка своим вниманием",https://vk.com/wall-130344439_3838,пост
3838,4,Post 3838 (2021-12-08 21:25:52),"! Если ты уезжаешь раньше, но тоже хочешь поучаствовать - не проблема, ты сможешь оставить свой подарок у id505639158Деда мороза и id110744184Снегурочки , которые потом передадут подарок по назначению, пишите им, если возникнут другие вопросы",https://vk.com/wall-130344439_3838,пост
3839,0,Post 3839 (2021-12-11 00:34:33),"!ВАЖЛИВА IНФОРМАЦIЯ! Здравствуйте, Друзья мои, как поживаете? Вы присылали моим организаторам сообщения около недели назад, в которых запрашивалась информация о небольших акциях, которые потенциально сильно вырастут? С небольшим риском. Припоминаете? Хорошо, отлично",https://vk.com/wall-130344439_3839,пост
3839,1,Post 3839 (2021-12-11 00:34:33),". Припоминаете? Хорошо, отлично. Итак, причина моего сегодняшнего поста, Друзья, это Просто кое-что у меня в планах, Друзья, это просто лучшая вещь, которую я мог себе представить за последние 6 месяцев",https://vk.com/wall-130344439_3839,пост
3839,2,Post 3839 (2021-12-11 00:34:33),". Если у вас есть 60 секунд, я бы хотел поделиться с вами идеей, так найдётся минутка? Имя компании LOFT CORPORATION, это перспективная фирма, занимающаяся организацией мероприятий для Иканама, на площадках Москвы. Ожидающая неизбежного утверждения на пути нового типа мероприятий, имеющих два преимущества качество проведения и увлекательность",https://vk.com/wall-130344439_3839,пост
3839,3,Post 3839 (2021-12-11 00:34:33),". Сейчас, прямо сейчас, Друзья, продажа акций - 900 рублей за штуку. И к слову, Друзья, наши исследования указывают на то, что они могут подняться гораздо выше, чем сейчас. Ваша прибыль от вложения этих 900 рублей, может быть невероятной, будь то просто хорошее настроение или же порция кринжа на конкурсах",https://vk.com/wall-130344439_3839,пост
3839,4,Post 3839 (2021-12-11 00:34:33),". Друзья, одну вещь я могу вам пообещать даже в этот сложный новогодний период, я никогда не просил своих клиентов судить меня по моим успехам, я просил их судить меня по моим неудачам, ведь их было так мало. И в случае с LOFT CORPORATION основываясь на каждом техническом факторе, мы ищем абсолютно успешные варианты. Эй, Друзья, спасибо за оказанное доверие. И добро пожаловать в LOFT CORPORATION!",https://vk.com/wall-130344439_3839,пост
3839,5,Post 3839 (2021-12-11 00:34:33),". И добро пожаловать в LOFT CORPORATION! . . . . А для дочитавших текст до конца, информация Ровно через 72 часа 14.12 в 0020 произойдет повышение цены с 900 рублей до 442 Гривен 1200 рублей Скидывать деньги по следующему номеру телефонакарты. Номер телефона СбербанкТинькофф - 79225430957 - Антон Щ. Сбербанк карта - 5469 4600 1179 6942 - Антон Дмитриевич Щ",https://vk.com/wall-130344439_3839,пост
3839,6,Post 3839 (2021-12-11 00:34:33),". Тинькофф карта - 5536 9139 2880 5692 - Антон Щ. При отправке денег, просьба писать в сообщении Фамилию, Имя и Курс. Либо скринчек присылать в личные сообщения. Обращаться по интересующим вас вопросам можно по этим ссылкам",https://vk.com/wall-130344439_3839,пост
3839,0,Post 3839 (2021-12-11 00:34:33),"А я слышал, что в этой корпорации проблемы с коррупцией. Руководство по заветам основателя Макава обманывать малых дольщиков",https://vk.com/wall-130344439_3839,комментарий
3845,0,Post 3845 (2021-12-12 23:41:42),"До повышения цен на участие в наступательной операции остается чуть больше 24-х часов, в 0020 14 ноября цена составит 1200 рублей. Реквизиты находятся в предыдущем посте, а с детальным планом зимней спец операции можно ознакомится здесь.",https://vk.com/wall-130344439_3845,пост
3847,0,Post 3847 (2021-12-13 23:30:34),Меньше часа осталось до повышения цены с 900 рублей до 1200. Сбор средств заканчивается 16го числа в 2200. Всем хорошей и продуктивной недели!,https://vk.com/wall-130344439_3847,пост
3851,0,Post 3851 (2021-12-17 15:00:09),"Хоу! хоу! хоу! LOFT CORP на связи Пришло время рассказать вам, дорогие друзья, как же добраться до заветного, желанного, новогоднего лофта похожего на локации Бикини Боттом по мнению господина М.М.. Итак, лофт находит по адресу - Гарднеровский пер., 3, стр. 4, 105005 этаж 2. Дабы не вводить каждый раз адрес, достаточно вбить в картах Ёжик в тумане и вы точно придёте в нужное место",https://vk.com/wall-130344439_3851,пост
3851,1,Post 3851 (2021-12-17 15:00:09),". В шаговой доступности находятся магазины КБ и Пятёрочка, так что без алкоголя остаться не получится. Добраться можно двумя способами Первый - тупо дойти пешком по картам дорога занимает около 10ти минут Второй - при выходе из метро вы увидите трамвайную остановку, там нужно будет сесть на 45й трамвай и доехать до остановки Денисовский переулок, таким образом дорога займёт около шести минут",https://vk.com/wall-130344439_3851,пост
3851,2,Post 3851 (2021-12-17 15:00:09),". Начинаем в 1900 Если вы потеряетесь или же возникнут вопросы, то пишите сюда id182740235Андрей Стеблянко id181740380Антон Щербинин",https://vk.com/wall-130344439_3851,пост
3856,0,Post 3856 (2021-12-18 18:42:45),"Эй, потеряшки! Пожалуйста, напишите в комментариях, кто и что забыл в лофте желательно с указанием места. Мы это попытаемся вернуть.",https://vk.com/wall-130344439_3856,пост
3856,0,Post 3856 (2021-12-18 18:42:45),"потерялись любимые очкинайдитесь, пожалуйста, Найдитесь, Нашлось рядом с вигвамом",https://vk.com/wall-130344439_3856,комментарий
3860,0,Post 3860 (2021-12-18 19:36:47),"У меня для вас фотки с зимнего лофта! Спасибо всем, кто принимал участие! Чтобы скачать фотку, нажимайте скачать или загрузить оригинал и затем сохранить",https://vk.com/wall-130344439_3860,пост
3871,0,Post 3871 (2022-01-16 23:16:24),"Британские ученые доказали, что те кто пишет НИР в среднем при прочих равных намного счастливее тех, кто не пишет. Если хочешь быть счастливым, смотри обзор Абрамова Где брать статьи? и пиши нир. Прямо сейчас.",https://vk.com/wall-130344439_3871,пост
3874,0,Post 3874 (2022-02-16 22:56:57),"Всем привет! Ребята, лучшему другу нужна помощь по метрике ASAP требуется пару созвонов в зуме. Конечно за плату Напишите, плиз, в личку",https://vk.com/wall-130344439_3874,пост
3875,0,Post 3875 (2022-02-17 16:53:01),"Привет! Ищем младшего аналитика в Яндекс.Такси. Работа очень интересная я уже 2 года в команде и каждый раз узнаю кучу нового! Я занимаюсь алгоритмами матчинга заказов когда два пассажира в одной машине едут какой должен быть алгоритм матчинга, какую скидку дать пользователю на заказ с попутчиком, когда тариф с попутчиком давать не нужно",https://vk.com/wall-130344439_3875,пост
3875,1,Post 3875 (2022-02-17 16:53:01),". Ищем аналитиков, которые усилят нашу команду! Очень быстрая разработка, можно буквально за день нагенерить идей, проверить их, и попросить закодить! ЗП 100-150 gross 40 часов в неделю Работаем в офисе можно договориться на 4 дня офис, 1 дома Подробное описание вакансии приложила. По вопросам можно в лс, резюме тоже в лс",https://vk.com/wall-130344439_3875,пост
3876,0,Post 3876 (2022-03-01 11:54:08),"Всем привет! Стартовал набор в школу аналитиков X5, подробная информация находится тут P. S. Ходят слухи, что во время обучения есть возможность получить работу я закончил эту школу",https://vk.com/wall-130344439_3876,пост
3879,0,Post 3879 (2022-03-22 21:21:50),"белый шум на старом телевизоре Проверка связи. Раз. Раз. Как слышно? Нормально? Отлично. Доброго времени суток, Друзья! Давненько мы с вами на связь не выходили Надеюсь вы уже успели соскучиться и набраться сил для следующей долгожданной встречи. Так как ситуация в стране, из-за всем известных событий, не очень стабильная и благоприятная, возникли некоторые трудности с реализацией плана",https://vk.com/wall-130344439_3879,пост
3879,1,Post 3879 (2022-03-22 21:21:50),". Из-за этого совсем чуть-чуть упал моральный дух сотрудников. Прямо сейчас проходит экстренное совещание Loft Corp., на котором решается судьба весеннего лофта. ВНИМАНИЕ! Крайне важно ваше мнение! Ждёте и хотите ли вы принять участие в очередном шабаше! Ниже прикрепляю опрос, и очень вас прошу, по максимуму проголосуйте. P.S",https://vk.com/wall-130344439_3879,пост
3879,2,Post 3879 (2022-03-22 21:21:50),". P.S. Старосты курсов или просто у кого есть, скиньте пожалуйста расписание контрольных на апрель, чтобы выбрать оптимальную дату. Первый курс уже скинул, Спасибо, Оля! P.P.S. Вопросы по лофту можно будет задавать к следующему посту.",https://vk.com/wall-130344439_3879,пост
3880,0,Post 3880 (2022-04-01 00:59:20),"Всем слушать, старшие вещают Радиоприёмник Ночь, что за странная свобода от заката до восхода, ждать тебя, надеясь вновь, о-о-о Щелчок Так, всё, хватит. Мы тут собрались по серьёзному вопросу, не время всякие песенки слухать. Хотя Есть что-то притягивающее в ней. И вроде ночью пишу вам, и вроде жду чего-то А, не об этом сейчас",https://vk.com/wall-130344439_3880,пост
3880,1,Post 3880 (2022-04-01 00:59:20),". В общем и целом так - серьёзные дяди и тёти пошуршали между собой и выбрали место для стрелки. Да так, чтоб большинству удобно было, ну и в соседний таун ехать не пришлось. Изначально оговорённое место отлетает, так как мы же под современными трендами ходим, и территория завода - как-то не комильфо. Посему, объявляю сходку в новом месте на 15 число в 1900",https://vk.com/wall-130344439_3880,пост
3880,2,Post 3880 (2022-04-01 00:59:20),". Вход у нас платный, как и подобает каждой уважающей себя организации. 900 кровных - для своих Чисто по-братски. Но с 12 числа капуста дорожает. 1200 - для своих, но заторможенных Кто свой долг не уважает - на счётчик попадает. Кентов звать это дело, конечно, хорошее. Но со старшими обсудить стоит",https://vk.com/wall-130344439_3880,пост
3880,3,Post 3880 (2022-04-01 00:59:20),". Но со старшими обсудить стоит. Их слово - закон! Вот наш общак, он рубль любит, лишним не обидите! Мобила СбербанкТинькофф- 79225430957 - Антон Щ. Сбербанк карта - 5469 4600 1179 6942 - Антон Дмитриевич Щ. Тинькофф карта - 5536 9139 2880 5692 - Антон Щ. Пересылая бабосик, указывайте кто, что, какой курс и тд, чтоб вас потом по базам не рыскать",https://vk.com/wall-130344439_3880,пост
3880,4,Post 3880 (2022-04-01 00:59:20),". Ну либо скрины в личку, с теми же данными Вопросы насущные обкашлять хочется? Тогда к нему вам, он у нас делами подобными ведает. P.S. Автор не просто так подобный слог использовал, кто первый угадает тематикудресс-код вечеринки в комментах - получит шоколадку.",https://vk.com/wall-130344439_3880,пост
3880,0,Post 3880 (2022-04-01 00:59:20),"осторожно, комменты охраняются мафией и не поддаются честной критике, А на этот раз тоже будет на входе бесполезное тело, которое сверяет списки и не пускает со стаканом покурить?",https://vk.com/wall-130344439_3880,комментарий
3887,0,Post 3887 (2022-04-03 00:17:58),"Вы просили - мы сделали! Вот и информация по нашему с вами мероприятию. Адрес м.Таганская, ул. Александра Солженицына 27, District 27. Дата и время 15го апреля в 1900 Стоимость 900 - для всех до 0001 12го апреля. 1200 - для всех с 12го и вплоть до начала мероприятия. Зал будет отличаться по оформлению, тк мы запросили несколько фишечек и будем делать перестановку",https://vk.com/wall-130344439_3887,пост
3887,1,Post 3887 (2022-04-03 00:17:58),". Будет и танцпол и место для разговоров и столики возле стен, в общем все что нужно! Также прикрепляю сюда плейлист, загружайте пожалуйста только то, под что действительно хотели бы потанцевать. P.S. Общий плейлист временно отлетает. Технические трудности возникли. Пока что будут плейлисты курсов, если получится сделать общий то можно будет продублировать",https://vk.com/wall-130344439_3887,пост
3897,0,Post 3897 (2022-04-06 21:59:02),"Вечер в хату, бродяги! Пришло время, и мы вещаем про стилистику нашего собрания всё, что связано с 90-ми криминал, субкультуры, спорт стиль адидас все дела. Ниже прикрепляем примеры того, как можно одеться на нашу тусовку, это необязательно, НО среди тех, кто придет в образе, будет разыгран приятный подгончик. Также напоминаем, что до повышения цены остается ровно 6 дней 12",https://vk.com/wall-130344439_3897,пост
3897,1,Post 3897 (2022-04-06 21:59:02),".04 в 0001 магическим образом произойдет повышение цены. Вот наш общак, он рубль любит, лишним не обидите! Мобила СбербанкТинькофф- 79225430957 - Антон Щ. Сбербанк карта - 5469 4600 1179 6942 - Антон Дмитриевич Щ. Тинькофф карта - 5536 9139 2880 5692 - Антон Щ. Пересылая бабосик, указывайте кто, что, какой курс и тд, чтоб вас потом по базам не рыскать. Ну либо скрины в личку, с теми же данными P.S",https://vk.com/wall-130344439_3897,пост
3897,2,Post 3897 (2022-04-06 21:59:02),". Ну либо скрины в личку, с теми же данными P.S. Искренне надеемся, что вы нас не подведете и придете с хорошим настроением и большим желанием оторваться.",https://vk.com/wall-130344439_3897,пост
3897,0,Post 3897 (2022-04-06 21:59:02),стиль одежды девушек на последнем фото это нулевые,https://vk.com/wall-130344439_3897,комментарий
3910,0,Post 3910 (2022-04-09 12:52:06),"В честь достижения отметки в 100 подписчиков в партнёрском сообществе Студпассив без студ мы рады объявить о розыгрыше в партнерстве с Loft Corp. По заветам Сергея Семеновича,среди всех вакцинированных тех, кто скинул на лофт до 11.04 по мск , будут разыграны три пачки хлебцов!",https://vk.com/wall-130344439_3910,пост
3910,1,Post 3910 (2022-04-09 12:52:06),". Со слов организаторов, исключительно в целях соответствия выбранной тематике еды будет мало, поэтому советуем не проходить мимо такого аттракциона невиданной щедрости Условия розыгрыша - быть подписанным на наш паблик - скинуть в комменты любимый мем из нашего паблика - ну и само собой условие, упомянутое в начале С заботой о вашем здоровье на лофте, Студпассив без студ",https://vk.com/wall-130344439_3910,пост
3910,0,Post 3910 (2022-04-09 12:52:06),"Тоесть раньше в паблике был Ульянкин с рисерчами по анализу данных, а теперь это?",https://vk.com/wall-130344439_3910,комментарий
3913,0,Post 3913 (2022-04-10 22:37:10),"Очередной пост про лофт! К концу подходит 10е число, а это значит, что до начала нашей с вами весенней встречи остаётся ровно 5 дней. Время - деньги, а значит самое время напомнить о них. До повышения стоимости входного билета остаётся чуть больше 24х часов до 12.04 0100 включительно",https://vk.com/wall-130344439_3913,пост
3913,1,Post 3913 (2022-04-10 22:37:10),".04 0100 включительно. Все подготовительные работы выполнены, так что мы, как и ,надеемся, вы, готовы выложиться максимально! Напоминаю реквизиты 79225430957 - Сбер и Тинькофф P.S. Если по какой-то уважительной причине вы не можете сдать до дедлайна и при этом не хотите переплачивать, огромная просьба уведомить нас, когда точно вы оплатите, чтобы не возникло недопонимание. Контакты для связи",https://vk.com/wall-130344439_3913,пост
3918,0,Post 3918 (2022-04-11 23:34:04),"Маленькая напоминалка До повышения цены осталось ровно 1,5 часа. В 101 12го апреля цена будет составлять 1200. Средства принимаются до 1200 15го апреля. Если есть какие-то проблемы с оплатой, посмотрите закреплённый пост.",https://vk.com/wall-130344439_3918,пост
3919,0,Post 3919 (2022-04-15 15:19:39),"До начала остаётся чуть меньше 4х часов, а значит самое время добавить немного информации. Объявляем открытие весеннего лофта! Всё оплачено, куплено и подготовленно, для того чтобы вы смогли повеселиться и хорошо провести время в приятной компании! Ну и чтобы наше с вами мероприятие не превратилось в концерт Travisa Scotta огромная просьба соблюдать два правила 1",https://vk.com/wall-130344439_3919,пост
3919,1,Post 3919 (2022-04-15 15:19:39),". Заходить за барную стойку и выдавать алкоголь сданный на хранение могут ТОЛЬКО организаторы. 2. К столу диджея и аппаратуре подходить с напитками в руках, будь то стакан или бутылкабанка, КАТЕГОРИЧЕСКИ запрещается! Адрес м.Таганская, ул. Александра Солженицына 27, District 27 Наш вход со стороны ул. Станиславского Начало в 1900 Рядом с лофтом есть круглосуточная Магнолия, а также КБ",https://vk.com/wall-130344439_3919,пост
3919,2,Post 3919 (2022-04-15 15:19:39),". Будем рады видеть каждого из вас, и, как говорится, до встречи на танцполе!",https://vk.com/wall-130344439_3919,пост
3919,0,Post 3919 (2022-04-15 15:19:39),"За преднамеренное и злостное нарушение правил, повлёкшее за собой повреждение звукового или иного оборудования, администрацией Loft Corp. будут применены санкции, вплоть до занесение в чс на дальнейшие мероприятия под нашим организаторством",https://vk.com/wall-130344439_3919,комментарий
3921,0,Post 3921 (2022-04-15 19:18:02),Ещё раз напоминаю вход со стороны улицы Станиславского,https://vk.com/wall-130344439_3921,пост
3922,0,Post 3922 (2022-04-17 14:37:57),"Все в себя пришли? Всем огромное спасибо за такую крутую вечеринку! В следующий раз постараемся сделать ещё лучше А пока что выкладываю фото, сделанные нашим бомбовым фотографом",https://vk.com/wall-130344439_3922,пост
3922,0,Post 3922 (2022-04-17 14:37:57),"Шикарный лофт, спасибо за отличную организацию!, Огонь, Бля, кринж, как будто 80 тусовки прошло в туалете с неоновым светом, Токсичный и необоснованный хейт не приветствуется в комментариях!",https://vk.com/wall-130344439_3922,комментарий
3942,0,Post 3942 (2022-04-27 19:12:30),"Непослекапустник 6 мая 1900 Парк школьников Без лишних слов, что делать вы знаете сами",https://vk.com/wall-130344439_3942,пост
3944,0,Post 3944 (2022-05-05 21:22:55),Пост напоминалка Завтра 6.05 - Парк Школьников в 1900,https://vk.com/wall-130344439_3944,пост
3964,0,Post 3964 (2022-06-29 20:10:39),"Летний лофт - на летней кухне Дорогие друзья, ввиду неблагоприятного стечения обстоятельств летний лофт переезжает в парк школьников Дата остаётся той же 05.07, начало в 1900 Организаторы приносят извинения любителям закрытых помещений",https://vk.com/wall-130344439_3964,пост
3964,0,Post 3964 (2022-06-29 20:10:39),"Победа здравого смысла, ЧЗХ, Макав украл лофт?, А за парк нужно доплачивать или 900 рублей так и остается?, Такой же датой, это какой? Предыдущий пост снесли, Ура бесплатная тусовка",https://vk.com/wall-130344439_3964,комментарий
3980,0,Post 3980 (2022-07-02 20:05:33),"Апдейт по парку К большому сожалению, летний лофт на летней кухне подвержен природным катаклизмам. В связи с чем Парк школьников переносится на 04.07 Понедельник, 1900 Будем держать в курсе, если возникнут новые изменения",https://vk.com/wall-130344439_3980,пост
3980,0,Post 3980 (2022-07-02 20:05:33),"А это норм что вы взяли просто первый попавшийся прогноз и сами поменяли дату? Далее 3 сайта пишут ясную погоду на вторник Может надо было опрос какой то запустить по поводу даты, а не просто самим менять как вам захочется",https://vk.com/wall-130344439_3980,комментарий
3980,1,Post 3980 (2022-07-02 20:05:33),"?, За смену даты дизлайк, id55591438Михаил, помимо прогноза на фото, гисметео тоже дождь показывает Мы прогнозировать погоду не беремся, но за день тоже бы не хотелось менять дату Дальше тоже дожди идут, и оттягивать смысла нет - многие разъедутся после сессии, что ни пост про тусовки - так Макав душнит в комментах, id182740235Андрей, если б вы запилили опрос, так и так",https://vk.com/wall-130344439_3980,комментарий
3980,2,Post 3980 (2022-07-02 20:05:33),", если б вы запилили опрос, так и так, во вторник возможно будет дождь, как вы относитесь к тому, чтобы поменять дату, то вопросов бы вообще не было, но то что вы просто взяли и поменяли ее по собственнлму желанию за 2 дня это дизлайк и говно, id55591438Михаил, может быть Но до этого от нас было 100500 опросов что куда когда насчет летнего мероприятия, и, наверное, стоит признать",https://vk.com/wall-130344439_3980,комментарий
3980,3,Post 3980 (2022-07-02 20:05:33),", и, наверное, стоит признать, что все пожелания анриал учесть Это блин парк, не лофт, не посвят",https://vk.com/wall-130344439_3980,комментарий
3980,4,Post 3980 (2022-07-02 20:05:33),"., id55591438Михаил, соре, если так Рассылка уже вне зоны моей ответственности, Мб лучше 5",https://vk.com/wall-130344439_3980,комментарий
4023,0,Post 4023 (2022-07-02 22:50:38),"Месье Макав, вот ваш опрос Изначальное отсутсвие опроса объясняется тем, что прогноз погоды обещает нам в понедельник более тёплую и солнечную погоду, в отличие от изначально запланированного вторника. Перенос из благих побуждений Михаил не оценил, за что просим прощения всеми локальными беседами. Имеем следующую ситуацию 4",https://vk.com/wall-130344439_4023,пост
4023,1,Post 4023 (2022-07-02 22:50:38),". Имеем следующую ситуацию 4.07 - Понедельник, ожидается тёплая приятная погода, а также менее приятный последний экзамен сессии. Вполне себе подходящий день для того чтобы потусить в парке. 5.07 - Вторник, абсолютно ничем не уступает понедельнику, разве что вполне себе возможными осадками",https://vk.com/wall-130344439_4023,пост
4023,2,Post 4023 (2022-07-02 22:50:38),". Вывод основан на прогнозе погоды, сделанном разбирающимися в этом людьми Если вы знаете иной способ, позволяющий узнать погоду, то пишите в комментарии Эти две даты рассматриваются из соображения, что многие люди уедут из Москвы после окончания сессии, а значит это хороший вариант для желающих собраться перед отъездом уезжающих. Автор id181740380Антон Щербинин",https://vk.com/wall-130344439_4023,пост
4023,0,Post 4023 (2022-07-02 22:50:38),"А может быть все-таки сделаете тусу в парке не тогда, когда я улетаю? Неуважение какое-то., А на выходные, кстати говоря, тусовку не пробовали планировать? Ну или хотя бы в пятницу, чесслово, это же парк, Давайте как-то уже за день до встречи объявим день? Организаторы, вы итак намутили летнюю встречу ВО ВТОРНИК, может поздно идти у всех на поводу. Выберите день уже",https://vk.com/wall-130344439_4023,комментарий
4023,1,Post 4023 (2022-07-02 22:50:38),". Выберите день уже. Всем уже явно не угодишь. P.s. ребят, вы правда в дождь попрётесь в парк?, аоао это что тусовка по репосту на 12 человек? а лав дабл сикс придёт?, Из алфавита убирают буквы л, о, ф, т, п, а, р, к Посты иканама",https://vk.com/wall-130344439_4023,комментарий
4041,0,Post 4041 (2022-07-03 18:11:36),"Дорогие студенты, выпускники и все те, кто имеет отношение к учёбе на экономе! Вы очень нам поможете и сделаете большой вклад в сбор статистики, если пройдете опрос в этом посте. Он займет 10-20 минут если вообще не заполнять текстовые поля, то 5 минут. Обратите внимание, что опрос содержит необязательные текстовые вопросы, вы можете их пропустить, если на это нет времени",https://vk.com/wall-130344439_4041,пост
4041,1,Post 4041 (2022-07-03 18:11:36),". Полученная статистика будет агрегирована, проанализирована и выложена в Иканам и группу абитуриентов в анонимном виде после сбора достаточно большого числа анкет. Кроме того, это возможно будет важно для тех, кто ещё обучается, поскольку фидбэк по преподавателям мы отправим в деканат тоже в анонимном виде, так что можете сполна выразить своё отношение к ним. Но постарайтесь быть объективными",https://vk.com/wall-130344439_4041,пост
4041,2,Post 4041 (2022-07-03 18:11:36),". Но постарайтесь быть объективными. На момент опубликования поста собрано около 100 анкет. Особенно важны анкеты выпускников, поэтому если вы им являетесь, то распространите среди своих, ибо до вас добраться, как правило, сложнее, чем до студентов. Ссылка на опрос",https://vk.com/wall-130344439_4041,пост
4041,0,Post 4041 (2022-07-03 18:11:36),"Товарищ майор, не питаю никаких чувств к эконому, кроме уважения и признательности. Особенную благодарность хотел бы выразить методам оптимизации и финансам. С ними я стал человеком с большой буквы Ч.",https://vk.com/wall-130344439_4041,комментарий
4046,0,Post 4046 (2022-07-03 18:45:20),"Апдейт апдейта по парку Мы спросили общественное мнение - общественное мнение за вторник. В посте с опросом были упомянуты нюансы каждой из дат. Люди взрослые здесь как никак, надеемся это был ваш осознанный выбор. Парк школьников, 05.07, 1900 Ждем",https://vk.com/wall-130344439_4046,пост
4056,0,Post 4056 (2022-07-05 13:45:44),"Напоминание Парк Школьников уже через несколько часов. Не забываем взять с собой летнее настроение, помимо стандартной программы в виде пения песен под гитару, очень вероятно, добавится проведение обрядов против дождя Кто в первый раз - парк Школьников здесь",https://vk.com/wall-130344439_4056,пост
4072,0,Post 4072 (2022-07-05 17:23:13),"Upd Макав прогнал дождь, ждём самых хардкорных к 2040",https://vk.com/wall-130344439_4072,пост
4072,0,Post 4072 (2022-07-05 17:23:13),"А вот 4го дождя не было, Про закон мерфи никто не слышал?, Тут отправили фото, Оно уходит ребят, я тут поколдовал немного На самом деле дождь был преднамеренным, чтобы освежитб воздух и не было жары и душноты, Я его прогнал, ребят Можете не благодарить, Дождя нет, го в парк",https://vk.com/wall-130344439_4072,комментарий
4090,0,Post 4090 (2022-07-06 10:15:32),"Спустя 100500 опросов, переносов, споров в комментариях, парк таки состоялся Спасибо тем, кто не спасовал перед не лучшими погодными условиями, и пришел потусить",https://vk.com/wall-130344439_4090,пост
4090,0,Post 4090 (2022-07-06 10:15:32),"Ооо новый пост в моем любимом паблике про парк школьников, скрины с гисметио и Макава",https://vk.com/wall-130344439_4090,комментарий
для статьи используем ссылку на пост,0,Post для статьи используем ссылку на пост (2022-08-02 00:00:00),"Первое научное руководство первакам N года, где N20002k Кратенько Я на ЭМИТ подавал документы, какой еще Иканам Студпассив Тусовки Иканама На эмите очень сложно учиться ребят Предметы 1 семестра Это все хорошо, а как бабки то рубить Ссылки на ссылки на ссылки цууаываыва Че такое Иканам и с чем его едят Если вы читаете данную статью",https://vk.com/@ikanam-pervoe-nauchnoe,пост
для статьи используем ссылку на пост,1,Post для статьи используем ссылку на пост (2022-08-02 00:00:00),", но по какой-то причине не можете ответить на вопросы Что такое посвят",https://vk.com/@ikanam-pervoe-nauchnoe,пост
для статьи используем ссылку на пост,2,Post для статьи используем ссылку на пост (2022-08-02 00:00:00),"?, Кто такой Палыч? или Почему студактив это зло?, то вас можно поздравить с поступлением на ЭМИТ, объективно сильнейший институт Ранха",https://vk.com/@ikanam-pervoe-nauchnoe,пост
для статьи используем ссылку на пост,3,Post для статьи используем ссылку на пост (2022-08-02 00:00:00),". Скорее всего вас ожидают лучшие несколько лет вашей молодости, которые вы проведете с пользой для себя. Однако существуют несколько базовых вещей, которые многие, к сожалению, осознают только ко 2 курсу",https://vk.com/@ikanam-pervoe-nauchnoe,пост
для статьи используем ссылку на пост,4,Post для статьи используем ссылку на пост (2022-08-02 00:00:00),". С целью ликбеза нами и был создан данный набор слов текст Первое научное руководство первакам N года, где N20002k, изображение 2 Прежде всего стоит сказать, что ЭМИТ отдельный институт со своими традициями и приколами, который тащит за счет своей математической направленности, на фоне более гуманитарного Ранха как можно было заметить даже приемка у нас своя",https://vk.com/@ikanam-pervoe-nauchnoe,пост
для статьи используем ссылку на пост,5,Post для статьи используем ссылку на пост (2022-08-02 00:00:00),". При этом мы относимся именно к отделению экономики, а в понятие Иканам, например, не включаются онэшники или мфти-челы. Но учитывая безупречную работу приемки в этом году, вы это и так, скорее всего, знаете В этом году у вас появилась уникальная возможность выбора между цифрой и эифом в сентябре, которой не было у нас до этого",https://vk.com/@ikanam-pervoe-nauchnoe,пост
для статьи используем ссылку на пост,6,Post для статьи используем ссылку на пост (2022-08-02 00:00:00),". Цифра это больше про уход в сторону проги и анализа данных, экономика и финансы уход в сторону углубленной экономики и банковского дела с инвестициями. Выбор за вами, но вы всегда можете посоветоваться с более старшими курсами, которые вам обязательно ответят и помогут. Студпассив Это то, что лежит в основе всего Иканама и то, что отличает нас от остального Ранха",https://vk.com/@ikanam-pervoe-nauchnoe,пост
для статьи используем ссылку на пост,7,Post для статьи используем ссылку на пост (2022-08-02 00:00:00),". Само понятие студпассив было придумано очень давно пару людьми, а студпассивной культуре на экономическом отделении порядка более 15 лет Однажды, спустя некоторое время учебы, вы зайдете в вк и увидите, как вам предложат записаться в некий студактив. Это будет переломный момент в вашей жизни, ни за что не стоит вестись на эти уговоры. То чем они занимаются песни, танцы, пляски и ничего более",https://vk.com/@ikanam-pervoe-nauchnoe,пост
для статьи используем ссылку на пост,8,Post для статьи используем ссылку на пост (2022-08-02 00:00:00),". Участие в студактиве может привести к тому, что старшие курсы перестанут с вами даже здороваться Первое научное руководство первакам N года, где N20002k, изображение 3 Если вы попросите как-то четко описать свою деятельность, то спокойно доведете их до истерики в течении 5 минут проверено",https://vk.com/@ikanam-pervoe-nauchnoe,пост
для статьи используем ссылку на пост,9,Post для статьи используем ссылку на пост (2022-08-02 00:00:00),". Здесь не может быть двух мнений, подобные занятия не подобает тру иканамовцу, все-таки мы пришли сюда за знаниями, а не определять перспективы своего личностного роста, взаимодействовать в рамках многоплановых экосистем, развивать горизонты планирования цельных моделей модернизации и танцевать на потеху публике НО есть то разумное, доброе, вечное",https://vk.com/@ikanam-pervoe-nauchnoe,пост
для статьи используем ссылку на пост,10,Post для статьи используем ссылку на пост (2022-08-02 00:00:00),", доброе, вечное, что Иканам предлагает взамен Тусовки Иканама Существует негласный календарь мероприятий Иканама, который проводится каждый год",https://vk.com/@ikanam-pervoe-nauchnoe,пост
для статьи используем ссылку на пост,11,Post для статьи используем ссылку на пост (2022-08-02 00:00:00),". На них присутствую только студенты, люди, которые обучались на экономическом отделении аж с момента АНХ старички, их мы очень уважаем, а также, за редким исключением, друзья Иканама и приглашенные гости. Но даже если ты первокурсник, то мы тебя очень ждем! Данные мероприятия то, что включается в традиции нашего отделения. Они не нарушаются никогда и ни за что",https://vk.com/@ikanam-pervoe-nauchnoe,пост
для статьи используем ссылку на пост,12,Post для статьи используем ссылку на пост (2022-08-02 00:00:00),". На них вы, прежде всего, можете пообщаться в непринужденной обстановке со своим старшиками, спросить совета по учебе или работе а ты точно возьмешь меня на стажировку а? а? а",https://vk.com/@ikanam-pervoe-nauchnoe,пост
для статьи используем ссылку на пост,13,Post для статьи используем ссылку на пост (2022-08-02 00:00:00),"? а? а?, встретить своего семинариста, попеть под гитару песни Летова Все идет по плану негласный гимн Иканама, ну и бонусом замечательно провести время, получив воспоминания на всю жизнь Первое научное руководство первакам N года, где N20002k, изображение 4 Пул мероприятий Прежде всего это Посвят",https://vk.com/@ikanam-pervoe-nauchnoe,пост
для статьи используем ссылку на пост,14,Post для статьи используем ссылку на пост (2022-08-02 00:00:00),". Посвят это то ради чего живет и учится каждый иканамовец. Самое грандиозное и масштабное мероприятие нашего отделения, на котором происходит посвящение первокурсников, степень крутости чего можно только оценить по фоткам из архивов. Для этого снимается коттедж на 1 день, где происходит основная развлекательная программа",https://vk.com/@ikanam-pervoe-nauchnoe,пост
для статьи используем ссылку на пост,15,Post для статьи используем ссылку на пост (2022-08-02 00:00:00),". Посвятом занимаются специальные люди орги, которые уже сейчас трудятся над тем, чтобы он был наиболее финансово доступен всем студентам, но скоро вы обо всем узнаете Послекапустник. Второе по важности событие, проводится в сентябре-октябре, по традиции после капустника студактивистов",https://vk.com/@ikanam-pervoe-nauchnoe,пост
для статьи используем ссылку на пост,16,Post для статьи используем ссылку на пост (2022-08-02 00:00:00),". В этот день иканамовцы идут дружно закупив все то, что согревает нас изнутри в эти хмурые дни в Парк Школьников, который находится недалеко от Ранха. Также в Парке Школьников мы собираемся и в летний период, если не мешают сухие грозы Лофты. Лофтов за год случается несколько осеннийзимнийвесенний и т.п., как того демократически решит наше экономическое сосаити",https://vk.com/@ikanam-pervoe-nauchnoe,пост
для статьи используем ссылку на пост,17,Post для статьи используем ссылку на пост (2022-08-02 00:00:00),". Хотя самый крутой, конечно же, происходит в начале сентября, где все благоволит насладится уходящими каникулами, познакомится с однокурсниками и с другими иканамовцами есть инсайды, что Дух Шафутинского уже послал нам удобную дату, поэтому не планируйте ничего на первую субботу месяца Первое научное руководство первакам N года, где N20002k",https://vk.com/@ikanam-pervoe-nauchnoe,пост
для статьи используем ссылку на пост,18,Post для статьи используем ссылку на пост (2022-08-02 00:00:00),", где N20002k, изображение 5 Карьерная Пятница aka Работающие для безработных",https://vk.com/@ikanam-pervoe-nauchnoe,пост
для статьи используем ссылку на пост,19,Post для статьи используем ссылку на пост (2022-08-02 00:00:00),". Это мероприятие не выпадало на наше поколение студенчества а жаль, и чуть ли традиции не были забыты, но, по всей видимости, скоро она возродится",https://vk.com/@ikanam-pervoe-nauchnoe,пост
для статьи используем ссылку на пост,20,Post для статьи используем ссылку на пост (2022-08-02 00:00:00),". Его изначальная суть заключалась в том, что уже работающие старшекурсники и выпускники нашего дружного коммьюнити собирались со своими безработными товарищами в 1 большом баре и рассказывали о все о собесахстажировкахопыте и подобных вещах, отвечая на соответственные вопросы о поиске работы Тайный Санта. Судя по названию речь идет о новогодних подарках",https://vk.com/@ikanam-pervoe-nauchnoe,пост
для статьи используем ссылку на пост,21,Post для статьи используем ссылку на пост (2022-08-02 00:00:00),". Судя по названию речь идет о новогодних подарках. Здесь вам придется побывать как в роли Санты, что наиболее увлекательно, ваша жертва не будет догадываться, кто будет дарить ей подарок. При этом вы также можете получить свой подарок, согласно списку желаний а возможно и что-то другое.",https://vk.com/@ikanam-pervoe-nauchnoe,пост
для статьи используем ссылку на пост,22,Post для статьи используем ссылку на пост (2022-08-02 00:00:00),".. Также есть еще обойма совсем забытых мероприятий по типу игр в киллера или событий, которые проводятся не Иканамом, но их посещение не считается чем-то студактивным киберспортивный турнир в начале года или футбольные чемпионаты На эмите очень сложно учиться ребят Перед подачей документов вы могли услышать подобную фразу. Можно сразу сказать, что да, сложности определенные существуют",https://vk.com/@ikanam-pervoe-nauchnoe,пост
для статьи используем ссылку на пост,23,Post для статьи используем ссылку на пост (2022-08-02 00:00:00),". Некоторые переводятсяперепоступают, кто-то уходит в бессрочный академ, а кого-то даже отчисляют Но очень сложно подобрать пример, когда студента целенаправленно валят на всех экзах. Ничего сверхчеловеческого требуется, чтобы успешно закрывать сессии. Кто-то пришел к нам из профильных лицеев или были олимпиадниками, кто-то нет",https://vk.com/@ikanam-pervoe-nauchnoe,пост
для статьи используем ссылку на пост,24,Post для статьи используем ссылку на пост (2022-08-02 00:00:00),". Но если вы хотите успешно закрываться то всем достаточно лишь присутствовать на критически важной части пар, делать дз и, возможно, иногда посматривать в Наследие При этом, если вы на платке и успешно справлялись с учебой в течении года, то, по понятным причинам, велик шанс пройти на бюджет после очередной сессии и примеров тому большое число",https://vk.com/@ikanam-pervoe-nauchnoe,пост
для статьи используем ссылку на пост,25,Post для статьи используем ссылку на пост (2022-08-02 00:00:00),". Для этого необходимо закрыться 2 раза подряд без троек и пересдач, а также иметь свободные места на бюджете Первое научное руководство первакам N года, где N20002k, изображение 6 На 1 курсе также проводятся допы от старшекурсников, где вы можете до разобрать важную для вас инфу с более опытными товарищами, или оперативно подготовиться к надвигающейся контрольной по какому-то предмету",https://vk.com/@ikanam-pervoe-nauchnoe,пост
для статьи используем ссылку на пост,26,Post для статьи используем ссылку на пост (2022-08-02 00:00:00),". Несомненно пользуйтесь этим, ведь в перерыве между разборами всегда можно спросить что-то о посещенных собесах или первых стажировках Немного о Наследии Если вы с ним еще не познакомились, то это совокупность материалов собранная студентами Иканама за последние 10 лет. Она поможет вам успешно подготовиться к контрольным, коллоквиумам и экзаменам",https://vk.com/@ikanam-pervoe-nauchnoe,пост
для статьи используем ссылку на пост,27,Post для статьи используем ссылку на пост (2022-08-02 00:00:00),". Там есть ссылки на учебники и ресурсы, которые студенты находили для подготовки по предметам, а также присутствует немного слитых заданий прошлых лет. Это один из символов бескорыстной помощи и поддержки между поколениями Иканама Самое главное, Наследие не заменяет подготовку к практическим работам, а лишь может помочь на тернистом пути иканамовца в трудную минуту",https://vk.com/@ikanam-pervoe-nauchnoe,пост
для статьи используем ссылку на пост,28,Post для статьи используем ссылку на пост (2022-08-02 00:00:00),". Большинство знаний вам все равно придется учить, даже если у вас совпало пару заданий с прошлогодним вариантом и вы удачно прорешали его за 1 день, то оно обязательно всплывет через 2 года на эконометрике или на собесе работы вашей мечты",https://vk.com/@ikanam-pervoe-nauchnoe,пост
для статьи используем ссылку на пост,29,Post для статьи используем ссылку на пост (2022-08-02 00:00:00),". Поэтому пользуйтесь, но с умом Первое научное руководство первакам N года, где N20002k, изображение 7 Всего на первом семестре несколько предметов, но все они довольны важны Математический анализ Матан это ваш заклятый друг на ближайшие 2 года, базовая база, его ботать сутками и конспектить конспекты только так Лекции",https://vk.com/@ikanam-pervoe-nauchnoe,пост
для статьи используем ссылку на пост,30,Post для статьи используем ссылку на пост (2022-08-02 00:00:00),". Так как сейчас четный год, то лектором должен быть Чирский, и как известно Чирский Козко картинки в интернете не могут врать, не доверяйте людям которые говорят, что Чирский изи. На лекциях поначалу простительно что-то не понимать и получать знания на допах, потому что подача вузовского матана кардинально отличается от школьной программы, что непривычно Семинары",https://vk.com/@ikanam-pervoe-nauchnoe,пост
для статьи используем ссылку на пост,31,Post для статьи используем ссылку на пост (2022-08-02 00:00:00),". Как ни странно, семинары более практическая часть и ее будет вести у вас Лужина Любовь Михайловна а также Лужин. Ее пары вы не забудете на долгие годы поскольку поскольку, это ситуация, когда достаточно 1 раз увидеть, чем 100 раз услышать. На них ходить обязательно, очень компетентный преподаватель, многому научит",https://vk.com/@ikanam-pervoe-nauchnoe,пост
для статьи используем ссылку на пост,32,Post для статьи используем ссылку на пост (2022-08-02 00:00:00),". Сначала будите строить какие-то графики, потом для вас распахнуться двери прекрасного мира дифференциального анализа Оценка. Система оценивания довольно проста",https://vk.com/@ikanam-pervoe-nauchnoe,пост
для статьи используем ссылку на пост,33,Post для статьи используем ссылку на пост (2022-08-02 00:00:00),". Это 2 контрольных на несколько задач, где вы за каждую задачу получаете 1 2- 3 На экзамене у вас будет пул задач, с которыми вы не справились на кр похожие и теоретическая часть Картинки в интернете Картинки в интернете Линейная алгебра Линал еще одна базовая база, для многих он более легок в изучении, чем матан",https://vk.com/@ikanam-pervoe-nauchnoe,пост
для статьи используем ссылку на пост,34,Post для статьи используем ссылку на пост (2022-08-02 00:00:00),", для многих он более легок в изучении, чем матан, так как основной упор в этом предмете это научить вас работать с матричным представлением чиселок",https://vk.com/@ikanam-pervoe-nauchnoe,пост
для статьи используем ссылку на пост,35,Post для статьи используем ссылку на пост (2022-08-02 00:00:00),". Безумно важный предмет для тех кто хочет стать сасаентистом. Преподаватели Дмитрий Вячесловович и Алексей Викторович Лекции. Присутствие на них положительно сказывается на учебе, но авторы не проверяли в связи со сменой лектора Семинары. Вы закосплеите Томаса Андерсона и узнаете многое о матрице во всех ее проявлениях",https://vk.com/@ikanam-pervoe-nauchnoe,пост
для статьи используем ссылку на пост,36,Post для статьи используем ссылку на пост (2022-08-02 00:00:00),". Сами задания будут довольно несложные, однако лучше посещать все семинары, так как за работу на паре вы можете получить точку напротив своего имени в списке, а кто не хочет точку не более 10 доп баллов от оценки Оценка. Складывается из 2 контрольных и баллы за работу на семинарах. Каждая кр задания, которые вы делали на парах теор. вопросы",https://vk.com/@ikanam-pervoe-nauchnoe,пост
для статьи используем ссылку на пост,37,Post для статьи используем ссылку на пост (2022-08-02 00:00:00),". вопросы. В конце курса вы либо получаете автомат и согласны с оценкой, либо не получаете автомат и несогласны с оценкой, тогда идете на экзамен Первое научное руководство первакам N года, где N20002k, изображение 9 Алгоритмизация и программирование Прога ваше отношение к ней во многом определит, кем вы захотите стать в процессе обучения",https://vk.com/@ikanam-pervoe-nauchnoe,пост
для статьи используем ссылку на пост,38,Post для статьи используем ссылку на пост (2022-08-02 00:00:00),". В начале 1 курса вам предстоит писать базовые алгоритмы по типу сортировок, потом дадут что-то поинтереснее. Насчет языка R бушует много споров о его преимуществах и недостатках, но можно сказать точно, что его знание нисколько не повредит. Понимание работы ЯП языков программирования очень важно для людей, которые до этого не сталкивались с прогой, а R для этого не так уж плох",https://vk.com/@ikanam-pervoe-nauchnoe,пост
для статьи используем ссылку на пост,39,Post для статьи используем ссылку на пост (2022-08-02 00:00:00),". все кто захочет, всегда могут самостоятельно изучить Python или вы цэ на 2 курсе Лекции. Можете походить, но если собираетесь сдавать все задачи на отл, то получается по желанию, лектор Чернов Семинары",https://vk.com/@ikanam-pervoe-nauchnoe,пост
для статьи используем ссылку на пост,40,Post для статьи используем ссылку на пост (2022-08-02 00:00:00),". Семинаристов много и все они дают задачи и учат немного по-своему как правило выделяют Чернову, она обеспечит вам получение всей палитры удовольствий, однако это все слухи Ходить обязательно, если хотите понять или по крайней мере не отлететь на экз Оценка",https://vk.com/@ikanam-pervoe-nauchnoe,пост
для статьи используем ссылку на пост,41,Post для статьи используем ссылку на пост (2022-08-02 00:00:00),". 10 задач индивидуальная задача, если получаете отл, то не идете на экз, иначе вам предстоит осознать формулу Чернова формула Чернова ниже Формула Чернова Формула Чернова Дискретная математика Дискретка также крайне важный предмет, который вам послужит в будущем. Поначалу легкие штуки с множествами, потом чуть посложнее Лекции и семинары. Их ведет глыба Иканама Решетников Василий Павлович",https://vk.com/@ikanam-pervoe-nauchnoe,пост
для статьи используем ссылку на пост,42,Post для статьи используем ссылку на пост (2022-08-02 00:00:00),". Здесь 2 пути, либо вы ходите на все пары, либо ходите на экзамен, а потом на пересдачу. При этом все лекции по его предметам уже законспекчены и лежат в Наследии Оценка. Если работал на парах отвечалдополнялчитал из наследия то можно спокойно получить 8-10 автоматом, если нет то будет довольно сложный очный экз с билетами, которых на эмите не так много",https://vk.com/@ikanam-pervoe-nauchnoe,пост
для статьи используем ссылку на пост,43,Post для статьи используем ссылку на пост (2022-08-02 00:00:00),". Можно отлететь на пересдачу только так если, конечно, не заюзать секретное слово Воронеж Первое научное руководство первакам N года, где N20002k, изображение 11 Иностранный язык Англ будет несколько групп на основании тестирования сильная, средняя и слабая Если хотите чилить, то идите в слабую, никто из-за этого переживать не будет",https://vk.com/@ikanam-pervoe-nauchnoe,пост
для статьи используем ссылку на пост,44,Post для статьи используем ссылку на пост (2022-08-02 00:00:00),". Но также вы можете ипрувить ваш лэнгвич лэвел, но это зависит от каждого конкретного преподавателя Babashkin moment x1 Систему оценивания назовет преподаватель, но как правило это работа на парах пересказчтение, выучивание речи, проекты, кЕйсЫи тп Введение в экономику Раньше это был не очень полезный предмет, носивший развлекательный характер",https://vk.com/@ikanam-pervoe-nauchnoe,пост
для статьи используем ссылку на пост,45,Post для статьи используем ссылку на пост (2022-08-02 00:00:00),", носивший развлекательный характер, где вам предстояло выбирать шляпки если вы Анна Соловьева и получать автомат в конце семестра",https://vk.com/@ikanam-pervoe-nauchnoe,пост
для статьи используем ссылку на пост,46,Post для статьи используем ссылку на пост (2022-08-02 00:00:00),". Но при этом вы могли побеседовать с основателем первой кафедры микроэкономики в России! Марком Иосифовичем Левиным, очень приятным человеком в общении. Теперь данный предмет носит более подготовительный характер к микре и макре на 2 семестре и ведет его ваш будущий лектор микры История Babashkin moment x2 Схожая ситуация с введением в экономику",https://vk.com/@ikanam-pervoe-nauchnoe,пост
для статьи используем ссылку на пост,47,Post для статьи используем ссылку на пост (2022-08-02 00:00:00),". Пару лет назад на предмет ходили чтобы порофлить с Бабашкиным над миллиардом расстрелянным лично сталиным устройством советского общества и получить автомат, но теперь предмет ведет Шильникова и говорят она немногонет жестит что конечно кринж Физическая культура Здесь все просто вы либо не ходите со справкой и сдаете долги в конце года, либо не ходите без справки и сдаете долги в конце года",https://vk.com/@ikanam-pervoe-nauchnoe,пост
для статьи используем ссылку на пост,48,Post для статьи используем ссылку на пост (2022-08-02 00:00:00),", либо записываетесь на секцию и также на нее не ходите",https://vk.com/@ikanam-pervoe-nauchnoe,пост
для статьи используем ссылку на пост,49,Post для статьи используем ссылку на пост (2022-08-02 00:00:00),". Однако вас могут заставить написать тест в СДО, там все катается. При всем этом жестко не ходить лучше никогда не надо, чтобы не иметь проблем в конце семестра Wolfram Matematica Это ваш единственный факультатив на 1 курсе, посещение по желанию. На него стоит сходить хотя бы потому, что его ведет Шилин Кирилл Юрьевич крестный отец всего Иканама",https://vk.com/@ikanam-pervoe-nauchnoe,пост
для статьи используем ссылку на пост,50,Post для статьи используем ссылку на пост (2022-08-02 00:00:00),". Вам разрешат сходить на несколько пар и если зайдет, то продолжить обучение и познать прекрасный мир параметрик плотов. Домашки там есть, по результатом факультатива зачетнезачет, с Кириллом Юрьевичем ЦЭ встретится потом только на 2 курсе Первое научное руководство первакам N года, где N20002k, изображение 12 Научная исследовательская работа НИР aka курсовая, aka практика",https://vk.com/@ikanam-pervoe-nauchnoe,пост
для статьи используем ссылку на пост,51,Post для статьи используем ссылку на пост (2022-08-02 00:00:00),". К концу учебного года вам предстоит выбрать научного руководителя и тему исследовательской работы. На 2 курсе вы пишите работу с небольшим исследованием на 15-25 страниц, при этом периодичность и формат встреч в течении года зависят от каждого конкретного преподавателя",https://vk.com/@ikanam-pervoe-nauchnoe,пост
для статьи используем ссылку на пост,52,Post для статьи используем ссылку на пост (2022-08-02 00:00:00),". К 4 курсу ваш НИР трансформируется в дипломную работу а там уже все серьезно Руководителей большое множество, в том числе некоторые из ваших преподавателей. Обычно про них рассказывают старшекурсники к концу учебного года в зуме за 15 минут хотя можно сделать и пост в принципе",https://vk.com/@ikanam-pervoe-nauchnoe,пост
для статьи используем ссылку на пост,53,Post для статьи используем ссылку на пост (2022-08-02 00:00:00),". При всем этом у вас не отбирают месяц лета и не отправляют на практику, потому что за счет нее идет написание вашего НИРа, что к лучшему, потому что по рассказам стариков раньше практика заключалась в перекладывании бумажек в каком-нибудь учреждении",https://vk.com/@ikanam-pervoe-nauchnoe,пост
для статьи используем ссылку на пост,54,Post для статьи используем ссылку на пост (2022-08-02 00:00:00),", а теперь вы сами вольны распоряжаться своим свободным временем например ничего не делать или заботать курсы алгосов от Яндекса в интернете Как бабки то рубить На такие вопросы давать советы очень неблагодарное дело и вряд ли кто-либо из пишущих считает себя в полной мере компетентным, но Существует одна замечательная статья, написанная много лет назад, но не теряющая актуальности до сих пор",https://vk.com/@ikanam-pervoe-nauchnoe,пост
для статьи используем ссылку на пост,55,Post для статьи используем ссылку на пост (2022-08-02 00:00:00),", но не теряющая актуальности до сих пор, неким Филиппом Ульянкиным о том Как стать дата саентистом а также еще",https://vk.com/@ikanam-pervoe-nauchnoe,пост
для статьи используем ссылку на пост,56,Post для статьи используем ссылку на пост (2022-08-02 00:00:00),". Если вы хотя бы пробежитесь глазами по ней, то скорее всего, найдете многие ответы для себя, даже если не планировали связывать свою жизнь с DS В любом случае, общий совет, помимо учиться, учиться и еще раз учиться, это участвовать во всем в чем участвуется, но не является перспективами роста. Существует компактный пул студенческих олимпиад ЯП, вышкинские, универсиада по эконометрике и др",https://vk.com/@ikanam-pervoe-nauchnoe,пост
для статьи используем ссылку на пост,57,Post для статьи используем ссылку на пост (2022-08-02 00:00:00),"., подготовка к которым позволяют не только проверить уровень ваших знаний, но и получить приглашению на стажировку или льготу в магу Первое научное руководство первакам N года, где N20002k, изображение 13 Под перспективами роста понимается те штуки, где относительное соотношение математики стремится к нулю, а основной упор производится на ваши софтскилы кароч балобольство",https://vk.com/@ikanam-pervoe-nauchnoe,пост
для статьи используем ссылку на пост,58,Post для статьи используем ссылку на пост (2022-08-02 00:00:00),". Например большинство кейс-чемпионатов не считая недавнего метематического от тинька, где наши ребята всех порвали относится к такой группе. Никто не запрещает вам в них участвовать, просто раньше на Иканаме участников кейс-чемпионатов подвергали остракизму наравне со студактивистами",https://vk.com/@ikanam-pervoe-nauchnoe,пост
для статьи используем ссылку на пост,59,Post для статьи используем ссылку на пост (2022-08-02 00:00:00),". Также сейчас у любой скам-компании, которая выстраивает свою экосистему, есть образовательные курсы от аналитика до DL на любой вкус, куда можно поступить, сдав вступительные",https://vk.com/@ikanam-pervoe-nauchnoe,пост
для статьи используем ссылку на пост,60,Post для статьи используем ссылку на пост (2022-08-02 00:00:00),". Там, как правило, учат за бесплатно если за курсы нужно платить, то это не курсы и есть большой шанс приглашение работы на дядю за копейки после их прохождения Тинькофф Яндекс Озон ВКонтакте Сбер Пятерочка Первое научное руководство первакам N года, где N20002k",https://vk.com/@ikanam-pervoe-nauchnoe,пост
для статьи используем ссылку на пост,61,Post для статьи используем ссылку на пост (2022-08-02 00:00:00),", где N20002k, изображение 14 Еще миллиард ссылок Канал Филиппа Ульянкина даташрушер всея Иканама Кротовая нора всевозможных сливов олимпиад и вступительных от стажировок до ШАДа Наследие 2",https://vk.com/@ikanam-pervoe-nauchnoe,пост
для статьи используем ссылку на пост,62,Post для статьи используем ссылку на пост (2022-08-02 00:00:00),".0 Абстрактные мемы про ЭМИТ и тг Студпассивные мемы про ЭМИТ Паблик стариков ждет новых админов Шутки про какого-то Козко кто это? Ну в самом Иканаме там потыкайтесь еще Самое главное Не забывайте, что Иканам - большая семья, где вы можете обратиться к любому - и он вам поможет",https://vk.com/@ikanam-pervoe-nauchnoe,пост
для статьи используем ссылку на пост,63,Post для статьи используем ссылку на пост (2022-08-02 00:00:00),". Лучшая староста эмита способная ответить на любой вопрос По вопросам тусовок Иканама в этом году и вообще По предложениям тусовок и лучшим турничкам на юз спортсекции По особо важным вопросам учебы и студенчества иканама Мемы всего мира кидать сюда это не шутка если нашли в тексте ашибку, то вам показалось, всем Оlog n Как сказал один философ Запомните следующие слова. Ботать - круто",https://vk.com/@ikanam-pervoe-nauchnoe,пост
для статьи используем ссылку на пост,64,Post для статьи используем ссылку на пост (2022-08-02 00:00:00),". Ботать - круто. Тусить вне академии - круто, студактив - говно Антихайп",https://vk.com/@ikanam-pervoe-nauchnoe,пост
4094,0,Post 4094 (2022-08-05 11:31:06),"гениально., И запомните студактивность не определяет вашу сущность. Вы сами определяете себя., Запомнили студактив-говно, Ждем в коментах порвавшихся студактивистов, ах да., Статья огонь щепотка постиронии, немного шуток и море полезной информации, Изи, закончил с матаном. Сейчас вернусь,- сказал задрот с ОЭ и отошёл в туалет. Он открыл воду в ванной чтобы никто не слышал его слёзы",https://vk.com/wall-130344439_4094,комментарий
4094,1,Post 4094 (2022-08-05 11:31:06),". Сколько ещё я могу их обманывать, сколько могу строить из себя, что мне нравится эта учеба и датасаенс, все они наврали в этом гайде для перваков, суки!. Он выключил воду, вытер слёзы и вернулся к компьютеру. Ну что, р-р-решим следующий интеграл?,- сказал он дрогнувшим голосом, пытаясь скрыть свою боль",https://vk.com/wall-130344439_4094,комментарий
4094,2,Post 4094 (2022-08-05 11:31:06),"., Ну ниче так статья, в пару моментах не понял правда отсылок, Да, вот не везёт четникам, матан с чирским - хардовая тема, готовьтесь, У вас 3 минуты чтобы удалить анну соловьеву из статьи, Тут отправили фото, Перваки, знайте, вы сначала пожалеете, а потом не пожалеете, Нечестно Когда мы поступали, такого не было, based, Про мфти-челов обидно было, восстановил страничку",https://vk.com/wall-130344439_4094,комментарий
4138,0,Post 4138 (2022-08-19 22:44:25),"Всем привет, дорогие друзья! Увы, но к концу подходит эта прекрасная летняя пора, подарившая кому-то приятные, тёплые воспоминания, а кому-то перезагрузку перед началом насыщенного учебного года. Однако в осени есть два жирнющих плюса первый - осенний лофт, а второй - посвят, но о нём позже Торжественно объявляю, осеннему лофту быть! Когда 2",https://vk.com/wall-130344439_4138,пост
4138,1,Post 4138 (2022-08-19 22:44:25),".09 Время с 1900 до 100 Место будет объявлено позже, но могу заверить, что вам оно понравится Дабы не пришлось менять место проведения начинайте сдавать свои кровные уже сейчас, ведь до лофта остаётся 14 дней, а пролетят они уж слишком быстро! Сколько скидывать? - 900 деревянных рублей. С 31.08 цена мановением волшебной палочки превратится в тыкву 1200 рублей",https://vk.com/wall-130344439_4138,пост
4138,2,Post 4138 (2022-08-19 22:44:25),". Куда скидывать? - 79225430957 Щербинин А.Д. Желательно на Сбер, но и Тинькофф тоже в почёте. В сообщении получателю указывайте вообще имя, фамилию и курс Это обязательно! Также можно просто прислать скрин чека в лс. Если у вас есть вопросы, касательно формата мероприятия или же хочется позвать другаподругу, то с ними вам сюда -",https://vk.com/wall-130344439_4138,пост
4138,0,Post 4138 (2022-08-19 22:44:25),"Лофт в килфише??, Ребят, кто с 4 курса, добавьте плиз в вашу беседу вк, Один лайк и я иду, Орги перешли в 8 класс. Голосуйте лучше за меня на следующих выборах!",https://vk.com/wall-130344439_4138,комментарий
4144,0,Post 4144 (2022-08-21 20:35:29),"Прекрасный, тёплый, летний вечер на улице, а в посте потрясающая новость! Совместными усилиями мы с вами смогли отбить площадку у хитрых сторонних съёмщиков! - Что же мы получили и стоило ли это такой срочности? - спросите вы. - Безусловно! - ответим мы. О нашем пространстве Отдельное здание соседи не помешают Общая площадь 530м2 Площадь зала 100м30м балкон Потолок 4",https://vk.com/wall-130344439_4144,пост
4144,1,Post 4144 (2022-08-21 20:35:29),".5 м Веранда на первом этаже 80м Веранда 250м на крыше с замечательным видом Подъезд к зданию и парковка но кому это надо? Разве что таксистам Гардероб 4 санузла Прямой и удобный доступ с улицы Барная стойка и сцена Свет и звук Можно шуметь 247 В общем и целом, места хватит всем и каждому для любых желаний и хотелок",https://vk.com/wall-130344439_4144,пост
4144,2,Post 4144 (2022-08-21 20:35:29),! Приглашаем вас получить прекрасные впечатления и зарядиться мощнейшей энергетикой перед началом учебного года! Перевод в размере 900р с 31,https://vk.com/wall-130344439_4144,пост
4144,3,Post 4144 (2022-08-21 20:35:29),".08 1200р отправлять по номеру 79225430957 Сбер, Тинькофф",https://vk.com/wall-130344439_4144,пост
4144,0,Post 4144 (2022-08-21 20:35:29),"Выглядит кайфово, молимся на погоду, А в чем подвох? Слишком шикарно выглядит",https://vk.com/wall-130344439_4144,комментарий
4150,0,Post 4150 (2022-08-29 14:25:11),"4 дня остаётся до самого масштабного мероприятия в истории всего Иканама! А это значит, что пришло время рассказать о том, что вас там ожидает. С помещением мы вас уже успели познакомить, добавим лишь, что имеется два с половиной этажа кайфтыпоймального вайба, а значит, в отличие от прошлого года, ограничений по местам не будет",https://vk.com/wall-130344439_4150,пост
4150,1,Post 4150 (2022-08-29 14:25:11),". По еде и напиткам экспериментов не планируется пицца, снэки, содовая и соки - its a classic. Два комплекта звука один в основном зале, второй на веранде второго этажа, так что можно будет тусить там где душа рахат ловит. Ну и собственно нововведение организаторы находятся на стадии переговоров с кавер-группой Станислав Топилов, дабы порадовать вас живым исполнением любимых песен",https://vk.com/wall-130344439_4150,пост
4150,2,Post 4150 (2022-08-29 14:25:11),". Организационные моменты 1. 31.08 в 2200 стоимость участия в мероприятии увеличится до 1200 2. Место проведения Самокатная улица, 4с19 3. По поводу друзей - друзей со стороны звать можно, но перед этим нужно списаться с организаторами и получить разрешение",https://vk.com/wall-130344439_4150,пост
4150,3,Post 4150 (2022-08-29 14:25:11),". Оплата 900 по номеру 79225430957 Сбер, Тинькофф обязательно указывайте ФИО и курс! В случае невозможности оплаты до дедлайна по уважительной причине, обращайтесь к организаторам и дедлайн вам будет передвинут. Ниже прикрепляю утверждённый распорядок дня на 2.09 Конец цитаты. Повторите строчку.",https://vk.com/wall-130344439_4150,пост
4150,0,Post 4150 (2022-08-29 14:25:11),"верните концерт Газманова, Тут отправили фото, Не комфорт, а бизнес с id54627278Инрэ",https://vk.com/wall-130344439_4150,комментарий
4159,0,Post 4159 (2022-08-30 22:01:00),"Оу, это что, 24 часа осталось до повышения? Жаль нет геометки на фото Вид на Атлантический океан",https://vk.com/wall-130344439_4159,пост
4159,0,Post 4159 (2022-08-30 22:01:00),"Наш Американский друг, передаёт всем привет и желает хорошо провести время!",https://vk.com/wall-130344439_4159,комментарий
4164,0,Post 4164 (2022-08-31 19:38:17),Два дня до лофта Чуть меньше 3х часов до окончания регистрации на рейс номер 02.09 направляющегося по маршруту КБ - Лофт. Регистрация в класс эконом 900 заканчивается в 2200. Регистрация в класс Бизнес 1200 начинается в 2205 31.08 и закончится непосредственно перед вылетом 1800 2.09,https://vk.com/wall-130344439_4164,пост
4164,1,Post 4164 (2022-08-31 19:38:17),".09. В стоимость билета входят прохладительные напитки, питание, а также напитки разной крепости и питкости в ограниченном количестве. Сомневающимся и опаздывающим пассажирам бортпроводники предлагают скушать шоколадку, ведь содержащиеся в ней вещества способствуют работе мозга. Времени остаётся мало, просьба пройти на стойку регистрации",https://vk.com/wall-130344439_4164,пост
4164,2,Post 4164 (2022-08-31 19:38:17),". За музыкальное сопровождение во время полёта будет отвечать сотрудник нашей авиакомпании Loft Corp. - Если непреодолимые силы будут тянуть вас к диджейской стойке, то пожалуйста, переборите их в себе и отправьте нужный трек в личные сообщения по прикреплённой ссылке. Если хотите отправить трек заранее, то также в личные сообщения по прикреплённой ссылки",https://vk.com/wall-130344439_4164,пост
4164,3,Post 4164 (2022-08-31 19:38:17),. Мы благодарим вас за выбор нашей авиакомпании и желаем вам хорошего полёта!,https://vk.com/wall-130344439_4164,пост
4172,0,Post 4172 (2022-08-31 22:06:55),"Регистрация на рейс в класс эконом окончена! Апдейтик по прошлому посту, а конкретно по заказу песен. Многоуважаемые пассажиры! У диджея есть свой плейлист, с которым она будет работать. Ваши песни будут включаться по возможности и вперемешку с основным плейлистом. Мешать работе постоянным отвлечением строго запрещается! Надеемся на понимание!",https://vk.com/wall-130344439_4172,пост
4176,0,Post 4176 (2022-09-01 13:27:10),"О, погодный маг Макав, мы, Организаторы и участники лофта, просим тебя снять порчу, наложенную летом, и улучшить погодные условия! А если серьёзно, то ребят, погода как-то не располагает к веселью, но мы сдаваться не собираемся! Обращаем ваше внимание, что площадка включает в себя закрытый зал и открытую веранду, поэтому просим вас серьёзно отнестись к своему здоровью и взять тёплую одежду",https://vk.com/wall-130344439_4176,пост
4176,1,Post 4176 (2022-09-01 13:27:10),. UPD Для любителей провести время в курилке особенно актуально приодеться потеплее!,https://vk.com/wall-130344439_4176,пост
4176,0,Post 4176 (2022-09-01 13:27:10),"Сорян, шаманить только в Москве могу, так что увы, тут без меня справляйтесь, Рейтинг оргов, когда погодный маг макав нашаманил, Макав заебал, сделай нормальную погоду",https://vk.com/wall-130344439_4176,комментарий
4183,0,Post 4183 (2022-09-02 15:54:17),"До начала остаётся чуть больше 3х часов, а значит самое время добавить немного информации. Объявляем открытие осеннего лофта! Всё оплачено, куплено и подготовленно для того, чтобы вы смогли повеселиться и хорошо провести время в приятной компании! Не забывай про тёплые вещи! мы организуем подогрев веранды и тёплые пледики Адрес ул",https://vk.com/wall-130344439_4183,пост
4183,1,Post 4183 (2022-09-02 15:54:17),". Самокатная 4с19 Loft Campus Начало в 1900 Окончание в 100 Ну и чтобы наше с вами мероприятие не превратилось в замечательный Капустник, огромная к вам просьба соблюдать эти простые правила 1. Заходить за барную стойку и выдавать алкоголь сданный на хранение могут ТОЛЬКО организаторы. 2",https://vk.com/wall-130344439_4183,пост
4183,2,Post 4183 (2022-09-02 15:54:17),". 2. К столу диджея и аппаратуре подходить с напитками в руках, будь то стакан или бутылкабанка, КАТЕГОРИЧЕСКИ запрещается! Алкоголь, сданный на бар, будет подписываться, дабы не случилось историй с пропажами драгоценных напитков. По близости с лофтом есть Пятёрочка, а также КБ. Будем рады видеть каждого из вас, и, как говорится, до встречи на танцполе!",https://vk.com/wall-130344439_4183,пост
4183,0,Post 4183 (2022-09-02 15:54:17),"Приду только ради того,чтобы звать перваков на Капустник!",https://vk.com/wall-130344439_4183,комментарий
4190,0,Post 4190 (2022-09-03 12:59:58),"Пост с потеряшками Если вы что-то потерялинашли, отпишитесь здесь в комментах Кто опознал свои вещи на фотках, пишите",https://vk.com/wall-130344439_4190,пост
4190,0,Post 4190 (2022-09-03 12:59:58),"Ебать, за Пелевина лайк!, Если хозяин адаптера от мака не найдется, он мой, было бы славно найти, заберите пж а то отдам Арсену",https://vk.com/wall-130344439_4190,комментарий
4198,0,Post 4198 (2022-09-03 20:19:12),"Ну вот и пришло время подведения итогов, пока организм переваривает всё, что в него вчера влили. Вчера была, пожалуй, грандиознейшая тусовка Иканама в его истории и думаю многие с этим согласятся! Без сомнения самая нестандартная и масштабная - 260 патимейкеров и шейкерцинь",https://vk.com/wall-130344439_4198,пост
4198,1,Post 4198 (2022-09-03 20:19:12),". Было выпито море алко всевозможной крепости и съедено много килограммов Пиццы черепахи подростки обзавидовались на этом моменте Очень приятно слышать и читать все те приятные и восторженные отзывы, что вы написали в лс. Но! Одному сделать подобное не под силу никому, а поэтому представляю вашему вниманию команду Loft Corp",https://vk.com/wall-130344439_4198,пост
4198,2,Post 4198 (2022-09-03 20:19:12),"., принимавшую участие в организации сие мероприятия и без которых всего этого бы не было",https://vk.com/wall-130344439_4198,пост
4198,3,Post 4198 (2022-09-03 20:19:12),". Второй Организатор - id182740235Андрей Стеблянко Фотосъемка - Антонио Эспиноса Диджей - id267949497Даша Нелюбина Бар 1 этаж - id205676266Дарья Стокозова, id186996997Эрик Варапаев , id273630159Лидия Овечкина , id107423895Валентина Петухова , id311343608Ekaterina Voytenko , id229683875Алина Сумина , id177278369Яна Дмитриева . Бар 2 этаж - id379534012Андрей Четвергов",https://vk.com/wall-130344439_4198,пост
4198,4,Post 4198 (2022-09-03 20:19:12),. Бар 2 этаж - id379534012Андрей Четвергов . Пицца и контроль за перепившими - id30227532Никита Кезин . Разнорабочий - id245904334Арсен Матевосян . Контроль посещения - id347629323Настя Рузавина,https://vk.com/wall-130344439_4198,пост
4198,5,Post 4198 (2022-09-03 20:19:12),". Контроль посещения - id347629323Настя Рузавина . Живая музыка - ВИА Станислав Топилов, не скупитесь на подписку, ребята с нами надолго и им будет приятно скоро концерты ВК Телега Мы безмерно рады, что вам понравилось быть участниками этого поистине легендарного события! Дальше больше, ведь столько всего ещё впереди Альбом с фотографиями уже выгружен в материалы паблика. P.S",https://vk.com/wall-130344439_4198,пост
4198,6,Post 4198 (2022-09-03 20:19:12),". P.S. Начинайте откладывать на посвят P.P.S. Прошу снимавших выступление группы на веранде, отправить видео мне в лс. P.P.P.S. Огромнейшая благодарность всем поздравившим, ваш фидбэк - лучший подарок после худака, конечно",https://vk.com/wall-130344439_4198,пост
4198,0,Post 4198 (2022-09-03 20:19:12),"Если есть видосы где я за пультом, можно скинуть в телегу nelybkina или в инст _nelyubina, Видео с концертом мне, диджей был просто разъёб, Отлично тусанули, всем спасибо",https://vk.com/wall-130344439_4198,комментарий
4199,0,Post 4199 (2022-09-03 20:23:04),"Перваки такие типо, как интересно, разыгрывается тетрадь в линейку 12 листов, ее подписали Томас Шелби из острых козырьков Тайлер Дерден Майк Эрмантраут из Во все тяжечки Патрик Бейтман Валя Петухова Гном Vалера Охранник с 1 корпуса",https://vk.com/wall-130344439_4199,комментарий
4214,0,Post 4214 (2022-09-13 18:04:04),"Кто-то попытался немного поучиться, кто-то постарался постарается, актуально для 2го курса пересдачи закрыть, надеюсь у всех получилось получится, посему думаю самое время встретиться в укромном местечке и проводить последние тёплые деньки под бутылочку чего-нибудь горячительного. Где Парк школьников, старшие курсы покажут дорогу всем ещё не оперившимся птенцам Иканама",https://vk.com/wall-130344439_4214,пост
4214,1,Post 4214 (2022-09-13 18:04:04),". Когда 16го сентября, если погода соблаговолит. Если не соблаговолит, то 17го в субботу Время Начинаем по классике в 19 Ждём вас и кидаем подготовительные материалы.",https://vk.com/wall-130344439_4214,пост
4216,0,Post 4216 (2022-09-15 13:40:14),"24-25 сентября пройдет легендарное, самое масштабное завершение трилогии турниров от ЭМИТ. The Emitnational 3 - на котором будут представлены гранды отечественной дота-сцены со всех уголков нашего любимого института, начиная от мастеров студенческой активности и заканчивая матерыми любителями тугралов и матричных определителей",https://vk.com/wall-130344439_4216,пост
4216,1,Post 4216 (2022-09-15 13:40:14),". На данном событии будет множество бесплатных напитков и еды для игроков, зоны отдыха и комфортабельный вип люкс 3д спа лаунж с экраном на котором ведется трансляция текущей игры дирижеров компьютерного пространства. Спешим обрадовать, что на турнире будет разыгран внушительный, нереальный, прежде невиданный призовой фонд",https://vk.com/wall-130344439_4216,пост
4216,2,Post 4216 (2022-09-15 13:40:14),". Ждем настоящих магистров клавиатурных наук и профессоров пуджей с момом и башером. Приглашаем к участию как хардкорных игроков, так и любителей! Для того, чтобы нам определиться с дополнительными дисциплинами, пройдите, пожалуйста, гугл форму 2-3 минут и проголосуйте в опросе! Не бойтесь регистрироваться, даже если думаете, что плохо играете",https://vk.com/wall-130344439_4216,пост
4216,3,Post 4216 (2022-09-15 13:40:14),". Если вы точно хотите участвовать, но какой-то дисциплины нет, регистрируйтесь и указывайте её название в строке другое. Если будет достаточно количество участников, то постараемся организовать. Гугл форма на РЕГИСТРАЦИЮ командысебя как участника Предварительно 1. Компьютерный клуб в 10 минутах пешком от м. Проспект Вернадского 2. Бесплатная еда и напитки для игроков и зрителей",https://vk.com/wall-130344439_4216,пост
4216,4,Post 4216 (2022-09-15 13:40:14),. Бесплатная еда и напитки для игроков и зрителей. Само участие также бесплатно. 3. Стрим в лаунж зоне и на твичеютубевк 4. 1000-2000 24 и 25 сентября 5. Dota 2 точно. Hearts of iron 4Europa Universalis 4Crusaders kings 3Civilization 6 Mortal Combat Fifaказуалки и другие игры обсуждаются. 6. Могут участвовать студенты бакалавриат-магистратура-аспирантура и выпускники ЭМИТ,https://vk.com/wall-130344439_4216,пост
4216,5,Post 4216 (2022-09-15 13:40:14),". Для допуска к играм нужно будет с собой принести студенческий и паспорт для студентов или паспорт фотокопия диплома для выпускников. Если вы не доучились или в академе, необходимо связаться с организаторами и предупредить об этом. Решение о допуске в таком случае принимается индивидуально организаторами. Участие студентов других вузов или факультетов РАНХиГС строго запрещается. 7",https://vk.com/wall-130344439_4216,пост
4216,6,Post 4216 (2022-09-15 13:40:14),". 7. Точный размер призовых будет сообщен позднее, но он хороший.",https://vk.com/wall-130344439_4216,пост
4216,0,Post 4216 (2022-09-15 13:40:14),"Hearts of iron 4Europa Universalis 4 и другие казуалки, В ожидании кса или бунт, Жду short backgammon и kalik",https://vk.com/wall-130344439_4216,комментарий
4223,0,Post 4223 (2022-09-15 15:34:55),"Метаанализ показывает, что в пятницу, по-видимому, будет дождик, поэтому переносим парк на субботу, время и место те же На самом деле орги как всегда подогнали под себя удобную дату",https://vk.com/wall-130344439_4223,пост
4223,0,Post 4223 (2022-09-15 15:34:55),"Тут отправили фото, Ну 75 это уже серьезно, А потом по итогу дождя не будет завтра, а ливанёт в сб, Колдун снова постарался?",https://vk.com/wall-130344439_4223,комментарий
4240,0,Post 4240 (2022-09-17 20:16:00),"О, это что, пост про посвят? В этом посте обойдусь без лишних слов и великого красноречия с удовольствием выложусь в следующих",https://vk.com/wall-130344439_4240,пост
4240,1,Post 4240 (2022-09-17 20:16:00),". Всё, что на данный момент нужно знать Дата - с 8го октября по 9е октября Время заезда - 1800 8го октября Время выезда - до 1200 9го октября Местоположение - Деревня Большаково 20 минут на автобусе от метро Пятницкое шоссе, катает по социалке Договор подписан и уже пора бы начинать сбор денег",https://vk.com/wall-130344439_4240,пост
4240,2,Post 4240 (2022-09-17 20:16:00),". В связи с рекордной за последние несколько лет инфляцией мы решили СНИЗИТЬ стоимость сие мероприятия - 3600 для первых 80ти человек, для всех сдавших после - 4000. для первокурсников стоимость фиксированная - 3600 Реквизиты 79225430957 - Антон Щ. Сбер или Тинькофф. Если кто-то кинет на хоум кредит будет бобо.",https://vk.com/wall-130344439_4240,пост
4250,0,Post 4250 (2022-09-18 16:51:44),"Огромная просьба обратить внимание на то, как нужно оформлять переводы Анна К., пожалуйста, пришли в лс или в комментарии чек с переводом.",https://vk.com/wall-130344439_4250,пост
4251,0,Post 4251 (2022-09-21 11:29:16),"СРОЧНАЯ НОВОСТЬ Все желающие участвовать в кибертунире по дисциплине CSGO, Valorant, Call of Duty обязаны явиться 22 сентября в 1000 по адресу ул. Лобачевского, 98 корпус 2 для прохождения тренировочных учений перед проведениям реальных игр. Студенты с рангом выше Big Star в CSGO будут обеспечены повышенным содержанием и дополнительным сухпайком.",https://vk.com/wall-130344439_4251,пост
4251,0,Post 4251 (2022-09-21 11:29:16),"Отец знакомого работает редактором паблика Киберспорт РАНХиГС. Сегодня срочно вызвали на совещание. Вернулся поздно, сказал лишь дропнуть пост в иканам, собрать вещи и бежать в какое-то место на Лобачевского. Сейчас едем куда-то далеко за город. Не знаю что происходит, но мне кажется началось., Участие в турнире по кс будет учитываться как стрелковая подготовка?",https://vk.com/wall-130344439_4251,комментарий
4261,0,Post 4261 (2022-09-22 21:59:19),"Приветствуем всех казуальщиков и дотеров! Именно для вас приготовлена дополнительная порция свежего контента о месте проведения, а так же о том, что будет ждать победителей! Нужно 2 игрока на доту!!",https://vk.com/wall-130344439_4261,пост
4261,1,Post 4261 (2022-09-22 21:59:19),"! Нужно 2 игрока на доту! С любым скиллом Ссылка на регистрацию Ссылка на Телеграм-канал, где будут опубликованы расписание игр, правила и другая полезная информация Всего мы подготовили 4 дисциплины для каждой категории настоящих игроков и людей, не знающих о доте 2 - Dota 2, FIFA вставьте ваше число, HOI 4 для любителей эксель табличек и избегания девушек, Civilization 6 для кого?",https://vk.com/wall-130344439_4261,пост
4261,2,Post 4261 (2022-09-22 21:59:19),! Призовой фонд будет распределен таким образом для Dota 2 общий призовой фонд составит 90,https://vk.com/wall-130344439_4261,пост
4261,3,Post 4261 (2022-09-22 21:59:19),".000 рублей, которые распределятся таким образом 1 Место. Магомед Халилов и 4 чела 40.000 рублей 2 Место. PSG.HQD 30.000 рублей 3 Место. Тундра без Дахака 20.000 рублей 45 Место. Братва Нурика Сертификаты на игру в компьютерном клубе Venom Cyber Zone или в тир",https://vk.com/wall-130344439_4261,пост
4261,4,Post 4261 (2022-09-22 21:59:19),. Призовой фонд остаточных средств на дисциплины кроме Dota 2 МОЖЕТ БЫТЬ ИЗМЕНЕН пропорционально количеству участников на данной казуальной дисциплине Распределение количества денежных средств в зависимости из занимаемого места и титула FIFA Ограничение участников 25 человек 1 Место. Юрий Беляков 3.000 Рублей 2 Место. Фанат Miyagi Эндшпиля 2.000 рублей 3 Место. Игрок команды 2Drots 1,https://vk.com/wall-130344439_4261,пост
4261,5,Post 4261 (2022-09-22 21:59:19),".000 рублей 3 Место. Игрок команды 2Drots 1.500 рублей 4 Место. Да я не толстым был, просто на воротах любил стоять 1.000 рублей Civilization 6 1 Место. Алексей Халецкий 5.000 рублей 2 Место. Я умею выигрывать на уровне сложности Поселенец 3.000 рублей 3 Место. Почему у меня население не растет в городе? 2.000 рублей Hearts of Iron 4Europa Universalis IV Предварительный призовой фонд 10",https://vk.com/wall-130344439_4261,пост
4261,6,Post 4261 (2022-09-22 21:59:19),".000 рублей, будет распределен только команде победителей, проигравшим - сертификаты в тир. Так же предусмотрены дополнительные дисциплины, если будут желающие из игроков или зрителей Шахматы, Сапер",https://vk.com/wall-130344439_4261,пост
4261,7,Post 4261 (2022-09-22 21:59:19),". Так, с приятным закончили, продолжаем с еще более приятным, а именно - местом проведения! По адресу Проспект Вернадского 58 в компьютерном клубе Venom Cyber Zone вас будут ждать - красивые организаторы, бесплатные напитки и еда для игроков, специальное место для просмотра игр любимых игроков, об этом подробнее было в прошлом посте",https://vk.com/wall-130344439_4261,пост
4261,8,Post 4261 (2022-09-22 21:59:19),"! По поводу расписания игр - 24 сентября будет первый игровой день по Dota 2, а также проведен турнир по FIFA и дополнительным играм Шахматы, Сапер, а 25 сентября будет проведен финальный день по игре Dota 2 и сыграны турниры по Civilization 6 и HOI 4EU 4",https://vk.com/wall-130344439_4261,пост
4261,9,Post 4261 (2022-09-22 21:59:19),". Оба игровых дня будут продолжаться с 1000 до 2000, подробное описание игр будет выложено в телеграм канал турнира Эмитнационаля.",https://vk.com/wall-130344439_4261,пост
4264,0,Post 4264 (2022-09-23 22:37:46),Посвят не за горами Вот и пришло время подробнее поговорить о самом легендарном мероприятии года - посвяте 2022,https://vk.com/wall-130344439_4264,пост
4264,1,Post 4264 (2022-09-23 22:37:46),". Вы задавали вопросы о посвяте еще в августе, а теперь он совсем близко! Для тех, кто пропустил первый анонс, ссылочка на пост - Неожиданные новости с полей по археологическим раскопкам рады вас обрадовать мы возвращаем тг-канал Иканама в активную стадию ведения, поэтому подписка обязательная! - Посвят эконома - важное событие для всех студентов и выпусников Отделения экономики",https://vk.com/wall-130344439_4264,пост
4264,2,Post 4264 (2022-09-23 22:37:46),". В особенности для первокурсников, так как вы - центральные герои вечера. Побывать именно на своём посвяте - уникальный опыт и воспоминания, которые останутся с вами до конца жизни. Наполняйте свою студенческую жизнь историями и событиями, которыми сможете удивлять всех",https://vk.com/wall-130344439_4264,пост
4264,3,Post 4264 (2022-09-23 22:37:46),". Ну и конечно, помните, что обсуждать прошедший посвят в течение года сходить на посвят эмоций и воспоминаний у вас останется море! Мероприятие проводится уже множество лет и мы не собираемся предавать традиции, с каждым годом организаторы стараются усовершенноствовать все детали проведения посвята и учитывают ошибки прошлых лет. Посвят будет проходить с 1800, 8 октября суббота до 1200 9 октября",https://vk.com/wall-130344439_4264,пост
4264,4,Post 4264 (2022-09-23 22:37:46),". Местоположение Деревня Большаково, ул. Весення 1 20 минут на автобусе от м. Пятницкое шоссе. И теперь, самое главное, вы просили - мы сделали это самый бесплатный посвят за всю историю иканама, с учетом инфляции. Для всех первокурсников закрепленный ценник - 3600 рублей",https://vk.com/wall-130344439_4264,пост
4264,5,Post 4264 (2022-09-23 22:37:46),". На момент публикации из 80ти вакантных мест для всех остальных УЖЕ занято 35, а это значит что до повышения цены остаётся всего ничего. После достижения отметки, о чем мы вам сообщим, цена поднимется до 3900. Что входит в цену посвята? - Всевозможные алкогольные и безалкогольные напитки. Соки, содовые, алкоголь от пива до виски с водкой",https://vk.com/wall-130344439_4264,пост
4264,6,Post 4264 (2022-09-23 22:37:46),". На баре обязательно будут бармены, которые будут контролировать выдачу алкоголя и коктейлей для вас смешают всё, что пожелаете, в рамках разумного, а то вырубиться до церемонии посвящения будет обидно. - Еда салаты, мясо, вторые блюда, снэки. Закупка подразумевает наличие еды до утра, чтобы никто не остался голодным и недовольным",https://vk.com/wall-130344439_4264,пост
4264,7,Post 4264 (2022-09-23 22:37:46),". - Коллекционные плюшки Иканама для посвященных первкокурсников, но не будем раскрывать все карты сразу. - Аптечка, хозяйственные товары и прочая утварь, чтобы посвят прошел в полном комфорте для всех. -Люстра, конфискованная у рабочих, прямиком из 6 корпуса. - И, конечно же, сама цена аренды коттеджа",https://vk.com/wall-130344439_4264,пост
4264,8,Post 4264 (2022-09-23 22:37:46),". - И, конечно же, сама цена аренды коттеджа. Танцпол, бар, бассейн круглосуточно, сауна на 4 часа, бильярд, пинг-пинг, лоджии и другие зоны отдыха ну и куда же без комнат со спальными местами - хватит на всех желающих Приём денежных средств ведётся на реквизиты 79225430957 - Антон Щ. Сбер или Тинькофф. Если кто-то кинет на хоум кредит будет бобо",https://vk.com/wall-130344439_4264,пост
4264,9,Post 4264 (2022-09-23 22:37:46),". Если кто-то кинет на хоум кредит будет бобо. Все вопросы по посвяту вы можете задавать в личные сообщения -Антону -Андрею -Лидии vk.comlydiaov Пожалуйста, подписывайте свой перевод ФИО номер курса, также можете продублировать чек в личные сообщения Антону",https://vk.com/wall-130344439_4264,пост
4264,10,Post 4264 (2022-09-23 22:37:46),". Будем ждать вас с нетерпением Примечание редактора С момента последнего поста про посвят прошла почти неделя, тк в связи с последними событиями пиарить посвят, проводить розыгрыши и конкурсы в эти дни мы сочли по меньшей мере неуместным.",https://vk.com/wall-130344439_4264,пост
4264,0,Post 4264 (2022-09-23 22:37:46),"Будем следить за развитием ситуации, в самом худшем сценарии при тотальном ужесточении мер мы будем вынуждены отложить наше мероприятие до лучших времён, возврат средств, как это было с несостоявшимся летним лофтом, будет оформлен каждому, Ебать люстра охуенная",https://vk.com/wall-130344439_4264,комментарий
4268,0,Post 4268 (2022-09-24 13:40:02),Сегодня проходит первый день кибертурнира ЭМИТ Стрим Доты Сетка по Доте Сетка по Фифе Информация по играм,https://vk.com/wall-130344439_4268,пост
4268,0,Post 4268 (2022-09-24 13:40:02),"Сейчас играют Турбовойны VS MicroCheliki Игра на вылет! Турбовойны Макаров Николай ОНЭ 1 курс Душенков Алексей ОНЭ 1 курс Егор Груздев БИ 1 курс Макар Соломин ОЭ 1 курс Михаил Сатышев выпускник ОЭ MicroCheliki Сидоренко Николай, 4 курс ОЭ, Сергей Ефстафев, выпускник ОЭ, Ганыч Даниил, 4 курс ОЭ, Черноволенко Максим, 1 курс ПИ Поддубный Иван, 3 курс ОЭ",https://vk.com/wall-130344439_4268,комментарий
4271,0,Post 4271 (2022-09-25 14:01:53),"Кибертурнир ЭМИТ 2 день Стрим Доты Сетка по Доте Информация по играм Сейчас играют Pudge SS vs Фрукты Фрукты силы света, слева Никита Беляев ОЭ, 4 курс Артем Игнатенко ОЭ, 4 курс Андрей Менейлюк ОЭ, 4 курс Максим Качурин ОЭ, 2 курс Ринат Шарафетдинов ОЭ, 3 курс Pudge SS силы тьмы, справа Галлямов Марат БИ, 3 курс Талипов Артур БИ, 3 курс Евтюгин Алексей БИ, 3 курс Фахрутдинов Искандер 4 курс",https://vk.com/wall-130344439_4271,пост
4271,1,Post 4271 (2022-09-25 14:01:53),", 3 курс Фахрутдинов Искандер 4 курс, ОЭ Тебеньков Дмитрий 4 курс, ОЭ",https://vk.com/wall-130344439_4271,пост
4275,0,Post 4275 (2022-09-26 16:00:02),"КОНКУРС! all собака олл До главнейшего события Иканама остается ПАРУ НЕДЕЛЬ! и мы устраиваем ежегодный конкурс ХАЛЯВЫ, условия следующие Вам нужно будет создать МЕМ про учебуматанпрогупреподовстудактивпосвят и тд - на любую смежную с Иканамом тематику и отправить его нам",https://vk.com/wall-130344439_4275,пост
4275,1,Post 4275 (2022-09-26 16:00:02),". После чего будет проведено 2 голосования на стене нашего паблика и между организаторами Посвята, распределение очков за резы голосований будет в соотношении 7030 Лучшие картинки украсят стены нашего мероприятия парочку явно повесим на люстру, результаты будут абсолютно прозрачными, а победят, конечно же",https://vk.com/wall-130344439_4275,пост
4275,2,Post 4275 (2022-09-26 16:00:02),", а победят, конечно же, сильнейшие Перейдем к самим призам 1 место БЕСПЛАТНАЯ проходка на ПОСВЯТ 2 место фирменная футболка СТУДПАССИВ 3 место набор уникальных стикеров шестиграннок Умножайте это смело на 2x, так как конкурс будет проходить ОТДЕЛЬНО между 1 курсом и остальными участвующими",https://vk.com/wall-130344439_4275,пост
4275,3,Post 4275 (2022-09-26 16:00:02),"! онли ОЭ майку вручаем только на посвяте иначе предлагаем аналогичную по стоимости скидку, также вне конкурса будут разыграны еще 2 подарка для наиболее абстрактных пикч ДЕДЛАЙН 2300 воскресенье 2 октября, после чего будет проведено демократическое голосование и вечером понедельника станут известны результаты Мемы скидывать сюда в лс -",https://vk.com/wall-130344439_4275,пост
4279,0,Post 4279 (2022-09-30 18:31:37),"Один серый день сменяет другой в ожидании посвята Маленькими шажочками мы приближаемся к выходным, которые ждут месяцами времени остаётся всё меньше, а ажиотаж всё больше! Поэтому самое время узнать о приблизительном количестве человек, которые желают запоминающиеся провести свои последние свободные деньки, перед тем, как окунуться в рутину дней эконома и не только",https://vk.com/wall-130344439_4279,пост
4279,1,Post 4279 (2022-09-30 18:31:37),". Информируем, что на момент 30 сентября 1900 ещё остаются места по 3600, но с течением времени их количество все сокращается. Трепещите и торопитесь! Реквизиты 79225430957 - Антон Щ. Сбер или Тинькофф.",https://vk.com/wall-130344439_4279,пост
4281,0,Post 4281 (2022-10-01 18:25:10),"РЕПОСТ РЕПОСТ РЕПОСТ РЕПОСТ, ого прикольная отсылка, А кто диджей?, хочется рассматривать., У людей, не идущих на посвят - нет логики, а значит и нет смысла жизни c неизвестный философ",https://vk.com/wall-130344439_4281,комментарий
4289,0,Post 4289 (2022-10-01 20:00:01),"АПДЕЙТ ПО КОНКУРСУ Работы принимаются до 2300 2 октября Видосы решили, что можно На конкурс отправить можно не более 2 мемов 1 курс все ок, кидайте еще, время есть 2-4 курсы шанс завинить сейчас для вас очень большой, ждем ваши работы",https://vk.com/wall-130344439_4289,пост
4292,0,Post 4292 (2022-10-02 15:07:53),"По состоянию на 1500 осталось всего несколько мест по 3600. Чтобы не устраивать бойню, такая стоимость сохранится сегодня до 2100, дальше у 2 курса повышение до 3900 79225430957 - Антон Щ. Сбер или Тинькофф. Если кто-то кинет на хоум кредит будет бобо.",https://vk.com/wall-130344439_4292,пост
4296,0,Post 4296 (2022-10-02 20:50:04),Последний шанс попасть на посвят по кайфовой цене! Осталось 10 минут 79225430957 - Тинькофф или Сбер,https://vk.com/wall-130344439_4296,пост
4298,0,Post 4298 (2022-10-03 00:20:03),"Апдейт апдейта конкурса Работ скинули очень много а авторы только скинули машинку и статистику поэтому начало голосования будет чуть позже сегодня или с утра Будет 2 тура 1 до обеда и финальный до 2300 Во второй тур пройдут мемы с наибольшим колличеством голосов, если человек скинул 2 работы и они набрали много голосов",https://vk.com/wall-130344439_4298,пост
4298,1,Post 4298 (2022-10-03 00:20:03),", то пройдет во второй тур только одна Голоса оргов будут известны перед 1 туром и прибавлены к отнормированным резам после 2 тура",https://vk.com/wall-130344439_4298,пост
4305,0,Post 4305 (2022-10-03 14:00:03),1 курс 1 тур ГОЛОСОВАНИЕ ГОЛОСОВАНИЕ ГОЛОСОВАНИЕ 1 тур до 2300 2 тур завтра,https://vk.com/wall-130344439_4305,пост
4305,0,Post 4305 (2022-10-03 14:00:03),"Голосование стоит до 4 октября 1350, а не до 2300, А почему 8 такой правдивый",https://vk.com/wall-130344439_4305,комментарий
4308,0,Post 4308 (2022-10-03 14:10:00),старшие курсы 1 тур part 1 ГОЛОСОВАНИЕ ГОЛОСОВАНИЕ ГОЛОСОВАНИЕ 1 тур до 2300 2 тур завтра,https://vk.com/wall-130344439_4308,пост
4308,0,Post 4308 (2022-10-03 14:10:00),"6 охуенно. До слез, Стоп, тут из-за видео есть проблема с очерёдностью у меня гифка то 5ая, то 7я., Видос с Нагиевом Пейном - номер 5, гифка -7, Артамонов легенда",https://vk.com/wall-130344439_4308,комментарий
4309,0,Post 4309 (2022-10-03 14:15:00),старшие курсы 1 тур part 2 ГОЛОСОВАНИЕ ГОЛОСОВАНИЕ ГОЛОСОВАНИЕ 1 тур до 2300 2 тур завтра,https://vk.com/wall-130344439_4309,пост
4309,0,Post 4309 (2022-10-03 14:15:00),"Извините что спросил, а где мемы про схемку?, Почему опять мемы съехали",https://vk.com/wall-130344439_4309,комментарий
4316,0,Post 4316 (2022-10-03 14:59:00),старшие курсы 1 тур part 3 ГОЛОСОВАНИЕ ГОЛОСОВАНИЕ ГОЛОСОВАНИЕ 1 тур до 2300 2 тур завтра,https://vk.com/wall-130344439_4316,пост
4316,0,Post 4316 (2022-10-03 14:59:00),"Да вы заебали с палычем, как же гениален пятый номер, 6",https://vk.com/wall-130344439_4316,комментарий
4330,0,Post 4330 (2022-10-04 12:07:41),"РЕЗУЛЬТАТЫ 1 ТУРА 1 курс проходят во 2 тур 4 мема с наибольшим числом голосов Старшие курсы во 2 тур проходят все мемы которые набрали 50 и более голосов. Если прошло 2 работы, то выбирается мем с наибольшим числом голосов Результаты голосования оргов прикреплены файлом",https://vk.com/wall-130344439_4330,пост
4330,1,Post 4330 (2022-10-04 12:07:41),". Если кратко, то к итоговым резам будет прибавлено число от общего колва проголосовавших пример в файле в сегодняшнем опросе за конкретную работу",https://vk.com/wall-130344439_4330,пост
4330,2,Post 4330 (2022-10-04 12:07:41),". Второй тур начнется сегодня чуть позже, теперь голосовать можно только за 1 вариант Напомню приз за конкурс 1 место БЕСПЛАТНАЯ проходка на ПОСВЯТ 2 место фирменная футболка СТУДПАССИВ 3 место набор уникальных стикеров шестиграннок Победит сильнейший, накрутки мы осуждаем, если вас насильно просят голосовать, то можете написать донос с пруфами в лс паблика",https://vk.com/wall-130344439_4330,пост
4335,0,Post 4335 (2022-10-04 15:30:33),ФИНАЛЬНЫЙ ТУР старшие курсы Голосование до 2330 1 - научник 2 - листочки 3 - мафия муса 4 - артамонов папич 5 - шильникова поттер 6 - интервью гослинг 7 - патрик бейтман,https://vk.com/wall-130344439_4335,пост
4335,0,Post 4335 (2022-10-04 15:30:33),"Ладно. Пора приступить к запрещенным тактикам. Разыграю чизбургер среди проголосовавших за 6., Тут отправили фото, Бл, сук, меня разрывает. слишком многа годноты",https://vk.com/wall-130344439_4335,комментарий
4343,0,Post 4343 (2022-10-04 20:00:01),"Вот и настало время разыграть блокнот прямиком из офиса Яндекса Блокнот, как вы понимаете, далеко не простой. В нем расписались легендарные выпусники Иканама, чьи регалии можно перечислять бесконечно Филипп Ульянкин, Семен Осипов, Никита Чухров, Дмитрий Генералов, Юрий Беляков, Самир Алиев, Стас Илюшин",https://vk.com/wall-130344439_4343,пост
4343,1,Post 4343 (2022-10-04 20:00:01),". Есть большие сомнения, что удастcя еще раз собрать их всех вместе, однако ценность приза от этого только возрастает Условия розыгрыша 1 Быть в числе сдавших на посвят до 2100 06.10.2022 2 Скинуть в комменты к этому посту трек на посвят не больше 1 коммента Победитель будет выбран генератором случайных чисел, где число - номер вашего коммента, отсортированный по дате",https://vk.com/wall-130344439_4343,пост
4343,0,Post 4343 (2022-10-04 20:00:01),"Тут отправили фото, Тут отправили фото, Тут отправили фото, Тут отправили фото, , Тут отправили фото, Тут отправили фото, Тут отправили фото, Тут отправили фото, Тут отправили фото, Тут отправили фото, надеюсь использоваться будет рандомайзер Ушакова, Тут отправили фото, Тут отправили фото, Тут отправили фото, Тут отправили фото, Тут отправили фото",https://vk.com/wall-130344439_4343,комментарий
4343,1,Post 4343 (2022-10-04 20:00:01),", Тут отправили фото, Тут отправили фото, Тут отправили фото, , Тут отправили фото, Тут отправили фото, Тут отправили фото, Тут отправили фото, Тут отправили фото, Тут отправили фото, Тут отправили фото, Тут отправили фото, Тут отправили фото, Тут отправили фото, Тут отправили фото, Тут отправили фото, Тут отправили фото, Тут отправили фото, Тут отправили фото",https://vk.com/wall-130344439_4343,комментарий
4343,2,Post 4343 (2022-10-04 20:00:01),", Тут отправили фото, Тут отправили фото, Тут отправили фото, Тут отправили фото, Тут отправили фото, Тут отправили фото, Тут отправили фото, Тут отправили фото, Тут отправили фото, Тут отправили фото, Тут отправили фото, Тут отправили фото, Тут отправили фото, Тут отправили фото, Тут отправили фото, Тут отправили фото, Тут отправили фото, Тут отправили фото",https://vk.com/wall-130344439_4343,комментарий
4390,0,Post 4390 (2022-10-05 10:35:19),После честнейшего голосования результаты следующие Старшие курсы 1 место id226538238Роман Коршиков идет за посвят за нас счет - гифка 2 место id459725335Валерий Ходжаев - шильникова 3 место id750407645Александр Козаченко - гослинг 1 курс 1 место id321494840Алексей Пылаев идет за посвят за нас счет - лужина лимит 2 место id288731273Виктория Карандей - пилить 3 место id179327857Анна Сороколад -,https://vk.com/wall-130344439_4390,пост
4390,1,Post 4390 (2022-10-05 10:35:19),- пилить 3 место id179327857Анна Сороколад - студпассив это Всем спасибо за участие,https://vk.com/wall-130344439_4390,пост
4390,2,Post 4390 (2022-10-05 10:35:19),", для оценивания нам пришлось смотреть по 20 минут видосов, чему мы были приятно удивлены",https://vk.com/wall-130344439_4390,пост
4390,0,Post 4390 (2022-10-05 10:35:19),"Ничего нового, Тут отправили фото, Из старшаков онли 2 курс, горжусь",https://vk.com/wall-130344439_4390,комментарий
4407,0,Post 4407 (2022-10-06 20:14:24),"Важное напоминание ! Сегодня в 2200 состоится стрим с розыгрышем ЛЕГЕНДАРНОГО блокнота от Яндекса, красивой тетрадки а также пачек хлебцов, ставших уже традиционным призом от нашей организации! Приглашаем вас всех принять участие! Если вы ещё не скинули песенку в комменты пост то поторопитесь, до розыгрыша осталось всего несколько часов",https://vk.com/wall-130344439_4407,пост
4407,1,Post 4407 (2022-10-06 20:14:24),". И да, на сбер или Тинькофф 79225430957 тоже было бы неплохо скинуть, ведь мест остаётся всё меньше А пока ждём стрим, посмотрите в нашем потрясающем, откопанном и воскрешённом Телеграмм канале нарезку видео с прошлых посвятов и не только, сделанную активным пекусом",https://vk.com/wall-130344439_4407,пост
4420,0,Post 4420 (2022-10-07 21:40:28),"В октябре числа восьмого Я уеду в Большаково Заценить отвыкшим глазом иканама красоту На посвяте погуляем, пиву нет конца и края Потусуем напоследок Если часом призовут Друзья, меньше суток остаётся до главного мероприятия этой осени, а посему самое время сообщить необходимую информацию. Посвят пройдет по адресу д. Большаково ул.Весенняя 1 - 55.908494, 37.222013 На Яндекс картах это д",https://vk.com/wall-130344439_4420,пост
4420,1,Post 4420 (2022-10-07 21:40:28),".908494, 37.222013 На Яндекс картах это д. Благовещенка Сбор участников мероприятия намечен на 1740. С собой ОБЯЗАТЕЛЬНО иметь сменную обувь, а для тех, кто планирует посещать бассейн и сауну - плавкикупальник. Остальное за нами. Ждём вас, больше чем комиссию Для долго думающих 79225430957 - 3900 старшие курсы и выпускники, 3600 первый курс.",https://vk.com/wall-130344439_4420,пост
4420,0,Post 4420 (2022-10-07 21:40:28),"В смысле сменную обувь, Все равно срач будет по всей хате, Автор переделанного текста, Одни уже пытались сделать посвят со сменкой, Всем похуй стало через час, Тут отправили фото, Историческая фигня",https://vk.com/wall-130344439_4420,комментарий
4430,0,Post 4430 (2022-10-08 09:46:54),Вы думаете это всё шутки про сменку?! Тапочки или сланцы обязательно! Купающимся еще нужно брать полотенце.,https://vk.com/wall-130344439_4430,пост
4431,0,Post 4431 (2022-10-08 15:20:29),"! Attention ! Время начала сбора ДЛЯ ПЕРВОКУРСНИКОВ сдвигается на час, ждём вас к 1830 Кто уже выехал, найдем для вас развлечения",https://vk.com/wall-130344439_4431,пост
4455,0,Post 4455 (2022-10-09 19:22:24),"Традиционный пост с потеряшками Если вы что-то потерялинашли, отпишитесь здесь в комментах",https://vk.com/wall-130344439_4455,пост
4455,0,Post 4455 (2022-10-09 19:22:24),"Ищут хозяев, Ребят, если находили этот кепи, отпришитесь пожалуйста, Потерял полотенце цвета морской волны, Потерял зарядник iPhone, ориг с ориг кабелем 0.5м фото нашёл в инете, просто для визуализации. Вещь не самая дешёвая, и обидно её терять. Буду очень рад найти. Думаю, на разумном материальном вознаграждении сойдёмся",https://vk.com/wall-130344439_4455,комментарий
4455,1,Post 4455 (2022-10-09 19:22:24),"., Очки с онэ, Я потерял 3600 рублей, помогите найти, Ещё друга петерял, вместе с id271508642Тугулдур, девственность, визитницу с картами, Подик VAPORESSO XROS синий",https://vk.com/wall-130344439_4455,комментарий
4468,0,Post 4468 (2022-10-09 20:13:33),"очень понравился мальчик в красной шапочке, кто-нибудь его знает? помогите найти, хочу познакомиться 333",https://vk.com/wall-130344439_4468,пост
4468,0,Post 4468 (2022-10-09 20:13:33),"Это он напился и на третьем этаже наблевал?, Он со мной живет, в моем шкафу, могу познакомить",https://vk.com/wall-130344439_4468,комментарий
4474,0,Post 4474 (2022-10-09 21:55:01),"Потерялась кепи. Если кто то видел ее или взял с собой, то напишите в лс, пожалуйста",https://vk.com/wall-130344439_4474,пост
4474,0,Post 4474 (2022-10-09 21:55:01),"Мужик, ты попал на халяву на посвят, кепка лишь плата судьбы, прими с честью эту потерю",https://vk.com/wall-130344439_4474,комментарий
4476,0,Post 4476 (2022-10-11 10:06:00),Александр Федюк сделал 720 фотографиий.точка. Давайте полюбуемся собой красивыми и напишем ему благодарность в комментариях,https://vk.com/wall-130344439_4476,пост
4490,0,Post 4490 (2022-10-20 18:00:03),"а карьерная пятница будет проходить в Армении или Узбекистане?, Лишь съев все тарталетки с картошкой у лестницы, мы обретаем свободу., Мои слова вырезаны из контекста Редактор выбрал то, что ему выгодно, потеряв основной посыл, И почему вырезали информацию о главных потасовках на посвяте, что за цензура, Сколько стоит разместить рекламу в вашей газете?",https://vk.com/wall-130344439_4490,комментарий
4502,0,Post 4502 (2022-10-27 17:25:38),"Кто сказал, что обманывать плохо? Уже 2 месяца мы иканамом в гжк собираемся вечерами и играем в Мафию Не хотите и Вы попробовать себя в блефе? У нас хорошая новость! Деканат разрешил нам бронировать аудитории для проведения игр",https://vk.com/wall-130344439_4502,пост
4502,1,Post 4502 (2022-10-27 17:25:38),". Приглашаем всех присоединиться к нам и нашей игре правила Мафии уже в нашем Telegram-канале Если Вы хотите сыграть в другую игру или пригласить знакомых с других факультетов, мы открыты к предложениям! Подписывайтесь на наш Telegram-канал По всем вопросам обращайтесь vk.comid__your_boy Нам необходимо знать, сколько игроков нам ждать, поэтому прикрепляем опрос. Будет интересно!",https://vk.com/wall-130344439_4502,пост
4502,0,Post 4502 (2022-10-27 17:25:38),"Наконецто состоится чемпионат иканама по нардам, Студактив какой-то, А как ваще попасть в ранкекс на мафию, если будет время сыграть?, А че онлайн не устроить Чтобы каждый мог при желании, Следующий шаг - деканат дал разрешение снимать этаж в 4 корпусе для бухича, Иканам придумал Эмитинг",https://vk.com/wall-130344439_4502,комментарий
4526,0,Post 4526 (2022-10-29 22:19:41),"Ill be back Мы официально заявляем, что встречи Работающие для безработных возвращаются! И совсем скоро! Ковидные времена сильно изменили нашу жизнь, эконом - не исключение. Ограничения в Академии лишили нас прекрасных мероприятий на долгое время, в том числе и легендарнейшего формата Работающие для безработных",https://vk.com/wall-130344439_4526,пост
4526,1,Post 4526 (2022-10-29 22:19:41),". Будет не лишним сделать френдли ремайндер Да кто такие ваши карьерные пятница ака работающие для безработных?. Раньше на Иканаме это мероприятие проводилось каждый год. На нем наши выпускники, получившие первый опыт работы, рассказывали о своем карьерном пути, давали советы по стажам, помогали определяться с выбором профессии, делились своими впечатлениями",https://vk.com/wall-130344439_4526,пост
4526,2,Post 4526 (2022-10-29 22:19:41),". На этих встречах была возможность получить ответы на все животрепещущие вопросы, связанные с поиском профессии. На данный момент мы пригласили работающих из разнообразных сфер, которые готовы выступить для вас. Мероприятие пройдет в субботу скорее всего 12 ноября. После него вечером планируется мощное афтепати в баре В связи с чем вопрос готовы ли вы пойти в субботу на эту встречу?",https://vk.com/wall-130344439_4526,пост
4528,0,Post 4528 (2022-11-08 17:37:12),РАБОТАЮЩИЕ ДЛЯ БЕЗРАБОТНЫХ Уже в эту субботу 12.11,https://vk.com/wall-130344439_4528,пост
4528,1,Post 4528 (2022-11-08 17:37:12),".2022 состоится легендарнейшее мероприятие, которое мы так ждали все эти годы кто-то 3 курса Карьерная пятница пройдет в большом зале ранха, где будут выступать ВЕДующие выпускники Иканама со своим карьерным бэкграундом и повествовать нам о всех тонкостях своего дела ориентировочный старт в 14-15 часов После чего на вечер планируется афтепати в баре, где для нас будут забронены места",https://vk.com/wall-130344439_4528,пост
4528,2,Post 4528 (2022-11-08 17:37:12),", где для нас будут забронены места, в связи с чем очень просим",https://vk.com/wall-130344439_4528,пост
4528,4,Post 4528 (2022-11-08 17:37:12),"! проголосовать в опросе, чтобы откалибровать количество идущих Кто же будет выступать? 1 Чухров Никита ЦБ РФ - расскажет нам о том, какими качествами должен обладать иканамовец при устройстве на работу 2 Стас Илюшин из Ростелекома - поведует интереснейший рассказ и затронет тему нейросетей и nlp 3 Юра Беляков - ответит на вопрос есть ли жизнь после допов",https://vk.com/wall-130344439_4528,пост
4528,5,Post 4528 (2022-11-08 17:37:12),"? и поделится своим опытом работы в ВТБ 4 Крошкина Ксения - расскажет нам про то, стоит ли вкатываться работать в стартапы, а также про стиль их работы 5 Никита Шишкин - Главный аналитик данных в Дептрансе Москвы, поделится с нами своим опытом работы в гос",https://vk.com/wall-130344439_4528,пост
4528,6,Post 4528 (2022-11-08 17:37:12),". секторе 6 Потапова Мария Сбер - расскажет о работе продукт-дата аналитика и о переходе с ретейла в банк 7 Марк Якубов - раскроет нам тему работы в интернет-маркетинге и расскажет нам все о юнит-экономике и бизнес аналитике Для тех кто не имеет доступа на территорию Академии, но очень хочет попасть на мероприятие, просьба заполнить форму Очень ждем всех вас! проголосуйте!",https://vk.com/wall-130344439_4528,пост
4530,0,Post 4530 (2022-11-10 14:00:03),"Верите ли вы в совпадения? Или случайностей не бывает? Но именно перед Карьерной пятницей Иканаму выдали аудиторию для настолок, поэтому. В эту субботу! 12.11",https://vk.com/wall-130344439_4530,пост
4530,1,Post 4530 (2022-11-10 14:00:03),". В эту субботу! 12.11.2022! Мафия! в 1200 Хотите попробовать себя в блефе? Мы ждём! Мы будем собираться в 1 корпусе 2282 аудитории, все кто собираются на КП можете приходить раньше и идти к нам Обязательно перечитай наши правила Советуем подходить к 1145, чтобы успеть получить место за игровым столом также просьба перейти в тг и отметится о присутствии Увидимся за игровым столом !",https://vk.com/wall-130344439_4530,пост
4532,0,Post 4532 (2022-11-11 17:46:24),"Всем хай Уже завтра в Академии состоится Работающие для безработных, поэтому самое время уточнить важные детали. Место проведения 5 корпус, аудитория 327 вход на 3 этаже. Время начала 14.30 Время окончания 1630 ! Просьба не забывать паспорт тем, на кого был оформлен пропуск",https://vk.com/wall-130344439_4532,пост
4532,1,Post 4532 (2022-11-11 17:46:24),". До этого вы можете прийти поиграть Иканамом в мафию Место 1 корпус, аудитория 2282 Время начала 1145 Тех, кто захочет продолжить свой вечер в компании эконома, мы приглашаем в бар PapaS. в 1730. Инфа по афтепати Для нас мы забронировали 2 больших стола на отдельной зоне в легендарном баре PapaS на Никольской!, где Иканам собирался все прошлые года Адрес Никольская ул., 10 м. Лубянка",https://vk.com/wall-130344439_4532,пост
4532,2,Post 4532 (2022-11-11 17:46:24),". Убедительная просьба быть готовыми иметь при себе сумму в районе 1к хотя бы на 2-3 коктейля, чтобы в случае чего владельцы не решили отправить вас праздновать в кб Также необходимо иметь при себе паспорт, могут чекать на входе",https://vk.com/wall-130344439_4532,пост
4532,3,Post 4532 (2022-11-11 17:46:24),", могут чекать на входе, приходить лучше небольшими группами а не большой толпой Еще нам несказанно повезло и в эту субботу там проходят счастливые часы во время которых некоторые коктейли и пиво стоят 3 по 1 440 рублей",https://vk.com/wall-130344439_4532,пост
4532,4,Post 4532 (2022-11-11 17:46:24),". Это сильно ограниченно по времени, но мы можем вам заказать их заранее, если вы скините кэш решайте сами. по коктейлям сюда оплатить 3 за 1 заранее Тиньк 5536914030748861 Сбер 4276460011320137 ФИО Душить по оплате в баре будем жестко Всем хорошей карьерной пятницы субботы!",https://vk.com/wall-130344439_4532,пост
4537,0,Post 4537 (2022-11-13 19:49:35),"ЧЁ ТАКИЕ КИСЛЫЕ, РЕБЯТ?!? Кажется, мы знаем в чём дело. На улице всё холоднее, серое небо нагоняет тоску. Не хватает тусовок, не хватает кайфа, не хватает иканамовского духа. Ну ничего, всё это мы готовы возместить вам в один прекрасный день",https://vk.com/wall-130344439_4537,пост
4537,1,Post 4537 (2022-11-13 19:49:35),". Любимые наши, вы всё правильно поняли, это анонс НОВОГОДНЕГО ЛОФТА Прекрасным вечером 17 декабря мы приглашаем вас в замечательное место по адресу Измайловское шоссе 73Ж, стр. 6, дабы в очередной раз поймать кайф под горький вкус и, разумеется, посчитать определители да предельчики на баре. До 13 декабря включительно стоимость составит 999 рублей, после она повысится до 1300 рублей",https://vk.com/wall-130344439_4537,пост
4537,2,Post 4537 (2022-11-13 19:49:35),". А самым преданным фанатам лофтов, что скинут на лофт в первую неделю сборов, мы пришлём мем в ЛС, хы. Так, СТОП! Не спешите писать в комментах, что орги зажрались и собираются устроить масштабный распил даже если это правда",https://vk.com/wall-130344439_4537,пост
4537,3,Post 4537 (2022-11-13 19:49:35),". Такая цена во многом связана с тем, что в канун нового года очень сложно найти лофт по адекватной цене и этот год не стал исключением вы платите не только за 2 сета шотов для оргов в килфише, но и за действительно качественный лофт, на котором вас ждёт несколько сюрпризов Важное уточнение!!",https://vk.com/wall-130344439_4537,пост
4537,4,Post 4537 (2022-11-13 19:49:35),"! Еды и безалкогольных напитков на лофте будет больше, чем опров на коллке по линалу, но алкоголь убедительно просим приносить с собой!!",https://vk.com/wall-130344439_4537,пост
4537,5,Post 4537 (2022-11-13 19:49:35),"! Для того, чтобы сделать все максимально прозрачно, мы открываем в банках сбор средств, поэтому деньги-денюжки свои присылаете вот сюда Сбербанк сбор - Тинькофф сбор - И если не хотите проблем , то убедительно просим в сообщении указывать ФИ и КУРС, либо присылать скринчек в лс По всем вопросам обращаемся вот к этой важной тётке vk",https://vk.com/wall-130344439_4537,пост
4537,6,Post 4537 (2022-11-13 19:49:35),".commblww Продолжение следует. . . . . . . P.S. кто не скинет, того числанёт Чирский",https://vk.com/wall-130344439_4537,пост
4537,0,Post 4537 (2022-11-13 19:49:35),"Лофта ещё не было, а организация уже провалилась, Орги зажрались",https://vk.com/wall-130344439_4537,комментарий
4544,0,Post 4544 (2022-11-14 12:27:51),"В продолжение КП покидаем ссылки До 15 ноября еще 1 день идет регистрация на олимпиаду ЯП До 1 декабря регистрация на стажу аналитика в тиньке Здесь подходят к концу фулл выложенные осенние курсы по ML и DL, а также лежат курсы прошлого года с домашками и тп Самая актуальная инфа по стажам и олимпиадам Ну и конечно cтарая статья Фили, во многом не потерявшая актуальности",https://vk.com/wall-130344439_4544,пост
4545,0,Post 4545 (2022-11-14 19:38:00),"Андрей Ч, ты думаешь без тебя анонс не нарисуют? P.S. Если вы читаете этот пост и не проголосовали в опросе в закрепе, убедительная просьба сделать это",https://vk.com/wall-130344439_4545,пост
4545,0,Post 4545 (2022-11-14 19:38:00),"Когда анонс Тайного Санты?.., ха-ха, ждем когда занесут за 3 выпуск самых неподкупных ikanam students news на следующей неделе, И нам можно занести, Да, Иканамская традиция - занести всем пабликам долю с распила для рекламы, p.s. ждем наши за рекламу с распила, Алик, давай, может быть, как-нибудь, пока не поздно, отведите свои рабочие группы. Алик, не делайте это, не делайте, не надо",https://vk.com/wall-130344439_4545,комментарий
4545,1,Post 4545 (2022-11-14 19:38:00),". Алик, не делайте это, не делайте, не надо. В любом случае, Алик, пойми, и лофт будет распилен, и я. Что с этого толку будет? Сам правильно пойми! Кто от этого выиграет? Мы же от этого с тобой не выиграем, понимаешь! Если кем-то не довольна ГРГ, то это надо решать на студпассивном уровне, но не силой админок. иканама, P.S Иканаму в тг и Мафклабу тоже нужно на что-то жить, Кха",https://vk.com/wall-130344439_4545,комментарий
4558,0,Post 4558 (2022-11-15 21:22:06),"Дорогие иканамовцы, в честь приближающегося дня студента, мы решили порадовать вас плюшками, а именно розыгрышем Призы вам точно голову снесут..",https://vk.com/wall-130344439_4558,пост
4558,1,Post 4558 (2022-11-15 21:22:06),". 1 место - бесплатная проходка на ЛОФТ 2к22 2 место - домашнее вино от мамы Насти Рузавиной 3 место - эро-массаж от Размика Саркисяна Даже не знаю, какой приз получить хочется больше всего Что нужно сделать? Все просто! Скинуть на лофт кровные 999 рублей и ждать онлайн трансляции! Поспешите, розыгрыш заканчивается 22.11 ровно в 1488, ой.",https://vk.com/wall-130344439_4558,пост
4558,2,Post 4558 (2022-11-15 21:22:06),".11 ровно в 1488, ой.. в 1712 Тот, кто уже скинул, автоматически участвует в розыгрыше Кидаем сюда Сбербанк сбор - Тинькофф сбор -",https://vk.com/wall-130344439_4558,пост
4558,0,Post 4558 (2022-11-15 21:22:06),"Скидываем деньги! Я же не зря проходил платные курсы?.., Когда уже будут доплачивать за посещение лофтов?",https://vk.com/wall-130344439_4558,комментарий
4566,0,Post 4566 (2022-11-17 14:37:36),"Всем привет! Ищу продуктового аналитика в команду SMB во ВКонтакте. Наша команда занимается поддержкой малого и среднего бизнеса на площадке Более подробно могу рассказать лично, если заинтересует. Наш стек Python, Clickhouse, Hadoop, Jupyter, Redash, Airflow",https://vk.com/wall-130344439_4566,пост
4566,1,Post 4566 (2022-11-17 14:37:36),". Мы занимаемся полным сопровождением продукта на всех этапах его развития - проводим продуктовые исследования - АБ тесты оценка потенциала, дизайн, логирование, запуск, оценка результатов - строим отчеты - автоматизируем процессы У нас нет ограничений и шаблонов для исследовании, возможность творчества есть! Мы ищем аналитика, который хочет развиваться и готов погрузиться в продукт",https://vk.com/wall-130344439_4566,пост
4566,2,Post 4566 (2022-11-17 14:37:36),". График полный Режим работы по выбору дистант, гибрид, офис Уровень middle и выше На вопросы отвечу в личке, резюме тоже в личку кидайте и здесь можно почитать подробнее про требования",https://vk.com/wall-130344439_4566,пост
4567,0,Post 4567 (2022-11-18 20:42:24),"На улице вовсю начинается jingle bells, let it snow и snowman, кругом все белоснежно и красиво, кажется, что лучше уже некуда, жизнь и так прекрасна, но тут приходим мы с классными фоточками лофта Представляем вашему вниманию нашу обитель на вечер 17 декабря",https://vk.com/wall-130344439_4567,пост
4567,1,Post 4567 (2022-11-18 20:42:24),"! Что же нас там ждёт? - спросите вы С кем ты разговариваешь? Ты один в комнате, чел - отвечу вам я А если серьёзно, то Общая площадь 200 м2 Потолок 3 м",https://vk.com/wall-130344439_4567,пост
4567,2,Post 4567 (2022-11-18 20:42:24),". Эксклюзивное, уютное и просторное 2х этажное пространство Кондиционер ХОЛОДИЛЬНИК И МИКРОВОЛНОВКА Световое оборудование Мощный, профессиональный звук Возможность шуметь без ограничений по времени Гардероб 3 санузла Полноценный бар и т.д. Короче говоря, скучно не будет, это мы вам гарантируем лол, где вы ещё найдёте лофт с микроволновкой? Свои кровные 999 руб. 1300 руб. с 13",https://vk.com/wall-130344439_4567,пост
4567,3,Post 4567 (2022-11-18 20:42:24),. 1300 руб. с 13.12 отправляем сюда Сбербанк сбор - Тинькофф сбор -,https://vk.com/wall-130344439_4567,пост
4567,0,Post 4567 (2022-11-18 20:42:24),"Спасибо за кондиционер, это прям маст хев, Спасибо за потолок 3 м., это прям маст хев, Спасибо за микроволновку, это прям маст хев, А в туалет вход только по одному?.., Спасибо за холодильник.из которого спиздят водку, Спасибо за распил, это прям маст хев, ставлю 1010",https://vk.com/wall-130344439_4567,комментарий
4579,0,Post 4579 (2022-11-21 17:12:00),"! НАПОМИНАНИЕ ! Ровно сутки остались до конца масштабного, глобального, легендарного и лучшего в мире розыгрыша! Предлагаю вспомнить за что вы боритесь 1 место - Бесплатная ! проходка ! на ЛОФТ 2к22 !",https://vk.com/wall-130344439_4579,пост
4579,1,Post 4579 (2022-11-21 17:12:00),"! проходка ! на ЛОФТ 2к22 ! 2 место - Домашнее вино от мамы Насти Рузавиной 3 место - Эро-массаж от Размика Саркисяна ИЛИ невероятный фиджет спиннер прямиком из 2017 года в идеальном состоянии Принять участие очень просто! Нужно всего-то отправить 999 рублей на лофт до 1712 завтрашнего дня! Поспешите! Все, кто скинул на данный момент, участвуют в розыгрыше Отправляем сюда Сбер Тиньк",https://vk.com/wall-130344439_4579,пост
4579,0,Post 4579 (2022-11-21 17:12:00),"Легенда, Тут отправили фото, А чё а когда розыгрыш",https://vk.com/wall-130344439_4579,комментарий
4584,0,Post 4584 (2022-11-22 16:04:27),"ЧО ХЗ, ЛЕГАЛЬНЫЙ РАСПИЛ? Лэдис и джентельменс, есть важная тема для обсуждения. По заветам завсегдатая нашего клуба, вопросы подобного толка должны решаться демократическим путем, посему выносим это на всеобщее голосование С экономической стороны у иканамовсих мероприятий есть два исходы орги в плюсе, орги в минусе привет посвятам 2021, 2022. Хотелось бы решить, что делать с первым исходом",https://vk.com/wall-130344439_4584,пост
4584,1,Post 4584 (2022-11-22 16:04:27),". Хотелось бы решить, что делать с первым исходом. Итак, предложение следующее организация мероприятия может забрать себе 40 от остатка, но не более 6 от суммы всех сборов, остальные 60 остатка идут в фонд будущих мероприятий",https://vk.com/wall-130344439_4584,пост
4584,2,Post 4584 (2022-11-22 16:04:27),". Зачем это нужно? С одной стороны, каким-то образом наградить организаторов за вложенные усилия, с другой - создать некий счет, откуда организаторы и других мероприятий могут брать деньги на расходы При такой схеме будет переход на прозрачную финансовую часть",https://vk.com/wall-130344439_4584,пост
4584,3,Post 4584 (2022-11-22 16:04:27),". Какие-то шаги в этом направлении уже сделаны, на данный момент уже можно наблюдать, сколько скинули оргам отображается сумма входящих поступлений без учета возвратов. По окончании мероприятия будет выкатываться отчетность проценты не являются финальными и могут корректироваться Данный пост не является инициативой текущего второго курса",https://vk.com/wall-130344439_4584,пост
4584,0,Post 4584 (2022-11-22 16:04:27),"Не надо отчётности, орги тоже люди. Пусть зарабатывают, Хуета, пилите как нормальные люди, кому нужна это отчётность, Вы лофт сначала проведите, Какие-то шаги в этом направлении уже сделаны 1 Шаг. Забрать 40 денег 2 Шаг. Забрать 60 денег, Ну тип логично, если вы отложите остаток на след тусовку, чтобы у минус потом самим же и не уйти",https://vk.com/wall-130344439_4584,комментарий
4584,1,Post 4584 (2022-11-22 16:04:27),". Ну а если весь остаток потратите, то и в случае минуса платить сами будете. Так что остаток считай что на вашей совести, а остальным по идее насрать уже куда вы там бабки деваете",https://vk.com/wall-130344439_4584,комментарий
4584,2,Post 4584 (2022-11-22 16:04:27),". Как будто, если вы создадите какой-то фонд, то в будущем тусовки будут дешевле стоить, Орги зажрались, Я за распил, распил сила, Фонд будет чистым и прозрачным По окончании мероприятия будет выкатываться отчетность Орги следующего мероприятия Иканама, Все содержание поста в одном аудио, Может хватит бухтеть и дестабилизировать ситуацию с распилами в Иканаме",https://vk.com/wall-130344439_4584,комментарий
4584,3,Post 4584 (2022-11-22 16:04:27),"? Есть инфа от знающего человека, что у нас в институте скоро ожидаются реальные изменения",https://vk.com/wall-130344439_4584,комментарий
4584,4,Post 4584 (2022-11-22 16:04:27),". После того, как сделают Фонд посвята для дисконтирования экономических потоков, уничтожат ССА запрещенная в Иканаме организация. Тогда везде и сформируют прозрачные и чистые распилы. Цены на лофты опустят и будут держать, студактив ничего не сможет сделать. Сейчас главное не бухтеть., При мне такого говна не было., Верните мне эти времена, Чисто преподам на алкашку над, имхо",https://vk.com/wall-130344439_4584,комментарий
4611,0,Post 4611 (2022-11-24 17:00:03),"Тактика Замалчивания похода вежливых, 180-ых чопиксов в ВШЭ неприемлема в новостях., Кто спрашивал насчёт тг канала -, Опять Мисье Макав чем то недоволен. Заебал уже, Вполне вероятно, Блть, Хуета ваш фильтр мата",https://vk.com/wall-130344439_4611,комментарий
4617,0,Post 4617 (2022-11-25 17:04:12),"Привет Денису Андреевичу, , привет Денису Андреевичу, Антон Скляднев жду, Антон скляднев rip, Покажите, Дениса Андреевича, Почему опять не я, Дениса андреевича, покажите, Дениса!!",https://vk.com/wall-130344439_4617,комментарий
4617,1,Post 4617 (2022-11-25 17:04:12),"!, Не надо втораков покажите Дениса Андреевича, ноунемов показывайте, Привет Наталии Евгеньевне, кто эти люди, Нормальные ребята сейчас у когутовской сидят, Пропустиои своими болталогиями, Самое важное, Денис Андреевич потребовал не показывать его лицо на трансляции",https://vk.com/wall-130344439_4617,комментарий
4617,2,Post 4617 (2022-11-25 17:04:12),", Тулякова Софья - бесплатная проходка Овечкина Лидия - домашнее вино от мамы Насти Рузавиной Антон Скляднев - Эро-массаж от Размика, Хуйня ваши розыгрыши, Посмотрела только из-за присутствия Дениса Андреевича",https://vk.com/wall-130344439_4617,комментарий
для статьи используем ссылку на пост,0,Post для статьи используем ссылку на пост (2022-11-30 00:00:00),"Самоучитель для физиков и лириков эпоху перемен Или что делать, если все вокруг идут в ds, а ты куришь бамбук а ты куришь бамбук а ты куришь бамбук Содержание Для кого и про что эта статья",https://vk.com/@ikanam-samouchitel,пост
для статьи используем ссылку на пост,1,Post для статьи используем ссылку на пост (2022-11-30 00:00:00),"? Немного про автора С чего все начиналось теория игр Отдельно про олимпиаду Что было дальше Кто такая эта ваша лаборатория Другие возможности Вышки Так что же всё-таки делать тем, кто не хочет работать на дядю в ds? Общие правила поиска интересной работы И самое главное Для кого и про что эта статья",https://vk.com/@ikanam-samouchitel,пост
для статьи используем ссылку на пост,2,Post для статьи используем ссылку на пост (2022-11-30 00:00:00),"? Пост предназначен для студентов любых технических факультетов, в том числе для наших любимых фанатов Иканама",https://vk.com/@ikanam-samouchitel,пост
для статьи используем ссылку на пост,3,Post для статьи используем ссылку на пост (2022-11-30 00:00:00),". Цель этой статьи помочь всем новоиспечённым студентам и олдам со старших курсов найти себя в этот сложный год, когда залететь на стажи по классическим направлениям проги и data science стало значительно сложнее",https://vk.com/@ikanam-samouchitel,пост
для статьи используем ссылку на пост,4,Post для статьи используем ссылку на пост (2022-11-30 00:00:00),". Если вам хотя бы раз за годы обучения на Иканаме казалось, что вы выбрали что-то не то, что все вокруг что-то интенсивно делают и получают 300к в наносекунду, а вы как будто сидите где-то на периферии и все еще не знаете, что делать в этой жизни этот пост для вас. Здесь много лирики, поэтому содержание статьи вам в помощь можете разу перелистнуть на интересующий вас раздел без потери смысла",https://vk.com/@ikanam-samouchitel,пост
для статьи используем ссылку на пост,5,Post для статьи используем ссылку на пост (2022-11-30 00:00:00),". Немного про автора Начну с того, кто я такая и почему вообще что-то вам советую. Меня зовут Анастасия Секунда, я работаю в ВШЭ в Международной лаборатории Теории игр и делаю разные проекты, связанные и не очень связанные с наукой. Уважаемые редакторы этой группы попросили меня рассказать про свой путь успеха в науке и управлении проектами",https://vk.com/@ikanam-samouchitel,пост
для статьи используем ссылку на пост,6,Post для статьи используем ссылку на пост (2022-11-30 00:00:00),". Идея в том, чтобы показать тем, кто не хочет идти по каким-то очевидным поступашкинским путям развития в дата саенс, прогу, консалтинг и финансы, как искать интересную, неформатную и творческую работу. За последние 3 года я, как и все, много чего перепробовала, периодически разочаровывалась, но в итоге всё-таки к чему-то пришла. P.S",https://vk.com/@ikanam-samouchitel,пост
для статьи используем ссылку на пост,7,Post для статьи используем ссылку на пост (2022-11-30 00:00:00),". P.S. Как говорится, если не смог чему-то научиться, стань преподом и начни учить этому других С чего все начиналось теория игр На втором или третьем курсе большинства экономических, прогерских или математических факультетов есть предмет Теория игр",https://vk.com/@ikanam-samouchitel,пост
для статьи используем ссылку на пост,8,Post для статьи используем ссылку на пост (2022-11-30 00:00:00),". Некоторым кажется, что это будет что-то весёлое, связанное с дотой или шахматами, кто-то уже что-то слышал про Савватеева и дилемму заключённого и думает, что сейчас вас научат как жить эту жизнь, выигрывать в казино и разбираться в экономической политике. На деле оказывается, что Теория игр лучше всего из всех предметов описывается мемом ожиданиереальность",https://vk.com/@ikanam-samouchitel,пост
для статьи используем ссылку на пост,9,Post для статьи используем ссылку на пост (2022-11-30 00:00:00),". Она НЕ учит выигрывать, зато классно объясняет, как действовать рационально, как правильно конструировать рынки, проводить голосования, выборы и аукционы, прокладывать дороги и линии метро, и даже как вести бизнес и не стать банкротом",https://vk.com/@ikanam-samouchitel,пост
для статьи используем ссылку на пост,10,Post для статьи используем ссылку на пост (2022-11-30 00:00:00),". Но большая часть студентов, которая знакомится с теорией игр в рамках учебного курса, сливается на этапе освоения азов и той самой азбуки, с которой начинается изучение любой науки. Поэтому всем кажется, что теория игр это про то, чтобы дерево решений нарисовать и вероятности посчитать",https://vk.com/@ikanam-samouchitel,пост
для статьи используем ссылку на пост,11,Post для статьи используем ссылку на пост (2022-11-30 00:00:00),". Самоучитель для физиков и лириков эпоху перемен, изображение 2 В реальности настоящие ученые, работающие в этой области, занимаются очень интересными и сложными задачами социального конструирования и дизайна механизмов, которые не под силу больше никому",https://vk.com/@ikanam-samouchitel,пост
для статьи используем ссылку на пост,12,Post для статьи используем ссылку на пост (2022-11-30 00:00:00),". Они консультируют малый, крупный бизнес и государство по вопросам организации разных процессов, и в этой нише игровики оказываются почти монополистами они решают прикладные задачи на стыке математики, экономики и реальности. Отдельно про олимпиаду Перед тем как рассказывать общие правила поиска творческой работы в технической сфере, расскажу про свой путь, который начался с олимпиады",https://vk.com/@ikanam-samouchitel,пост
для статьи используем ссылку на пост,13,Post для статьи используем ссылку на пост (2022-11-30 00:00:00),". Есть олимпиада для студентов Высшая лига - преемница всем известной школьной олимпиады Высшая проба. Первый тур тащится просто на знаниях, полученных за один семестр, а вот над заклом уже придется попотеть. Тут надо будет хорошенько так сесть за книжки и поучиться иногда это все-таки приходится делать",https://vk.com/@ikanam-samouchitel,пост
для статьи используем ссылку на пост,14,Post для статьи используем ссылку на пост (2022-11-30 00:00:00),". Изначально к подготовке меня мотивировала потенциальная возможность попасть сразу на стажирвоку в Авито в случае призёрства, но пранк вышел из-под контроля и всё закрутилось очень неожиданно",https://vk.com/@ikanam-samouchitel,пост
для статьи используем ссылку на пост,15,Post для статьи используем ссылку на пост (2022-11-30 00:00:00),". По своему опыту могу сказать, что теория игр осваивается достаточно приятно и легко, если у вас есть сильная математическая база куда же без неё и какая-то странная игровая интуиция, которую просто так ниоткуда не возьмёшь. Она приходит, и ты постепенно начинаешь чувствовать на кончиках пальцев, что из себя представляют основные игровые концепции типа равновесия",https://vk.com/@ikanam-samouchitel,пост
для статьи используем ссылку на пост,16,Post для статьи используем ссылку на пост (2022-11-30 00:00:00),". Сразу говорю, что заботать олимпиаду нельзя, потому что её делают учёные исходя из реальных жизненных задач, а не копируя номерки из учебников. На закле тебе запросто могут вкинуть одну из актуальных нерешённых задач теории игр и просто смотреть, как ты будешь с ней барахтаться и тупить. Варианта скатать тут нет, и это очень честно и интересно",https://vk.com/@ikanam-samouchitel,пост
для статьи используем ссылку на пост,17,Post для статьи используем ссылку на пост (2022-11-30 00:00:00),". Победителями прошлых лет являются бывшие абсолюты всяких всеросов по математике и экономике, так что мозги развивает будь здоров. Если решите готовиться рекомендую для начала учебник Захарова под редакцией Савватеева Теория игр в общественных науках и курс Дагаева на ютьюбе смотрится быстро и легко",https://vk.com/@ikanam-samouchitel,пост
для статьи используем ссылку на пост,18,Post для статьи используем ссылку на пост (2022-11-30 00:00:00),". Что было дальше До призёрства мне не хватило пары баллов, так что олимпиада посильная, несмотря на свою специфику. И тут случился поворотный момент в процессе подготовки к олимпиаде мой друг с матфака привёл меня на день Теории игр в Вышку. Там выступали сотрудники лаборатории и рассказывали про то, чем они занимаются",https://vk.com/@ikanam-samouchitel,пост
для статьи используем ссылку на пост,19,Post для статьи используем ссылку на пост (2022-11-30 00:00:00),". В конце они предложили всем желающим студентам подаваться к ним на летнюю стажировку. Для этого нужно было отправить им свои препринты так называются черновики научных работ, курсовых, например и мотивационное письмо с инфой про себя. На тот момент за душой у меня было не так много, но я решила была не была и подалась. И сработало",https://vk.com/@ikanam-samouchitel,пост
для статьи используем ссылку на пост,20,Post для статьи используем ссылку на пост (2022-11-30 00:00:00),". И сработало. Следующий месяц я провела в Питерской Вышке вместе с ребятами с других математических факультетов, перезнакомилась с огромным количеством очень умных людей, получила новый круг общения и выступила со своей первой более-менее серьёзной научной работой",https://vk.com/@ikanam-samouchitel,пост
для статьи используем ссылку на пост,21,Post для статьи используем ссылку на пост (2022-11-30 00:00:00),". Ссылка на сайт лаборатории, где вы можете мониторить инфу про стажи Кто такая эта ваша лаборатория Почти все люди представляют себе работу в науке очень смутно. Кто-то всё ещё думает, что каждый молодой учёный - это этакий безумный Шелдон Купер, день и ночь проводящий у своей досочки с набросками Теории струн и очень оторванный от реальности",https://vk.com/@ikanam-samouchitel,пост
для статьи используем ссылку на пост,22,Post для статьи используем ссылку на пост (2022-11-30 00:00:00),". Не буду вас разочаровывать, такие люди тоже есть, и их даже много. Но они всё равно составляют меньшинство. Это, конечно, ещё зависит от сферы, в которой вы хотите работать, если брать чистую математику, там, возможно, таких людей будет больше. Но в около экономических дисциплинах таких людей почти нет",https://vk.com/@ikanam-samouchitel,пост
для статьи используем ссылку на пост,23,Post для статьи используем ссылку на пост (2022-11-30 00:00:00),". Современный учёный вообще довольно мало занимается именно вычислениями наука это про то, чтобы уметь задавать правильные вопросы и отвечать на них. Часто даже само решение задачи по важности уступает правильному вопросу, потому что большинство статей пишется в соавторстве и с решением вам могут помочь",https://vk.com/@ikanam-samouchitel,пост
для статьи используем ссылку на пост,24,Post для статьи используем ссылку на пост (2022-11-30 00:00:00),". Поэтому для науки, как это ни парадоксально, не так важно быть очень умным важно уметь посмотреть на задачу с нового ракурса. А ещё наука это очень сильно про сообщество, или, если угодно, коМмьЮниТи. Учёные не сидят по домам и не чахнут над своими работами львиная доля их успеха зависит от того, как хорошо они смогут внедриться в это сообщество и поддерживать связь с разными его участниками",https://vk.com/@ikanam-samouchitel,пост
для статьи используем ссылку на пост,25,Post для статьи используем ссылку на пост (2022-11-30 00:00:00),". Если кого-то заинтересует именно наша лаборатория, welcome ко мне в личные сообщения. Другие возможности Вышки Вышка вообще очень хорошее место с точки зрения поддержки разных студенческих инициатив и коммьюнити",https://vk.com/@ikanam-samouchitel,пост
для статьи используем ссылку на пост,26,Post для статьи используем ссылку на пост (2022-11-30 00:00:00),". Поэтому если вас не заинтересует конкретно теория игр, но вам нравится делать ресеч, очень советую посмотреть полный список лабораторий и прочекать те направления, которые могут быть вам инетерсны Так что же всё-таки делать тем, кто не хочет работать на дядю в ds? Сам формат поста подразумевает, что здесь не будет списка классических айти стажировок этого добра навалом, смотрите те же Поступашки",https://vk.com/@ikanam-samouchitel,пост
для статьи используем ссылку на пост,27,Post для статьи используем ссылку на пост (2022-11-30 00:00:00),". Я хочу написать здесь о нескольких относительно малоизвестных треках развития для тех, кто чувствует в себе интерес к чему-то ещё помимо того, чему нас учат в вузе. Самоучитель для физиков и лириков эпоху перемен, изображение 7 Гранты и инкубаторы на раскрутку стартапов",https://vk.com/@ikanam-samouchitel,пост
для статьи используем ссылку на пост,28,Post для статьи используем ссылку на пост (2022-11-30 00:00:00),". Если вы любите делать проекты с нуля, если вы готовы брать на себя много ответственности и если вы готовы терпеть год за годом разочарования и неудачи этот путь для вас. Что для этого требуется? У вас должна быть готова какая-то идея для реализации в виде MVP минимально жизнеспособного продукта",https://vk.com/@ikanam-samouchitel,пост
для статьи используем ссылку на пост,29,Post для статьи используем ссылку на пост (2022-11-30 00:00:00),". Под эту идею вы должны будете собрать команду таких же отбитых ребят и коллективно подаваться на всякие конкурсы, гранты, инкубаторы и прочие системы поддержки предпринимательства, коих у нас, по счастью, огромное количество",https://vk.com/@ikanam-samouchitel,пост
для статьи используем ссылку на пост,30,Post для статьи используем ссылку на пост (2022-11-30 00:00:00),". Сильно развивать эту тему я не буду, но перечислю несколько ресурсов, где можно черпать инфу по этой теме - Фонд содействия инновациям - обзорная статья - Вышкинский конкурс У Сбера, Сколково тоже есть свои экосистемы. Также есть куча всяких частных фондов, где в обмен на денюжки вы должны будете поделиться долей в проекте, их перечислять я не буду. Кто ищет тот найдёт",https://vk.com/@ikanam-samouchitel,пост
для статьи используем ссылку на пост,31,Post для статьи используем ссылку на пост (2022-11-30 00:00:00),". Кто ищет тот найдёт. Дело сложное, долгое, но очень благородное. Дерзайте, если вам по жизни скучно, если вы умеете доводить дела до конца и если вам не хватает драйва. Совет если вы хотите состояться как организатор или менеджер, а не просто как специалист в узкой нише, как можно раньше начинайте свои проекты",https://vk.com/@ikanam-samouchitel,пост
для статьи используем ссылку на пост,32,Post для статьи используем ссылку на пост (2022-11-30 00:00:00),". Встречайтесь с людьми, у которых уже есть какие-то зависшие на этапе разработки проекты и предлагайте помощь. Вы должны настолько сильно хотеть этого, чтобы каждому такому дяде вы могли голову на отсечение дать, что вы доведёте всё до победного конца, будете с проектом в горе и в радости и так далее. Будьте обязательными, энергичными и занимайтесь только тем, что вас завораживает. Биоинформатика",https://vk.com/@ikanam-samouchitel,пост
для статьи используем ссылку на пост,33,Post для статьи используем ссылку на пост (2022-11-30 00:00:00),". Биоинформатика. Это для тех, кого хоть в какой-то степени интересует медицина или биология. Сейчас это набирающий популярность трек для тех, кому не хватает осмысленности в обычном дата саенсе. Работая в биоинформатике, вы будете делать примерно то же, что и в обычном ds, только думать вы будете не о кредитном скоринге, а о важном и вечном как людям помогать",https://vk.com/@ikanam-samouchitel,пост
для статьи используем ссылку на пост,34,Post для статьи используем ссылку на пост (2022-11-30 00:00:00),". Нужно будет очень хорошо шарить за матстат, особенно за проверку гипотез, тервер, и придётся дополнительно выучить некоторые непривычные методы анализа, которые используются в медицине можете погуглить GWAS. Дело очень интересное, потенциально будете изучать природу различных болезней, эпидемий и так далее",https://vk.com/@ikanam-samouchitel,пост
для статьи используем ссылку на пост,35,Post для статьи используем ссылку на пост (2022-11-30 00:00:00),". Оплачивается это дело хорошо, позиций соответствующих всё больше, так как индустрия недавно пошла в рост, да и вообще MedTech это круто. Тут вам в помощь центры дополнительного образования вроде Института Биоинформатики или соответствующая магистратура. Наука. Наука есть не только в упомянутой выше Вышке, но и вообще везде. Но далеко не везде это достойно оплачивается",https://vk.com/@ikanam-samouchitel,пост
для статьи используем ссылку на пост,36,Post для статьи используем ссылку на пост (2022-11-30 00:00:00),". Но далеко не везде это достойно оплачивается. Плюс этого трека в том, что вы можете заниматься какими-то исследованиями параллельно с вашей основной работой и интереса больше, и копеечка радует. В родном Ранхигсе есть ИПЭИ Институт Прикладных Экономических Исследований, куда вас может устроить ваш научник, если вы его сильно попросите",https://vk.com/@ikanam-samouchitel,пост
для статьи используем ссылку на пост,37,Post для статьи используем ссылку на пост (2022-11-30 00:00:00),". Самоучитель для физиков и лириков эпоху перемен, изображение 8 Ссылка Совет всегда выясняйте у знающий людей, какая именно лаборатория наиболее крутая из спискалюбого, Вышкинского, Ранховского, не важно. Потому что лаба лабе рознь, и где-то вы найдете коммьюнити, интересную работу и денюжку, а где-то на вас будут смотреть свысока и поплевывать",https://vk.com/@ikanam-samouchitel,пост
для статьи используем ссылку на пост,38,Post для статьи используем ссылку на пост (2022-11-30 00:00:00),". Ещё раз ссылка на Вышкинские лабы Общие правила поиска интересной работы Ходите на встречи единомышленников, и это не про всякие лофтопосвятыхотя про них тоже. Это очень важно независимо от того, хотите ли вы идти по классическому треку дата саенса или ищете что-то чудное, чем, как вам кажется, вообще никто не занимается",https://vk.com/@ikanam-samouchitel,пост
для статьи используем ссылку на пост,39,Post для статьи используем ссылку на пост (2022-11-30 00:00:00),". Просите друзей звать вас на всякие дни открытых дверей других факультетов, мероприятия других вузов. В моём вот случае сыграл совершенно случайный поход на матфак. Знала ли я тогда, что после этого дня полностью поменяется мой круг интересов и общения? Нет, конечно. Так что не будьте скептиками и занудами, ходите везде, не замыкайтесь на свою факультетскую общину",https://vk.com/@ikanam-samouchitel,пост
для статьи используем ссылку на пост,40,Post для статьи используем ссылку на пост (2022-11-30 00:00:00),". На этих встречах старайтесь сразу заобщаться с организаторами, если вы чувствуете, что это ваше. Опять же, предлагайте безвозмездную помощь. В начале карьеры всегда обычно приходится немного поработать за спасибо и ценный опыт. Красивая резюмешка Этот пункт почему-то недооценивают даже многие старожилы безработной тусовки",https://vk.com/@ikanam-samouchitel,пост
для статьи используем ссылку на пост,41,Post для статьи используем ссылку на пост (2022-11-30 00:00:00),". Её лучше делать в латехе, с оверлифом так вообще можно разобраться за полдня и использовать шаблон Она должна лежать у вас всегда готовой и обновленной на рабочем столе, чтобы работодателю не пришлось ждать три дня, пока вы там её кривенько в ворде запилите. Про хорошие резюме вообще можно говорить долго, но есть места, где навыку их составления отдельно учат, и это чудесно ЦМФ, например",https://vk.com/@ikanam-samouchitel,пост
для статьи используем ссылку на пост,42,Post для статьи используем ссылку на пост (2022-11-30 00:00:00),". Учитесь грамотно излагать свои мысли, рассказывать о себе и выступать. Это экстремально важно для всех сфер ну только вот если вы полярником где-нибудь на северной станции работаете в одиночестве, тогда может не очень важно. Даже простые орфографические ошибки в резюме или презах могут привести к фолу, ну а про то, что любые собесы начинаются с рассказа про себя, я вообще молчу",https://vk.com/@ikanam-samouchitel,пост
для статьи используем ссылку на пост,43,Post для статьи используем ссылку на пост (2022-11-30 00:00:00),". Тренировать навыки нужно на тех же собесах и питч-сессиях, если мы говорим про проектную деятельность. Позиция по знакомству Не брезгуйте ненавязчиво просить ваших работающих знакомых себя порекомендовать, если вы считаете, что вы доросли до какой-то позиции. Сейчас из-за глобального спада рынка эйчары ушли в тину и почти не отвечают на отклики через сайты или hh",https://vk.com/@ikanam-samouchitel,пост
для статьи используем ссылку на пост,44,Post для статьи используем ссылку на пост (2022-11-30 00:00:00),".ru, поэтому по крайней мере в ближайшие месяцы вы скорее нервы просадите, если будете подаваться везде подряд. 5. Идеальная работа. При поиске работы очень важно понимать, как выглядит точка В, в которой вы хотите в итоге оказаться",https://vk.com/@ikanam-samouchitel,пост
для статьи используем ссылку на пост,45,Post для статьи используем ссылку на пост (2022-11-30 00:00:00),". Огромное количество людей пытается вписаться в нарастающий тренд и обламываются, потому что доучиваются они по специальности тогда, когда тренд уже спал и пришла стагнация. Поэтому они оказываются у разбитого корыта ни денежек, ни работы, да и эта тема не так уж сильно интересной оказалось. Поэтому лучше всё-таки изначально понять, кем вы себя видите",https://vk.com/@ikanam-samouchitel,пост
для статьи используем ссылку на пост,46,Post для статьи используем ссылку на пост (2022-11-30 00:00:00),". Это может быть не конкретная позиция или даже сфера, а скорее подходящий вам образ жизни. Отталкивайтесь от того, на что вы хотите потратить свою молодость и подбирайте работу по критерию я могу делать это каждый день. А то получится как у большинства людей, отучившихся на экономах выгорел к 25 и не знаю, что делать",https://vk.com/@ikanam-samouchitel,пост
для статьи используем ссылку на пост,47,Post для статьи используем ссылку на пост (2022-11-30 00:00:00),". Ваше действия, с одной стороны, могут быть вполне хаотичными, потому что в моменте вы всё ещё не знаете, что именно стрельнет из ваших интересов, а с другой стороны, у этих действий всё равно должна быть направленность. Это главное",https://vk.com/@ikanam-samouchitel,пост
для статьи используем ссылку на пост,48,Post для статьи используем ссылку на пост (2022-11-30 00:00:00),". Это главное. Ваша карьерная траектория би лайк Ваша карьерная траектория би лайк Отказы Все постоянно сталкиваются с отказами слили с последнего этапа отбора на стажу, эйчар нахамил, где-то заигнорили, конкурс не выиграли и так далее. Это бьёт по самооценке абсолютно ВСЕХ",https://vk.com/@ikanam-samouchitel,пост
для статьи используем ссылку на пост,49,Post для статьи используем ссылку на пост (2022-11-30 00:00:00),". Это бьёт по самооценке абсолютно ВСЕХ. Просто помните, что у всей этой тусовки есть 100 причин помимо вашего я тогда им недостаточно чётко ответил на вопрос отказать вам. Не рефлексируйте на эту тему вообще, но, если есть такая возможность, вежливо простите фидбек у команды, почему они вам отказали. И помните, что поиск работы это ультраэнергозатратный процесс, быстро приводящий к выгоранию",https://vk.com/@ikanam-samouchitel,пост
для статьи используем ссылку на пост,50,Post для статьи используем ссылку на пост (2022-11-30 00:00:00),". Поэтому делайте перерывы мир не рухнет, если вы сделаете паузу и просто отдохнёте без зудящих мыслей о поиске работы. literally каждый студент после очередной пачки отказов literally каждый студент после очередной пачки отказов И самое главное Золотое правило построения карьеры заключается в том, что ты всегда проигрываешь, когда тратишь время на то, что тебе не нравится",https://vk.com/@ikanam-samouchitel,пост
для статьи используем ссылку на пост,51,Post для статьи используем ссылку на пост (2022-11-30 00:00:00),". Можно себя много лет обманывать и сквозь зубы каждый день трудится, думая, что вода камень точит. Так-то оно так, какие-то деньги вы может быть и выручите с этого, но вы всегда будете проигрывать тысячам других специалистов в эффективности",https://vk.com/@ikanam-samouchitel,пост
для статьи используем ссылку на пост,52,Post для статьи используем ссылку на пост (2022-11-30 00:00:00),". Поверьте, даже в вашей узкой нише найдётся кто-то, кто будет любить эту работу в 100 раз больше вас, а потому и вкладываться он будет гораздо больше, и в финале рост у него тоже будет больше",https://vk.com/@ikanam-samouchitel,пост
для статьи используем ссылку на пост,53,Post для статьи используем ссылку на пост (2022-11-30 00:00:00),". Поэтому, вот она, одна-единственная заповедь поиска работы Не стыдно перепробовать триста занятий, прежде чем вы найдёте себя стыдно не любить себя настолько, чтобы тратить свои лучшие годы на то, что не делает вас счастливым. Спасибо, что дочитали! Буду рада фидбэку и любым идеям по дополнению поста У меня есть канал, где я периодически раз в месяц пишу на похожие темы",https://vk.com/@ikanam-samouchitel,пост
4665,0,Post 4665 (2022-11-30 16:00:57),"Всем привет! Этим постом мы хотим возродить череду небольших лонгридов от тех, кто сгонял куда-то или прошел в it-школу и хочет поделиться с другими и т. п. последний пост был аж в 2019 году Первой поддалась на уговоры Анастасия Секунда, она смогла попасть летом в Международную лабу Теории игр от вышки, об этом и своем опыте она пишет ниже.",https://vk.com/wall-130344439_4665,пост
4683,0,Post 4683 (2022-12-01 16:00:03),"Поступашечный пост Прямо сейчас стартовали регистрации на многие зимне-весенние программы стажировокшкололимпиад. По личному опыту можем сказать, что сложность прохождения отборочных в геометрической прогрессии уменьшается от кол-ва людей, решающих задания Поэтому нам пришла идея собрать всех желающих проходить их вместе",https://vk.com/wall-130344439_4683,пост
4683,1,Post 4683 (2022-12-01 16:00:03),". Однако попытки создания на Иканаме открытых для всех чатов не увенчались успехом ни в наши годы, ни ранее. Сейчас чат уже создан и решения из него, возможно, будут попадать в наследие а возможно нет Если вы хотите в него попасть, то напишите в коменты или кому-то в лс из этих людей id390527602Ринат Ш",https://vk.com/wall-130344439_4683,пост
4683,2,Post 4683 (2022-12-01 16:00:03),". id214090426Саня Фень, id459725335Валера Ходжаев Основная инфа 1Ozon Camp - регистрация до 10 декабря очень крутая программа стажи с направлениями аналитики и финансов rec515204684 2Тинькофф Старт - регистрация и экзамены до 21 декабря стажа на аналитика 3Тинькофф Образование - регистрация на экзы декабрь курсы ML и DL, после которых можно устроиться в тиньку 4Уже сейчас во всю идет ЯП",https://vk.com/wall-130344439_4683,пост
4683,3,Post 4683 (2022-12-01 16:00:03),", которую лучше всего садиться вместе и решать 5Олимпиада экзамен от правительства Москвы features 6Очень прикольно послушать умных дядек хотя бы фоном YaTalks 2022 главная конфа Яндекса в этом году 3-4 декабря есть ml секции - Яндекс Data Day запись 19 ноября -",https://vk.com/wall-130344439_4683,пост
4683,0,Post 4683 (2022-12-01 16:00:03),"Сколько вам заплатил озон, Рекомендую стажу в тиньк, нихуя не делаешь 3 месяца и получаешь бабки",https://vk.com/wall-130344439_4683,комментарий
4692,0,Post 4692 (2022-12-05 14:00:01),"Oh, jingle bells, jingle bells Jingle all the way Ну что, у вас уже появилось новогоднее настроение? Нет?! Да-да, понимаем, контрольные, дедлайны горят, НИР не пишется Но за окном снег, в магазинах уже появились новогодние украшения, а это значит, что пора задуматься о подарках! По этой причине Торжественно открываем запись на Тайного Санту 2022-2023",https://vk.com/wall-130344439_4692,пост
4692,1,Post 4692 (2022-12-05 14:00:01),! Тайный Санта самое теплое мероприятие в самое холодное время года,https://vk.com/wall-130344439_4692,пост
4692,2,Post 4692 (2022-12-05 14:00:01),". По сути, это обмен подарками между самыми близкими людьми иканамовцами",https://vk.com/wall-130344439_4692,пост
4692,3,Post 4692 (2022-12-05 14:00:01),". Поэтому мы все с таким нетерпением его ждем! Немного о правилах Для участия необходимо заполнить анкету ниже и максимально описать свои предпочтения, чтобы подарок точно тебе понравился",https://vk.com/wall-130344439_4692,пост
4692,4,Post 4692 (2022-12-05 14:00:01),"! Долго не думай, ведь регистрация закончится уже 10 декабря в 2359 Верхнего предела щедрости для Санты быть не может, но постарайся не огорчить своего подопечного, поэтому нижняя граница для подарка 600-800 рублей",https://vk.com/wall-130344439_4692,пост
4692,5,Post 4692 (2022-12-05 14:00:01),". Затем, 11 декабря ты получишь письмо от человека, КОТОРОМУ ты будешь выбирать подарок, а также его номер, но никому его не сообщай! 22-го декабря с 1200 до 1800 приноси подготовленный подарок и смело забирай свой! Заполняй анкету для участия Обязательно постарайся над подарком и порадуй человечка своим вниманием! Если возникнут вопросы, обращайся к Вале",https://vk.com/wall-130344439_4692,пост
4693,0,Post 4693 (2022-12-05 23:59:15),"А, блин, мы же лофт там организовываем, точно. Пора бы напомнить вам, что до повышения цены остаётся всего ничего. А если быть точным, то 13 декабря в 2359 цена взлетает на шесть этажей вверх это как семь, но на один пониже. А если быть ещё точнее, то вместо 999 руб. проходка будет стоить аж 1300 руб",https://vk.com/wall-130344439_4693,пост
4693,1,Post 4693 (2022-12-05 23:59:15),". проходка будет стоить аж 1300 руб. Не упускай возможность попасть на лофт до повышения, готовься к сессии, закрывай хвосты и будь счастлив, дорогой читатель P.S. а если вы вдруг забыли куда кидать денюжки, то вот Сбербанк сбор - Тинькофф сбор -",https://vk.com/wall-130344439_4693,пост
4693,0,Post 4693 (2022-12-05 23:59:15),"организовать хороший лофт или провалить семестр., Думайте.",https://vk.com/wall-130344439_4693,комментарий
4702,0,Post 4702 (2022-12-11 12:00:01),"Привет, это я, Валера, твой единственный организатор. Хочу напомнить, что до повышения цены осталось все ничего, каких-то 60 часов Тинькофф сбор - Сбербанк сбор - От орга если вы закидываете на сбербанк, то проверьте, что вы перевели, нужно сначала зайти в сбор, потом перевести",https://vk.com/wall-130344439_4702,пост
4705,0,Post 4705 (2022-12-11 20:30:00),"Два поста про лофт за один день?! Вот это мы разошлись, конечно..",https://vk.com/wall-130344439_4705,пост
4705,1,Post 4705 (2022-12-11 20:30:00),". Но поверьте, повод веский, потому что сегодня я готов торжественно объявить дресс-код нашего с вами мероприятия! И тут мы обошлись без выкрутасов - одеваемся по-новогоднему У кого на что хватит фантазии оленьи рожки, новогодние колпачки, помощники Санты и всё в таком роде И чтобы как-то убедить вас, что запариться с костюмом всё же стоит, мы решили превратить это всё в конкурс",https://vk.com/wall-130344439_4705,пост
4705,2,Post 4705 (2022-12-11 20:30:00),"! Правила предельно просты приходите в лучшем костюме - получаете секретный приз Ещё хочется отметить, что всё это было бы невозможно без нашего главного спонсора - Максима Елисеева, который самолично скинул деньги и попросил придумать, что с ними можно сделать",https://vk.com/wall-130344439_4705,пост
4705,3,Post 4705 (2022-12-11 20:30:00),". Поэтому призываю всех написать в комментариях Макс, спасибо за конкурс! А ещё лучше, если продублируете это ему в лс, он будет рад И по классике кэш, лавэ, капусту, и так далее, присылаем сюда Сбербанк сбор - Тинькофф сбор - P.S. ниже прикрепили примерные варианты нарядов, но креатив с вашей стороны всегда приветствуется P.P.S. успейте скинуть деньги до повышения - 999 руб. до 13.12 и 1300 руб",https://vk.com/wall-130344439_4705,пост
4705,0,Post 4705 (2022-12-11 20:30:00),"А когда результаты конкурса весеннего лофта?, Можете не разыгрывать приз, Всем ежа!, Я надеюсь дед мороз и бабушка снегурочка будут в лофте, как год назад?",https://vk.com/wall-130344439_4705,комментарий
4716,0,Post 4716 (2022-12-12 21:14:31),"27 часов до повышения. Это пост-напоминание, что уже завтра в 2359 999 рублей магическим образом превратятся в 1300. Осталось очень мало мест. Да начнутся голодные игры! И пусть удача всегда будет с вами! Сбербанк сбор - Тинькофф сбор -",https://vk.com/wall-130344439_4716,пост
4717,0,Post 4717 (2022-12-12 22:35:20),ПРИСОЕДИНЯЙТЕСЬ И СЛЕДИТЕ ЗА АКТУАЛЬНОЙ ИНФОРМАЦИЕЙ ВМЕСТЕ С НАМИ!,https://vk.com/wall-130344439_4717,пост
4735,0,Post 4735 (2022-12-16 20:30:44),"До лофта осталось меньше 24 часов, а значит самое время напомнить вам, как провести завтрашний день с максимальной пользой! 1. Встать в 7 утра и выйти на пробежку спорт - жизнь 2. Вернуться домой, позавтракать и полететь на встречу с коллегами в овальном кабинете 3. Сделать фотку с Валерой на фоне Горы Рашмор 4. Проснуться с 5 по 9 пункт бытовуха, не будем заострять внимание. 10",https://vk.com/wall-130344439_4735,пост
4735,1,Post 4735 (2022-12-16 20:30:44),". 10. К 1400 приехать на Юго-Западную, чтобы отлично поиграть в Мафию 5 корпус, аудитории 208, 120, вся инфа здесь - 11. Приехать на лофт к 1900 пост с тем, как добраться до него будет чуточку позже 12. До часу ночи отжигать под ягоду малинку, калинку малинку и малинки, малинки - такие вечеринки 13",https://vk.com/wall-130344439_4735,пост
4735,2,Post 4735 (2022-12-16 20:30:44),". Отправиться на убер блэк домой! Также хочу напомнить, что вы можете приносить с собой алкоголь и отдавать его на хранение в бар, обещаем не распиливать и не распивать его ТРИ СВОБОДНЫХ МЕСТА Если же у кого-то ещё есть желание пойти, то рады сообщить, что освободилось 3 места на лофт, разбирайте, пока горячие! можете написать Насте - P.S",https://vk.com/wall-130344439_4735,пост
4735,3,Post 4735 (2022-12-16 20:30:44),".S. Перваки, осторожно! Возможно вы вместо танцев будете сдавать личные задачки, хотя, кто знает.",https://vk.com/wall-130344439_4735,пост
4737,0,Post 4737 (2022-12-17 12:00:04),"ЭТОТ ДЕНЬ НАСТАЛ! МЫ ЖДАЛИ ЕГО, ВЫ ЖДАЛИ ЕГО, ВСЕ ЖДАЛИ ЕГО! СЕГОДНЯ СОСТОИТСЯ НОВОГОДНИЙ ЛОФТ! И чтобы быть уверенными в том, что дойдут все, мы решили указать вам верный путь! Адрес всё тот же Измайловское шоссе, 73Ж стр. 6 Начинаем в 1900 Закругляемся в 100 И разрешите немного подушнить с парочкой очень важных правил 1",https://vk.com/wall-130344439_4737,пост
4737,1,Post 4737 (2022-12-17 12:00:04),". Заходить за барную стойку и выдавать алкоголь, сданный на хранение, могут только организаторы! 2. Ни в коем случае нельзя подходить к столу диджея и аппаратуре с напитками в руках! КАТЕГОРИЧЕСКИ ЗАПРЕЩАЕТСЯ, АХТУНГ Весь алкоголь, который вы сдадите нам на хранение, мы аккуратно подпишем и будем честно охранять Недалеко от места проведения есть КБ и Пятёрочка! Не прощаюсь, потому что ещё увидимся",https://vk.com/wall-130344439_4737,пост
4737,0,Post 4737 (2022-12-17 12:00:04),"За преднамеренное и злостное нарушение правил, привлёкшее за свой повреждение звукового или иного оборудования, будут применены санкции, вплоть до занесения в чс на дальнейшие мероприятия под нашим организаторством, Да ну ёпт, за что же вы так любите Восток Москвы",https://vk.com/wall-130344439_4737,комментарий
4746,0,Post 4746 (2022-12-18 13:41:25),"Традиционный пост с потеряшками Если вы что-то потерялинашли, пишите в комментариях Если опознали свою вещь по фотке, обращайтесь к Насте vk.commblww",https://vk.com/wall-130344439_4746,пост
4746,0,Post 4746 (2022-12-18 13:41:25),"Тут отправили фото, Чехол с наушниками galaxy buds Был в белом чехле и надпись samsung, буквы m и s посередине почти стёрлись, Веру в человечество, Телефон Oneplus голубого цвета 21 века",https://vk.com/wall-130344439_4746,комментарий
4746,1,Post 4746 (2022-12-18 13:41:25),". Без чехла, чья-то серьга, чёрные беспроводные большие наушники sony, Потерялся шарф, Такая штука, Зарядка и подключенный к ней айкос это не айкос, но я хз как оно называется, написано lil на корпусе",https://vk.com/wall-130344439_4746,комментарий
4755,0,Post 4755 (2022-12-18 18:10:12),"Добрый вечер, дорогие иканамовцы, спасибо всем, кто посетил наше мероприятие! Фидбек можете оставлять в комментах или писать мне в личку - Или Элвину - Постараемся учесть все пожелания и недочеты при организации будущих тусовок",https://vk.com/wall-130344439_4755,пост
4755,0,Post 4755 (2022-12-18 18:10:12),"ребят, я нашёл видео с концовки лофта, вот оно, Мы кстати выполнили все пункты из мема",https://vk.com/wall-130344439_4755,комментарий
4763,0,Post 4763 (2022-12-26 15:10:40),Голосуем за самое запоминающиеся событие уходящего года!,https://vk.com/wall-130344439_4763,пост
4767,0,Post 4767 (2023-03-01 21:20:03),А наклейки от id6045249Филипп Ульянкин 2018 года уже можно продавать как раритет?,https://vk.com/wall-130344439_4767,пост
4767,0,Post 4767 (2023-03-01 21:20:03),"Все наклейки передавать в руки 3 кур.. кхе-кхе в фонд посвята, Да, говорят, где-то в бананово-лимонном идут как горячие пирожки в криптообменниках, одна только с рстудио улетает за биток, а что уж говорить о легендарной наклейке с Демешевым., Требую аукцион, они как из жопы, не думаю что у них есть ценность, нет чтобы хранить как дорогие марки",https://vk.com/wall-130344439_4767,комментарий
4780,0,Post 4780 (2023-03-08 18:15:00),"спасибо за поздравления, мужики!, Мы на подступах к переходу. Боеприпасы нам как не давали, так и не дают. Никаких шагов по выдаче боеприпасов не сделано. Потерь могло бы быть в 5 раз меньше. - концелярия объединенной группировки Студпассив без студ",https://vk.com/wall-130344439_4780,комментарий
4784,0,Post 4784 (2023-03-10 16:25:23),"Всем привет! В ПАО НОВАТЭК есть несколько открытых вакансий в Департаменте слияний, поглощений и финансового структурирования проектов. Описание позиций прилагаю. Направлять резюме можно мне в ТГ fokinadia или на почту n.fokinanovatek.ru P.S. это контанты сотрудника департамента, не рекрутера.",https://vk.com/wall-130344439_4784,пост
4786,0,Post 4786 (2023-03-14 17:00:01),"ГОТОВЬТЕ СВОИ ПИП-ИНСТАЛЛЫ И СЕЛЕКТ-ФРОМЫ, ВЕДЬ ЭТО НОВЫЙ ПОСТ О переПОСТУПАШКАХ. Уже сейчас открылись регистрации на многие летние и осенние программы стажировокшкололимпиад. Для этого мы снова хотим напомнить вам о существовании чата, где публикуются задания и их решения. Помимо этого, в скором времени планируется настроить целую систему для достижения более высоких результатов",https://vk.com/wall-130344439_4786,пост
4786,2,Post 4786 (2023-03-14 17:00:01),", то пишите в комменты или кому-то в лс из этих людей id214090426Александр Фень id390527602Ринат Шарафетдинов id459725335Валерий Ходжаев На сегодняшний день у нас 1 Стажа в Яндексе на аналитика 2 Стажа в лаборатории Касперского - регистрация и экзамены с 20 марта до 12 апреля стажа на системного аналитика и не только 3 Тинькофф Старт - регистрация и экзамены до 21 марта стажа на аналитика 4",https://vk.com/wall-130344439_4786,пост
4786,3,Post 4786 (2023-03-14 17:00:01),и экзамены до 21 марта стажа на аналитика 4 Олимпиада Math of Machine Learning 2023 от ВШЭ И еще полезная ссылочка с новым сообществом всех дсеров из России,https://vk.com/wall-130344439_4786,пост
4786,4,Post 4786 (2023-03-14 17:00:01),". Здесь огромное количество интересных разделов и каждый наверняка найдет для себя что-то полезное а еще, если верить слухам от 4VK ИКАНАМ, один из админов данного сообщества имеет непосредственное отношение к ОЭ",https://vk.com/wall-130344439_4786,пост
4789,0,Post 4789 (2023-03-20 16:26:02),"Добрый вечер, дамы и господа! Рады приветствовать вас в нашем дивном заведении - RUS PILL Но перед нашим сотрудничеством вы должны запомнить восемь очень важных правил, без которых мы не будем с вами работать",https://vk.com/wall-130344439_4789,пост
4789,1,Post 4789 (2023-03-20 16:26:02),". Первое правило RUS PILL расскажите всем о RUS PILL Второе правило RUS PILL всегда рассказывайте всем о RUS PILL Третье правило RUS PILL 22 апреля в 1800 явиться на назначенное место встречи, о котором мы сообщим позже Четвёртое правило RUS PILL никаких поединков Пятое правило RUS PILL сдать 1000 руб",https://vk.com/wall-130344439_4789,пост
4789,2,Post 4789 (2023-03-20 16:26:02),". по реквизитам, которые ниже Шестое правило RUS PILL сдать деньги как можно быстрее, а то после 15 апреля цена будет составлять 1300 рублей Седьмое правило RUS PILL указывайте ФИ и курс, когда скидываете деньги Восьмое и последнее правило RUS PILL КАЙФУЙТЕ По всем вопросам обращаемся к главе RUS PILL vk.commblww Выжимка 1000 , 1800, после 15.04 1300 , лофт 22",https://vk.com/wall-130344439_4789,пост
4789,3,Post 4789 (2023-03-20 16:26:02),".04 1300 , лофт 22.04 Ссылки Сбербанк сбор - Тинькофф сбор - Мы ещё вернёмся.",https://vk.com/wall-130344439_4789,пост
4789,0,Post 4789 (2023-03-20 16:26:02),"без поединков? прям совсем?, бред, почему без файтов, а где вариант не пойду, потому что меня отпиздят? 000",https://vk.com/wall-130344439_4789,комментарий
4795,0,Post 4795 (2023-03-22 18:40:34),"СБОРЫ И РОЗЫГРЫШ Кратко, быстро и по факту 𝟙. Мы решили вернуться к системе со сборами, так как в прошлый раз вы эту идею преимущественно поддержали Ссылки Сбербанк сбор - Тинькофф сбор - 𝟚",https://vk.com/wall-130344439_4795,пост
4795,1,Post 4795 (2023-03-22 18:40:34),". И чтобы не делать пост только ради информации о сборе, мы решили устроить очередной РОЗЫГРЫШ Да-да, новый лофт - новый конкурс! Условия очень простые Скинуть 1000 по одной из ссылок сверху до 2359 следующей среды 29",https://vk.com/wall-130344439_4795,пост
4795,2,Post 4795 (2023-03-22 18:40:34),".03 Ждать результатов Призы в этот раз такие БЕСПЛАТНАЯ ПРОХОДКА НА ЛОФТ ИМЕННОЙ КОКТЕЙЛЬ ОТ ГЛАВНОГО БАРМЕНА ИКАНАМА НА ЛОФТЕ СЫГРАЕТ ЛЮБАЯ ПЕСНЯ, КОТОРУЮ ВЫ СКИНЕТЕ Если остались какие-то вопросы, то пишите нам id214090426Александр Фень id347629323Анастасия Рузавина To be continued.",https://vk.com/wall-130344439_4795,пост
4795,0,Post 4795 (2023-03-22 18:40:34),"Ппц а меня сучарой обоссаной называли если я не хотела ставить 50 песен макса коржа подряд и 10 часов шрексофона, а тут вон еще заслужить надо Что вы натворили у меня депрессия и сердце болит теперь, Эх, вспомнить бы времена, когда плей-лист составлялся из пожеланий комьюнити и диджей включал песни, если просто попросить, Всем привет",https://vk.com/wall-130344439_4795,комментарий
4795,1,Post 4795 (2023-03-22 18:40:34),"! Совсем скоро у нас пройдёт невероятно крутая тусовка в лофте! И у первых 10 ЧЕЛОВЕК, кто напишет мне в ЛС или ТГramzes1_1, будет возможность попасть туда абсолютно БЕСПЛАТНО Прекаращай ботать макру, скорей занимай своё место и попади на самый запоминающийся ивент этой весны",https://vk.com/wall-130344439_4795,комментарий
4819,0,Post 4819 (2023-03-24 18:48:43),"Долгожданный анонс прощадки! Мы наконец можем представить вам лофт! Вот краткая информация по мероприятию Адрес Денисовский пер., д. 30 стр. 1 м. Бауманская Дата и время 22 апреля с 1800 до 0100 Стоимость 1000 для всех до 15 апреля 2359, после - 1300 вплоть до начала мероприятия Вас ждут две просторные площадки площадью 250кв.м, шикарный неоновый интерьер, просторный танцпол и кайфовые лаунж-зоны",https://vk.com/wall-130344439_4819,пост
4819,1,Post 4819 (2023-03-24 18:48:43),". Три сан-узла, бар с именными коктейлями, пиво, безалкогольные напитки, пицца и закуски",https://vk.com/wall-130344439_4819,пост
4819,2,Post 4819 (2023-03-24 18:48:43),"! Голодными не останетесь Дублируем ссылки для сбора средств Сбербанк сбор - Тинькофф сбор - Также мы сделали плей-листы для всех курсов, куда вы можете скинуть треки, под которые хотели бы потанцевать ищи ссылку на свой плейлист в комментах По всем вопросам общайтесь к id347629323Анастасия Рузавина id214090426Александр Фень",https://vk.com/wall-130344439_4819,пост
4830,0,Post 4830 (2023-03-30 14:38:24),"Прикольная штука от ВЭБа партнер vk Челы хотят протестить свою платформу с Big Датой российских городов. Для этого просят написать мини-исследование и заюзать инфу с их сайта не датасет с аэропортами, конечно, но что-то на уровне дз Матюхиной или проекта по метрике Предлагают подарки и стажу лучшим участникам Больше инфы здесь Сайт с датой Прием работ до 10 мая 2023 г",https://vk.com/wall-130344439_4830,пост
4830,1,Post 4830 (2023-03-30 14:38:24),". Работа может быть индивидуальной, либо выполняться в группе максимум из 3-х человек.",https://vk.com/wall-130344439_4830,пост
4830,0,Post 4830 (2023-03-30 14:38:24),"Кайф, начинали с толоки от ВК по фоткам, теперь уже про города исследования писать",https://vk.com/wall-130344439_4830,комментарий
4833,0,Post 4833 (2023-04-03 23:00:01),Сегодня 3 апреля стартует отбор в Школу анализа данных Яндекса ШАД. Одно из самых хайповых мест для бесплатного дополнительного образования в сфере анализа данных. Сроки для базового пути без опыта разработки подачи в ШАД 01. Заполнение анкеты 3 апреля 6 мая 02. Онлайн-тестирование 1 мая 7 мая 03,https://vk.com/wall-130344439_4833,пост
4833,1,Post 4833 (2023-04-03 23:00:01),". Онлайн-тестирование 1 мая 7 мая 03. Результаты первого этапа 10 мая Даты остальных этапов онлайн-экзамен, собеседование можно найти на сайте ШАДа. Сошлюсь на сам Яндекс ШАД это насыщенная двухгодичная программа Академии Яндекса для тех, кто хочет исследовать Machine Learning и работать в IT-индустрии. Обучение проходит по четырём направлениям Разработка машинного обучения. Data Science",https://vk.com/wall-130344439_4833,пост
4833,2,Post 4833 (2023-04-03 23:00:01),". Data Science. Инфраструктура больших данных. Анализ данных в прикладных науках. Стоит ли идти в ШАД? Всё зависит от ваших целей. Это мощная строчка в резюме. Но при этом обучение в нём точно не является необходимом условием для старта и продвижения в карьере в сфере DS. Кроме того, можно поступить и в альтернативные школы, благо их появилось за последние годы достаточно много",https://vk.com/wall-130344439_4833,пост
4833,3,Post 4833 (2023-04-03 23:00:01),". В них отбор обычно куда проще. Сложно ли пройти в ШАД? Да. Многие студенты Иканама пытались пройти да и не только с иканама, а и из других вузов, в том числе МФТИ и ВШЭ, но чаще всего терпели крах, ибо задачи там достаточно лютые и под силу только тем, кто дополнительно занимается математикой по всяким олимпиадным сборникам",https://vk.com/wall-130344439_4833,пост
4833,4,Post 4833 (2023-04-03 23:00:01),". Что уж говорить о сложности, если считается, что проще пройти на работу в Яндекс и уже так попасть туда сотрудники могут ходить в качестве вольнослушателя на любые курсы ШАДа. Тем не менее, для прохода не нужно решить все задачи, обычно достаточно сделать хотя бы малую часть. Потому можно попробовать свои силы в отборе, в любом случае это будет неплохой опыт",https://vk.com/wall-130344439_4833,пост
4833,5,Post 4833 (2023-04-03 23:00:01),". Кроме того, 13 апреля пройдет День открытых дверей, где можно посмотреть на внутреннюю кухню ШАДа и узнать, кем работают выпускники школы. openday",https://vk.com/wall-130344439_4833,пост
4834,0,Post 4834 (2023-04-04 21:13:00),"11 ДНЕЙ ДО ПОВЫШЕНИЯ ЦЕНЫ НА ЛОФТ Приносим свои извинения за долгое отсутствие новостей про лофт, но оргам надо было чуть-чуть учёбой заняться такое бывает иногда Теперь о важном 15.04 в 2359 ОФИЦИАЛЬНО цена на лофт повысится с 1000 до 1300 Поторопитесь, времени осталось немного! Сборы Сбербанк - Тинькофф - Вопросы можете задавать этим прекрасным людям Мы ещё вернёмся. . . . . . . . P.S",https://vk.com/wall-130344439_4834,пост
4834,1,Post 4834 (2023-04-04 21:13:00),. . . . . . . . P.S. результаты розыгрыша в эту пятницу,https://vk.com/wall-130344439_4834,пост
4834,0,Post 4834 (2023-04-04 21:13:00),"Думайте, Всем привет! Совсем скоро у нас пройдёт невероятно крутая тусовка в лофте! И у первых 10 ЧЕЛОВЕК, кто напишет мне в ЛС или ТГramzes1_1, будет возможность попасть туда абсолютно БЕСПЛАТНО Прекаращай ботать макру, скорей занимай своё место и попади на самый запоминающийся ивент этой весны. ВНИМАНИЕ, акция действует только до 7 АПРЕЛЯ!",https://vk.com/wall-130344439_4834,комментарий
4842,0,Post 4842 (2023-04-08 20:00:01),"КИЛЛЕР! ура ура ура На Иканаме раньше была традиция играть в Киллера - Суть игры заключается в охоте за жертвой. Каждый участник является одновременно и охотником и жертвой. - Игра начинается для всех одновременно! Вы получаете досье на свою жертву. В каждом досье находится фотография жертвы и краткое описание её привычек. Эта информация может помочь вам, как охотнику, выследить жертву",https://vk.com/wall-130344439_4842,пост
4842,1,Post 4842 (2023-04-08 20:00:01),". - В то же самое время кто-то получает ваше досье и начинает охоту на вас. - Жертва считается убитой, если охотник выстрелил в неё из пальца, находясь в закрытом помещении один на один, или на улице, где в радиусе 20 метров никого нет. - Нельзя убивать при свидетелях - будь то участник игры или просто посторонний человек",https://vk.com/wall-130344439_4842,пост
4842,2,Post 4842 (2023-04-08 20:00:01),". Более полная инфа будет выложена позже, регистрация на Киллера продлится до следующей субботы 15 апреля, после чего игра будет идти до конца этого семестра победитель с наибольшим числом убитых получит приз! Ссылка P.S. Чтобы было веселее, преподов постараемся зазвать, как можно больше P.P.S. В целях ностальгии некоторым, в качестве примера, прикладываем несколько досье с прошлой игры в комменты",https://vk.com/wall-130344439_4842,пост
4842,0,Post 4842 (2023-04-08 20:00:01),"Тут отправили фото, Тут отправили фото, То есть если человека убили, он побороться за победу уже не может, несмотря на уже заработанные киллы?",https://vk.com/wall-130344439_4842,комментарий
4848,0,Post 4848 (2023-04-11 20:28:19),"Дамы и господа, подготовили для вас дайджест лофтовских новостей 1. В прошлую пятницу наконец-то был проведён розыгрыш Вот результаты Анна Сороколад - бесплатная проходка Виктория Карандей - именной коктейль Анастасия Багайникова - заказ песни 2. Уже сооовсееем скоро цена повысится! Успейте закинуть кровные 1000, пока не поздно 15.04 в 2359 цена вырастет до 1300! 3",https://vk.com/wall-130344439_4848,пост
4848,1,Post 4848 (2023-04-11 20:28:19),". Также представляем вашему вниманию наше нововведение - БАРНОЕ МЕНЮ ИКАНАМА! Опытные бармены, у которых ни одна алкопати в 1218 за спиной, усердно старались, чтобы придумать интересные сочетания для вас Разумеется, всё это будет абсолютно бесплатным, не считая 10001300 рублей за проходку На этом новости подходят к концу, ждите новых выпусков",https://vk.com/wall-130344439_4848,пост
4848,2,Post 4848 (2023-04-11 20:28:19),"! Ну и, конечно же, ссылки на сбор Сбербанк сбор - Тинькофф сбор -",https://vk.com/wall-130344439_4848,пост
для статьи используем ссылку на пост,0,Post для статьи используем ссылку на пост (2023-04-14 00:00:00),Культура проведения nlp-хакатонов в Восточной Европе маскот NLP-модели BERT маскот NLP-модели BERT Кратко 1 Better Hackathon Community 2 Лучше звоните Берту. Ну и бустингу не забудьте 3 Result_Final_Test_True_Ok1.ipynb,https://vk.com/@ikanam-culture-nlp-hackathons,пост
для статьи используем ссылку на пост,1,Post для статьи используем ссылку на пост (2023-04-14 00:00:00),".ipynb.csv 4 Log-reg от комьютерных лингвистов 5 Наша Dream Team Better Hackathon Community Не так давно, 8-9 апреля, в Вышке проходил хакатон от ФКН и Яндекса, на который от Иканама поехала команда из 5 человек команд было чуть ли не 2, но выходные были слишком хороши для шашлыков",https://vk.com/@ikanam-culture-nlp-hackathons,пост
для статьи используем ссылку на пост,2,Post для статьи используем ссылку на пост (2023-04-14 00:00:00),". О том, как он проходил и как обычные иканамисты из eMIT смогли порвать факультет компьютерной лингвистики ВШЭ по метрике в NLP-задаче, мы и хотим рассказать ниже. На самом хакатоне поставленная задача была довольно тривиальна. Она заключалась в создании двух моделей классификаций отзывов о банках",https://vk.com/@ikanam-culture-nlp-hackathons,пост
для статьи используем ссылку на пост,3,Post для статьи используем ссылку на пост (2023-04-14 00:00:00),". Первая задача соблюдение или не соблюдение этичных норм банком Вторая задача 4 категории, характеризующих проблему, о которой говорится цены, качество долго, результат, коммуникация хамят, не отвечают, безопасность. здесь пример данных здесь пример данных Для обучения нам предоставили 19к сообщений, размеченных вручную это то, что мы использовали для обучения, поиска фич, создания облаков слов",https://vk.com/@ikanam-culture-nlp-hackathons,пост
для статьи используем ссылку на пост,4,Post для статьи используем ссылку на пост (2023-04-14 00:00:00),". По итогам у нас должна появиться модель, работа которой проверялась на 1к private датасете train и test это отдельная тема, с которой, по собственному признанию, организаторы хакатона облажались, о чем будет ниже",https://vk.com/@ikanam-culture-nlp-hackathons,пост
для статьи используем ссылку на пост,5,Post для статьи используем ссылку на пост (2023-04-14 00:00:00),". И да, если кто пока не в теме привет 1, 2 курсу и эифу, то отделение экономики, обладающее передовым в машинном обучении и искусственном интеллекте факультетом, внесло большой вклад в развитие русского DS-сообщества",https://vk.com/@ikanam-culture-nlp-hackathons,пост
для статьи используем ссылку на пост,6,Post для статьи используем ссылку на пост (2023-04-14 00:00:00),". Поэтому поставленная задача была довольно тривиальна для любого студента Иканама, отсидевшего хотя бы одну пару по ML-1 у Кирилла Юрьевича, и решается с закрытыми глазами, но немного теории Термины NLP Natural language processing- раздел машинного обучения, связанный с обработкой естественного языка",https://vk.com/@ikanam-culture-nlp-hackathons,пост
для статьи используем ссылку на пост,7,Post для статьи используем ссылку на пост (2023-04-14 00:00:00),". Это всё, что касается анализа текстовой информации для выделения признаков из нее и решения задач по классификациигенерацииперефразированию. CatBoost и XGBoost - алгоритмы машинного обучения, основанные на использовании бустинга и механизма решающих деревьев. Bert - нейросетевой трансформер, модель, состоящая из энкодеров и основанная на механизме attention",https://vk.com/@ikanam-culture-nlp-hackathons,пост
для статьи используем ссылку на пост,8,Post для статьи используем ссылку на пост (2023-04-14 00:00:00),". Она позволяет получать из любого текста его представление в n-мерном пространстве, например 1024, что называется эмбедингом. Fine-Tune - использование предобученой нейросетевой модели для обучения под определенную задачу на соответвующем датасете с целью улучшения ее качества. Лучше звоните Берту. Ну и бустингу не забудьте. Главный и единственный признак, который мы использовали текст",https://vk.com/@ikanam-culture-nlp-hackathons,пост
для статьи используем ссылку на пост,9,Post для статьи используем ссылку на пост (2023-04-14 00:00:00),. Именно предобработка текстовых данных и его дальнейшее использование стало нашим главным ключом к победе,https://vk.com/@ikanam-culture-nlp-hackathons,пост
для статьи используем ссылку на пост,10,Post для статьи используем ссылку на пост (2023-04-14 00:00:00),". Наш бейзлайн это комбинация XGBoost зарубежный градиентный бустинг - узнаете про это на курсе у Кирилла Юрьевича и так называемого мешка слов, это такая методика, которая позволяет представлять предложение в виде вектора с единицами по индексу, когда слово есть, и нулями, когда слова нет в данном предложении",https://vk.com/@ikanam-culture-nlp-hackathons,пост
для статьи используем ссылку на пост,11,Post для статьи используем ссылку на пост (2023-04-14 00:00:00),". пример мешка слов пример мешка слов Данное решение дало значение метрики в виде неплохих 85 оценивалось все по метрике ROC_AUC One-vs-rest. После такого удачного старта, мы начали пробовать более современные методы, а именно эмбеддинги векторные представления слов, которые используются во всех современных NLP штуках",https://vk.com/@ikanam-culture-nlp-hackathons,пост
для статьи используем ссылку на пост,12,Post для статьи используем ссылку на пост (2023-04-14 00:00:00),". Взяв уже предобученную модель RuBERT и сделав эмбеддинги из наших отзывов, мы стали тестировать наше решение и о чудо! Наша метрика выросла ровно на 1. Конечно, это не то, что мы ожидали, но прогресс есть и после этого мы поняли, что нужно использовать только эмбеддинги",https://vk.com/@ikanam-culture-nlp-hackathons,пост
для статьи используем ссылку на пост,13,Post для статьи используем ссылку на пост (2023-04-14 00:00:00),". Но проблема могла быть не только в них, а также в виде недостаточно затюненой модели, которая может предсказывать разве что, кто сдаст деньги на лофт. Эту проблему мы решили с помощью Яндекс.Датасферы, которая с радостью нам выделила V100, и её мощностей, которые перебрали тысячи комбинаций параметров за несколько часов",https://vk.com/@ikanam-culture-nlp-hackathons,пост
для статьи используем ссылку на пост,14,Post для статьи используем ссылку на пост (2023-04-14 00:00:00),". Культура проведения nlp-хакатонов в Восточной Европе, изображение 4 И вот мы на финишной прямой, эмбеддинги готовы, модель собрана и наш результат - 93.3 на тестовой выборке! Вроде чудесный результат, но наш маскот сказал, что этого недостаточно и всякие люди с МФТИ и ВШЭ нас уже обгонят, а другие участники команды вообще говорили, что люди уже имеют 99.9 на трейне!",https://vk.com/@ikanam-culture-nlp-hackathons,пост
для статьи используем ссылку на пост,15,Post для статьи используем ссылку на пост (2023-04-14 00:00:00),".9 на трейне!. Придя домой после тяжелого первого дня, мы решили не упускать момент и поставили на обучение еще одну модель для последующих замеров качества - грозу всех табличных данных CatBoost. После крутилок-вертелок параметров и различных комбинаций, мы, не получив достаточно большого прироста качества на тестовой выборке, заснули в обосранных штанах",https://vk.com/@ikanam-culture-nlp-hackathons,пост
для статьи используем ссылку на пост,16,Post для статьи используем ссылку на пост (2023-04-14 00:00:00),". Настал второй день, утро, чай в стаканах, время продолжать работать над нашим решением. Мы сразу же поставили на обучение нашу новую модель, чтобы она искала лучшие параметры для себя же и начали работать над усилением наших векторных представлений текстов",https://vk.com/@ikanam-culture-nlp-hackathons,пост
для статьи используем ссылку на пост,17,Post для статьи используем ссылку на пост (2023-04-14 00:00:00),". Андрей и Данил активно занимались этим вопросом и экспериментировали с множеством моделей, которые нашел Юра в статье про лучшие языковые модели. Мы остановились на модели ruRoberta-large от ai-forever бывшие sberbank-ai и получали на выход из нее вектора длиной 1024, которые отдавали Ринату, а он пихал их в кэтбуст",https://vk.com/@ikanam-culture-nlp-hackathons,пост
для статьи используем ссылку на пост,18,Post для статьи используем ссылку на пост (2023-04-14 00:00:00),". На правильный запуск Fine-Tune RuRoberta-Large у нас ушел примерно десяток человеко-часов, хотя само дообучение на трейне длилось минут 15. После множества попыток и проблем с кодом и обучением мы закончили создавать эмбеддинги ровно за час до первого дедлайна. Примерно в это же время CatBoost нашел наилучшие параметры, и мы решили совместить две разработки в одну",https://vk.com/@ikanam-culture-nlp-hackathons,пост
для статьи используем ссылку на пост,19,Post для статьи используем ссылку на пост (2023-04-14 00:00:00),. Данное решение позволило нам получить рекордную метрику в виде 0.962 на тестовой выборке. Better call BERT Better call BERT Result_Final_Test_True_Ok1.ipynb,https://vk.com/@ikanam-culture-nlp-hackathons,пост
для статьи используем ссылку на пост,20,Post для статьи используем ссылку на пост (2023-04-14 00:00:00),".ipynb.csv Кульминация, панчлайн и история про три теста В 1140 второго дня нам высылают форму для загрузки решения со следующим текстом Вам необходимо заполнить данную форму до 1530 Ну конечно все немного удивились, потому что в расписании на сайте stop coding стоит в 1700 и все, скорее всего, ориентировались именно на это время, планируя свою работу",https://vk.com/@ikanam-culture-nlp-hackathons,пост
для статьи используем ссылку на пост,21,Post для статьи используем ссылку на пост (2023-04-14 00:00:00),". Также написали, что презу можно до 16 часов, а все дорабатывать на Гитхабе до 17. Сразу же многие участники начали просить передвинуть дедлайн по решениям. В 1230 нам наконец-то выслали файл теста test_for_participants.csv. Скинули просто файл, даже без примера сабмита, оставалось гадать, что нам нужно сдавать",https://vk.com/@ikanam-culture-nlp-hackathons,пост
для статьи используем ссылку на пост,22,Post для статьи используем ссылку на пост (2023-04-14 00:00:00),". Мы тем временем уже вовсю делали эмбеддинги через все модели для категорий и этичности. Пример скинули только в 1410. Как оказалось, нужны были не только классы, но и их вероятности. И через полчаса же пишут, что тестовый сабмит делать не нужно, потому что файл с тестом неправильный. В 1450 скинули новый тест new_test",https://vk.com/@ikanam-culture-nlp-hackathons,пост
для статьи используем ссылку на пост,23,Post для статьи используем ссылку на пост (2023-04-14 00:00:00),". В 1450 скинули новый тест new_test.csv, в котором нас сразу же смутило то, что в каждой строке было написано не одно предложения из отзыва как это было в трейне, а отзыв целиком, при этом не до конца написанный и замененный многоточием в конце. Сказали, чтобы мы выбирали предложения сами. Как потом рассказали организаторы, они просто скачали этот датасет с huggingface",https://vk.com/@ikanam-culture-nlp-hackathons,пост
для статьи используем ссылку на пост,24,Post для статьи используем ссылку на пост (2023-04-14 00:00:00),". Отдельно бесило и разное название столбиков с текстом, которое постоянно приходилось менять в коде. Дедлайн сдвинули на 1600. Формат сабмита тоже поменяли, пришлось переписывать и это. И переделали эмбеддинги еще раз. Ну че, RuRoBERTa-large не такая уж и большая модель, быстро работает",https://vk.com/@ikanam-culture-nlp-hackathons,пост
для статьи используем ссылку на пост,25,Post для статьи используем ссылку на пост (2023-04-14 00:00:00),". Через некоторое время этот файлик с тестом тоже попросили засунуть подальше Культура проведения nlp-хакатонов в Восточной Европе, изображение 6 В 1515 прислали файл 1sentencenewtest.csv, где они просто взяли первое предложение из прошлого датасета Ну и ещё раз поменяли формат сабмита, почему бы и нет. Дедлайн хоть передвинули на 1630-1700 мягкий-жесткий",https://vk.com/@ikanam-culture-nlp-hackathons,пост
для статьи используем ссылку на пост,26,Post для статьи используем ссылку на пост (2023-04-14 00:00:00),". Файлы с эмбеддингами летели в наш чат уже под названиями result_test_sent_true_final.csv и categ_emb_train_final.csv. К счастью, мы успели отправить итоговое решение в 1629. Редко когда бываешь так уверен в своем решении, но лучше этого сделать было нельзя. Почему же начались эти приколы с тестом? Изначальный датасет из 20к предложений был неправильным",https://vk.com/@ikanam-culture-nlp-hackathons,пост
для статьи используем ссылку на пост,27,Post для статьи используем ссылку на пост (2023-04-14 00:00:00),". Так как его размечали несколько студентов и там были дубликаты строк, но с ответами разных студентов. Уникальных значений было всего около 6 к. Сначала мы подумали, что это одно из испытаний, типа нужно найти дубликаты, как-то их обработать, удалить или еще что. Мы в 3 раз получаем эмбединги и в 3 раз видим новый test.csv в чате хакатона Мы в 3 раз получаем эмбединги и в 3 раз видим новый test",https://vk.com/@ikanam-culture-nlp-hackathons,пост
для статьи используем ссылку на пост,28,Post для статьи используем ссылку на пост (2023-04-14 00:00:00),".csv в чате хакатона Но как оказалось, эти дубликаты были также в тесте, то есть почти все данные теста были в трейне, поэтому оценивать метрику по нему было нельзя. И оргам пришлось срочно выходить из этой ситуации. Ну и потом, уже на награждении они рассказали, что они сами размечали этот новый найденный датасет в экстренном порядке",https://vk.com/@ikanam-culture-nlp-hackathons,пост
для статьи используем ссылку на пост,29,Post для статьи используем ссылку на пост (2023-04-14 00:00:00),". И в конечном итоге решили вообще никак не учитывать метрику на нем, так как не были уверены в своей разметке. А лидерборд, на минуточку, весил 4 балла из 10. То есть большую часть, если еще по 3 балла за презу и Гитхаб",https://vk.com/@ikanam-culture-nlp-hackathons,пост
для статьи используем ссылку на пост,30,Post для статьи используем ссылку на пост (2023-04-14 00:00:00),". Очень расстроил данный момент, так как до последнего мы делали больший упор именно на метрику, а не на анализ и визуализацию, из-за чего и получили итоговый результат ниже, чем могли бы. И по итоговой метрике с нами не было равных. Но победил tf-idf logreg",https://vk.com/@ikanam-culture-nlp-hackathons,пост
для статьи используем ссылку на пост,31,Post для статьи используем ссылку на пост (2023-04-14 00:00:00),". Но победил tf-idf logreg. Самое забавное, что команда победителей 50 страха и 50 страха в срочном порядке скрыла свой гитхаб, чтобы не позориться своим гениальным EDA и фича процессингом. Но тем не менее, потом открыли, убрав презентацию, так как многие все равно успели заметить их решение tf-idf лог",https://vk.com/@ikanam-culture-nlp-hackathons,пост
для статьи используем ссылку на пост,32,Post для статьи используем ссылку на пост (2023-04-14 00:00:00),". регрессия Рецепт победы использовать всё самое банальное, базовое и устаревшее, без ресерча, без соты получить 1 место Рецепт победы использовать всё самое банальное, базовое и устаревшее, без ресерча, без соты получить 1 место Сразу стоит обозначить то, что победители изначально взяли не самую оптимальную модель, а напротив, использовали наиболее простые и самые известные, базовые подходы",https://vk.com/@ikanam-culture-nlp-hackathons,пост
для статьи используем ссылку на пост,33,Post для статьи используем ссылку на пост (2023-04-14 00:00:00),", базовые подходы, которые буквально проходятся на первой паре по NLP",https://vk.com/@ikanam-culture-nlp-hackathons,пост
для статьи используем ссылку на пост,34,Post для статьи используем ссылку на пост (2023-04-14 00:00:00),". А потому все изощрения, которые они могли бы потенциально сделать, вряд ли бы существенно повысили качество по сравнению с большой нейронкой которая сама находит сложнейшие закономерности в тексте. Единственное, что можно было бы улучшить это этап предобработки текста. Но и тут они не придумали ничего лучше, чем взять первое, что приходит в голову без какого-либо ресерча",https://vk.com/@ikanam-culture-nlp-hackathons,пост
для статьи используем ссылку на пост,35,Post для статьи используем ссылку на пост (2023-04-14 00:00:00),". Они даже список стоп-слов для фильтрации не расширили, Юра потратив 5 минут, сделал его и то более осмысленным. При этом, как заверялось, они сделали крутой анализ. Реакция чата Вся суть в том, что они не использовали никакой информации из данного анализа для улучшения модели. Дисбаланс классов? О, здорово. А вы метрику выбираете? Нет, она дана изначально организаторами, причём уже учитывает его",https://vk.com/@ikanam-culture-nlp-hackathons,пост
для статьи используем ссылку на пост,36,Post для статьи используем ссылку на пост (2023-04-14 00:00:00),". О, вы построили облака слов. Хорошо. А его хоть немного проанализировать? Нет, зачем. Обычно облако слов в данной задаче можно использовать для расширения списка стоп-слов, которые не будут нести пользы для модели. Но они даже не убрали слово банк, которое очевидно лезет в глаза. Анализ ради анализа, графики ради графиков",https://vk.com/@ikanam-culture-nlp-hackathons,пост
для статьи используем ссылку на пост,37,Post для статьи используем ссылку на пост (2023-04-14 00:00:00),". Анализ ради анализа, графики ради графиков. Абсолютно пустое, всё это можно скопипастить с каггла или сгенерить в ChatGPT. То самое EDA, за которое получено 1 место Банк во всех 3 облаках, отфильтровать не догадались не говоря о это, не и т.п. Банк во всех 3 облаках, отфильтровать не догадались не говоря о это, не и т.п",https://vk.com/@ikanam-culture-nlp-hackathons,пост
для статьи используем ссылку на пост,38,Post для статьи используем ссылку на пост (2023-04-14 00:00:00),".п. Итого, имеем 3 графичка, из которых 0 полезной для реализации модели информации, 3 облака слов, из которых тоже ничего взято не было, хотя потенциально могло. Ну и стандартный value counts. Это всё. И это тот самый крутой EDA, который перебил скупость и банальность их подхода? Интересный выбор для расширения стоп-слов. Интересный выбор для расширения стоп-слов",https://vk.com/@ikanam-culture-nlp-hackathons,пост
для статьи используем ссылку на пост,39,Post для статьи используем ссылку на пост (2023-04-14 00:00:00),". Интересный выбор для расширения стоп-слов. Единственная интересная идея от них это создание отдельных облаков для каждой тональности положительной, негативной и нейтральной, но опять же реализовать они её не смогли. Помимо совершенной банальности подходи, их метрики оставляли желать лучшего",https://vk.com/@ikanam-culture-nlp-hackathons,пост
для статьи используем ссылку на пост,40,Post для статьи используем ссылку на пост (2023-04-14 00:00:00),". ТА самая SOTAчка от победителей ТА самая SOTAчка от победителей Что мы имеем по итогу? Раздолбаи организаторы, минимум времени для нормальной презентации, полный прб теста. Организаторы разбили команды на 2 аудитории, но при этом оценивали всё вместе. То есть они буквально оценивали часть команд, не зная о их решении. Гениальный ход",https://vk.com/@ikanam-culture-nlp-hackathons,пост
для статьи используем ссылку на пост,41,Post для статьи используем ссылку на пост (2023-04-14 00:00:00),". Гениальный ход. По итогу, так как скор не учитывался, вперед вышла субъективность. Причем, как я понял из речи жюри, 1 место продавили именно те, кто сидел в другой аудитории, увидев там нереальный EDA. Даже интересно, чем они их так впечатлили. Жаль, что мы это не узнаем, ибо они удалили презентацию с гитхаба",https://vk.com/@ikanam-culture-nlp-hackathons,пост
для статьи используем ссылку на пост,42,Post для статьи используем ссылку на пост (2023-04-14 00:00:00),". Но ещё хотелось бы отметить сомнения в компетентности некоторых жюри чел, который не особо понимал, что такое BERT и буквально сказавший, что а попроще не могли что-то взять, когда мы рассказали ему своё решение после конца хакатона девочка со 2 курса программной инженерии ФКН у неё даже не было машинки. Хотя конечно, безусловно, были и профессионалы своего дела, которые заценили наше решение",https://vk.com/@ikanam-culture-nlp-hackathons,пост
для статьи используем ссылку на пост,43,Post для статьи используем ссылку на пост (2023-04-14 00:00:00),". Культура проведения nlp-хакатонов в Восточной Европе, изображение 19 Анекдот от GPT или правда жизни? Анекдот от GPT или правда жизни",https://vk.com/@ikanam-culture-nlp-hackathons,пост
для статьи используем ссылку на пост,44,Post для статьи используем ссылку на пост (2023-04-14 00:00:00),"? Ещё хотелось бы добавить не только тот факт, что в оценку не входил рейтинг по метрике, а то, что узнав о том, что мы топ-1 по скору на тесте, отношение к решению было бы другим и им бы не пришлось высасывать из пальца субъективные критерии выбора, а соответственно вся эта шелуха в виде придумывания велосипедов и графиков ради графиков заведомо бы не смогла пробиться так высоко, как по итогу",https://vk.com/@ikanam-culture-nlp-hackathons,пост
для статьи используем ссылку на пост,45,Post для статьи используем ссылку на пост (2023-04-14 00:00:00),". Dream Team Немного о нас и наше мнения о прошедшем, ниже расписано сложившееся распределение обязанностей, которое просуществовало все 2 дня на хакатоне",https://vk.com/@ikanam-culture-nlp-hackathons,пост
для статьи используем ссылку на пост,46,Post для статьи используем ссылку на пост (2023-04-14 00:00:00),. Команда ikanam Команда ikanam Распределение обязанностей Юра - изучает датасеты презентация проекта ресерч исследований помогает Ринату крутить модельки общаться с другими командами репетировать быстро переключать слайды брать микрофон Данил - посмотреть статьи про этичность текста и т,https://vk.com/@ikanam-culture-nlp-hackathons,пост
для статьи используем ссылку на пост,47,Post для статьи используем ссылку на пост (2023-04-14 00:00:00),".д файнтюн bert пить энергетики говорить, что Вышка лучше РАНХиГСа осуждаем Андрей - файнтюн Берт, Роберта, Т5 включать стримы мэдисона на ноутбуке и яндекс музыку Ринат - обработка текста крутить модельки бустинги просить у Андрея эмбединги по 20 раз Эльдар - реализовать решение, подносить пиццу, делать слайд с гигачадами Небольшая фотоссесия Ринат Шарафетдинов Мнение о хакатоне. Твёрдо и четко",https://vk.com/@ikanam-culture-nlp-hackathons,пост
для статьи используем ссылку на пост,48,Post для статьи используем ссылку на пост (2023-04-14 00:00:00),". Твёрдо и четко. На самом деле все прошло достаточно неплохо по организации самого быта, то есть еда, приглашенные люди, возможность пойти в любую аудиторию для спокойного бота это действительно прикольные и приятные вещи, которые были на хакатоне, но поговорим и о минусах. Минусы же гораздо крупнее, и, к сожалению, повлияли на решение сильнее, чем это могло быть",https://vk.com/@ikanam-culture-nlp-hackathons,пост
для статьи используем ссылку на пост,49,Post для статьи используем ссылку на пост (2023-04-14 00:00:00),". Первое это конечно же влияние качества и крутости итоговой модели на положение в рейтинге команд - оно нулевое , это просто жесть",https://vk.com/@ikanam-culture-nlp-hackathons,пост
для статьи используем ссылку на пост,50,Post для статьи используем ссылку на пост (2023-04-14 00:00:00),"! пиздец, то есть, вы собираете людей на хакатон, для решения целевой задачи, но не учитываете ГЛАВНЫЙ показатель решения? Второе это конечно же влияние, наоборот, в положительную сторону, а именно красивые, но бесполезные графики, которые может сделать каждый, в отличии от SOTA NLP DECISION 0",https://vk.com/@ikanam-culture-nlp-hackathons,пост
для статьи используем ссылку на пост,51,Post для статьи используем ссылку на пост (2023-04-14 00:00:00),".962 0.923. Но, как обычно бывает, ценится то, что совсем не нужно. Третье, что я бы хотел отметить промахи в организации оценки решений, а именно задержки во время вынесения команд в финал четырех, исправление кучу раз тестовых выборок и ненужные, на мой взгляд, выступления людей, которые могли бы отменить для того, чтобы увеличить время выступлений команд с 3 минут, хотя-бы до 7-8",https://vk.com/@ikanam-culture-nlp-hackathons,пост
для статьи используем ссылку на пост,52,Post для статьи используем ссылку на пост (2023-04-14 00:00:00),". Но в целом, все норм, в очередной раз доказал себе, что студенты ОЭ не то что наравне с другими студентами ВУЗов, а то, что они лучше. И намного лучше. Данил Сазанаков aka Danessely По организации все было норм, еда, пицца, Datasphere, если не говорить о тесте. Круто, что эксперты тоже давали фидбек, когда мы у них спрашивали",https://vk.com/@ikanam-culture-nlp-hackathons,пост
для статьи используем ссылку на пост,53,Post для статьи используем ссылку на пост (2023-04-14 00:00:00),". Но вот тест все перекрывает, с ним бы могли спокойно выиграть и получить гусей и Алис. Когда весь смысл хакатона по DS именно в итоговой модели, которая показывает какую-то метрику. Это и было главным заданием, которое в итоге никак не учитывали, а больше смотрели на EDA, визуализации облака слов в каждой презе и качество кода. Очень расстроил этот момент",https://vk.com/@ikanam-culture-nlp-hackathons,пост
для статьи используем ссылку на пост,54,Post для статьи используем ссылку на пост (2023-04-14 00:00:00),". Очень расстроил этот момент. Но все равно было достаточно весело, когда под конец уже плавит от нескольких тестов, неправильно написанного сохранения эмбеддингов, потом еще рофлите на презентации И вообще, выступили хорошо, для первого для меня хакатона пойдет. Остается надеяться, что в следующие разы ФКН сделает это лучше, чем сейчас",https://vk.com/@ikanam-culture-nlp-hackathons,пост
для статьи используем ссылку на пост,55,Post для статьи используем ссылку на пост (2023-04-14 00:00:00),". Еще в очередной раз доказал себе, что студенты геофака ВШЭ не то что наравне со студентами ФКН, всяких DS-программ и физтехами, а то, что они лучше. И намного лучше. Эльдар Имангалиев aka Eldurov Хакатон прошёл замечательно. Само действо проходило в лучшем учебном корпусе страны - на Покре. Организаторы - зайчики, помогали решать бытовые проблемы и отвечали на все наши вопросы",https://vk.com/@ikanam-culture-nlp-hackathons,пост
для статьи используем ссылку на пост,56,Post для статьи используем ссылку на пост (2023-04-14 00:00:00),". Также нас очень вкусно кормили шампурами шашлыков, всевозможными гарнирами, тазиками оливье. Кроме того, в постоянном доступе были вкуснейший чай и кофе, а также сладости. Считаю проход нашей команды в финал четырёх вполне заслуженным. Но как показал результат, все-таки нужно было пользоваться более продвинутыми методами ML и DL, например, соколовским knn либо logreg 39ом",https://vk.com/@ikanam-culture-nlp-hackathons,пост
для статьи используем ссылку на пост,57,Post для статьи используем ссылку на пост (2023-04-14 00:00:00),". Но в целом, для первого раза вполне хороший результат. В очередной раз убедился, что студенты компьютерной лингвистики одни из сильнейших в стране. Поступайте к нам. Вышка делает скидки высокобалльниками целых 70 процентов. Четвергов Андрей aka Chetoff1228 Это мой второй крупный хакатон за последнее время, поэтому было с чем сравнивать",https://vk.com/@ikanam-culture-nlp-hackathons,пост
для статьи используем ссылку на пост,58,Post для статьи используем ссылку на пост (2023-04-14 00:00:00),". Также NLP я занимаюсь все последние полтора года, и bert, и gpt я крутил до этого, что повлияло на итоговое мнение о прошедшем хакатоне. Самый основной его плюс мы принесли с собой это общение и коммуникация друг с другом, возможно, это и наш главный приз",https://vk.com/@ikanam-culture-nlp-hackathons,пост
для статьи используем ссылку на пост,59,Post для статьи используем ссылку на пост (2023-04-14 00:00:00),". Когда нам выдали задания, я понял всю полезность наших рофлов за эти 3 года, пригодилось выбивание каждой крупинки скора c пар КЮ Шилина, чем-то помоглj даже умение брать обратные матрицы 3X3 с линала чего уже говорить о скиле игры на карте замков warcraft3",https://vk.com/@ikanam-culture-nlp-hackathons,пост
для статьи используем ссылку на пост,60,Post для статьи используем ссылку на пост (2023-04-14 00:00:00),". Мне очень сильно понравилось наше распределение обязанностей и конечный результат итоговая система по принятию решениях о тестовых сообщениях, а в целом и готовый микросервис и то, что я мог заниматься тру dl-ресерчем, а не какими-то облаками слов. Наш BEST solution 0.962 я со спокойной душой отпраздную на иканмском лофте через неделю",https://vk.com/@ikanam-culture-nlp-hackathons,пост
для статьи используем ссылку на пост,61,Post для статьи используем ссылку на пост (2023-04-14 00:00:00),". Хочется выразить благодарность нашим преподавателям на Иканаме, а также некоторым дата-шрушерам, ведь я в очередной раз доказал себе, что студенты цифровой экономики MIPTRANEPA eMIT не то что наравне с другими студентами ВУЗов, а то, что они лучше. И намного лучше. Юрий Иванов Буду краток и скажу, что хакатон в целом вызвал положительные впечатления, несмотря на трагикомичный финал",https://vk.com/@ikanam-culture-nlp-hackathons,пост
для статьи используем ссылку на пост,62,Post для статьи используем ссылку на пост (2023-04-14 00:00:00),". Он оказался действительно смешным, но в том же время и грустным. И узнав по итогу все подробности про победителей и про критерии решения, про то, что кто-то буквально пушил своё субъективное мнение среди жюри, про то, что тест был продолбан, ну и так далее, я ощутил скорее не печаль, а разочарование",https://vk.com/@ikanam-culture-nlp-hackathons,пост
для статьи используем ссылку на пост,63,Post для статьи используем ссылку на пост (2023-04-14 00:00:00),". Да и задача на самом деле была достаточно банальна и, по сути, прямолинейна используешь SOTA трансформеры, но с каким-то приколом, который ты должен придумать, никакого фича инжиниринга особо не придумаешь дан тупо текст, никакого анализа, который бы реально помог в решении максимум выкинуть стоп-слова, получше предобработать текст",https://vk.com/@ikanam-culture-nlp-hackathons,пост
для статьи используем ссылку на пост,64,Post для статьи используем ссылку на пост (2023-04-14 00:00:00),". Тем не менее, это хороший опыт, для многих из нас который был первым. Участвуйте в хакатонах! И получше репетируйте выступление перед защитой а также делайте побольше графиков ради графиков, чтобы потом вам поставили побольше баллов за EDA Культура проведения nlp-хакатонов в Восточной Европе, изображение 28 We HERE Наш рерозиторий Ринат tg sharafetdinov42.t.me vk Данил tg danessely.t",https://vk.com/@ikanam-culture-nlp-hackathons,пост
для статьи используем ссылку на пост,65,Post для статьи используем ссылку на пост (2023-04-14 00:00:00),.t.me vk Данил tg danessely.t.me vk Эльдар eaimangalievedu.hse.ru Андрей tg chet1228.t.me vk Юра tg truevpsher.t.me vk THE BEST DS-COMMUNITY IN THE SOUTHWEST OF MOSCOW Alma Mater Illustrations were made with support,https://vk.com/@ikanam-culture-nlp-hackathons,пост
4857,0,Post 4857 (2023-04-16 01:16:00),О чём вам говорит эта фотография? Боитесь ли вы этого существа?,https://vk.com/wall-130344439_4857,пост
4860,0,Post 4860 (2023-04-16 16:16:00),"Знаете что? Да задолбали ваши посты про лофт! На, смотрите годноту. Делимся опытом о походе на хакатон вышки и получении ТОП-1 метрики в схемах и мемах",https://vk.com/wall-130344439_4860,пост
4860,0,Post 4860 (2023-04-16 16:16:00),"Иканам лирический, Наконец-то пост не про лофт!, Топ 1 метрика это на Экономе, а топ 3 на Миэфе. Топ 2 хз где",https://vk.com/wall-130344439_4860,комментарий
4863,0,Post 4863 (2023-04-19 12:02:31),"Вакансия Quantitative Researcher в компанию WorldQuant. ! Только релокация ! Комфортный офис в Ереване, Армения. Есть пакет релокации, условия обсуждаются индивидуально. WorldQuant с 2007 года разрабатывает и внедряет финансовые стратегии для глобальных рынков на базе собственных исследовательских платформ. 600 сотрудников от США до Китая",https://vk.com/wall-130344439_4863,пост
4863,1,Post 4863 (2023-04-19 12:02:31),". 600 сотрудников от США до Китая. Развёртывают проекты, работая в кооперации с учёными и портфельными менеджерами. Штаб-квартира Олд-Гринвич, штат Коннектикут, США. Ваши компетенции как Quantitative Researcher-а Высокий средний балл - от 4.6 Академические достижения олимпиады, публикации и т.д Математикафизикаинформатика Желательно знание C или Python. Fluent English",https://vk.com/wall-130344439_4863,пост
4863,2,Post 4863 (2023-04-19 12:02:31),". Fluent English. Мощная экспертная команда, официальное трудоустройство, расширенный ДМС, релокация, поддержка work-life balance, непрерывное обучение. Если кого заинтересовало, могу дать контакт рекрутера с вас резюме",https://vk.com/wall-130344439_4863,пост
4864,0,Post 4864 (2023-04-20 23:04:46),"В компанию BST Digital BST Management Consulting требуется JuniorMiddle Data Scientist. Полная удаленка но есть офис, 40 часов, 52 Компания занимается оказанием Data Science консалтинговых услуг для внешних заказчиков, в т.ч. для крупнейшего банка РФ зеленый, желтый или ещё какой секрет и для крупнейшего маркетплейса",https://vk.com/wall-130344439_4864,пост
4864,1,Post 4864 (2023-04-20 23:04:46),". А кроме того имеет собственный продукт B2B платформа для бизнеса геосистема на основе машинного обучения для прогнозирования рентабельности новой торговой точки Идеальный кандидат тот, кто знает эконометрикумат.статистику, любит усидчиво моделировать и изучать данные, генерировать гипотезы и придумывать фичи, программирует на Python, умеет просто объяснять сложные модели и мат",https://vk.com/wall-130344439_4864,пост
4864,2,Post 4864 (2023-04-20 23:04:46),". методы, также хорошо знает машинное обучение или недавно начал его изучать и уже имеет учебный или рабочий опыт. В компании уже есть несколько человек с ОЭ бакалавриат, магистратура Рассматриваются кандидаты как с опытом работы банкиритейлконсалтингстартапы, так и сразу после вуза. Обязанности Построение моделей эластичности спроса на банковские продукты и моделей прогнозирования в ритейле в т.ч",https://vk.com/wall-130344439_4864,пост
4864,3,Post 4864 (2023-04-20 23:04:46),".ч. с учётом гео-аналитических данных Построение прогнозных моделей финансовой сферы оценки кредитных рисков EaR, PD и др",https://vk.com/wall-130344439_4864,пост
4864,4,Post 4864 (2023-04-20 23:04:46),". Написание тестов для мониторинга качества моделей Подбор статистических методов и влияющих факторов Анализ метрик качества модели, чувствительности к факторам, устойчивости результатов Активное обсуждение результатов с клиентом и внутри команды Участие в сборе и обработке данных Подробнее про геоаналитический продукт компании Если вакансия заинтересовала пишите в лс с резюме",https://vk.com/wall-130344439_4864,пост
4866,0,Post 4866 (2023-04-22 12:52:10),"ПРОСЫПАЕМСЯ И ПОЁМ, ВЕДЬ СЕГОДНЯ ЛОФТ! Календарь показывает, что сегодня 22 апреля, а это значит, что таки наступил день всеми ожидаемого мероприятия Ну, и по классике, показываем вам наиболее удобный маршрут до места назначения! Адрес Денисовский пер., д. 30 стр. 1 м. Бауманская Время проведения с 1800 до 100 Два золотых правила 1",https://vk.com/wall-130344439_4866,пост
4866,1,Post 4866 (2023-04-22 12:52:10),". Заходить за барную стойку и выдавать алкоголь, сданный на хранение, могут только организаторы! 2. Ни в коем случае нельзя подходить к столу диджея и аппаратуре с напитками в руках! КАТЕГОРИЧЕСКИ ЗАПРЕЩАЕТСЯ Ждём всех и каждого!",https://vk.com/wall-130344439_4866,пост
4866,0,Post 4866 (2023-04-22 12:52:10),"За преднамеренное и злостное нарушение правил, привлёкшее за свой повреждение звукового или иного оборудования, будут применены санкции, вплоть до занесения в чс на дальнейшие мероприятия под нашим организаторством",https://vk.com/wall-130344439_4866,комментарий
4878,0,Post 4878 (2023-04-23 15:12:24),"Ну что, все проснулись? Теперь, когда алкоголя в организме стало чуточку меньше, можно приступить к самой интересной части - поиску потерянных вещей! Если вы что-то потерялинашли, пишите в комментариях Если опознали свою вещь по фотке, обращайтесь к Насте vk.commblww",https://vk.com/wall-130344439_4878,пост
4878,0,Post 4878 (2023-04-23 15:12:24),"зарядка от ноута потеряна, Нашел половинку зарядки от ноута, потерялись черные солнцезащитные очки, игральные карты там где то на столе должны были остаться.., Потеряны штопор, очки черные большие, браслет spirit, Найдена куртка светло зеленая и в ней ключи от 1404",https://vk.com/wall-130344439_4878,комментарий
4878,1,Post 4878 (2023-04-23 15:12:24),". Пишите в лс, Потеряна черная кожаная куртка с замочками на рукавах и очками в кармане, Потеряна Курточка чёрная с белыми полосками , в кармане есть водительское удостоверение., потеряна черная кепка kangol",https://vk.com/wall-130344439_4878,комментарий
4892,0,Post 4892 (2023-04-24 16:56:44),"КАРЬЕРНАЯ ПЯТНИЦА ПАРК Рады объявить, что 20 мая суббота будет насыщенным днем! С 14.30 до 17.00 на территории главного кампуса пройдет Карьерная пятница пускай название и день проведения вас не смущают. В этот раз в роли спикеров выступят шестеро наших студентов и выпускников, которые работают в банках, научных центрах, ретейле",https://vk.com/wall-130344439_4892,пост
4892,1,Post 4892 (2023-04-24 16:56:44),". После Карьерки, к часикам 18, планируем гнать в парк Школьников, если погода будет располагать Макав, не подведи Ждём всех!",https://vk.com/wall-130344439_4892,пост
4898,0,Post 4898 (2023-05-04 00:23:11),"Q Промпт Напиши текст, который ты бы выложила в группу в социальной сети, рассказывающий ребятам про твою идею и побуждающий их скинуть полезную информацию для такой вики. Напиши, какая информация была бы полезной но пусть скидывают все, ты разберешься. Всех контрибьюторов пообещай увековечить, чтобы не ленились и не жадничали - их труд передастся потомкам. Добавь пафоса, но немного",https://vk.com/wall-130344439_4898,пост
4898,1,Post 4898 (2023-05-04 00:23:11),". Добавь пафоса, но немного. ChatGPT Дорогие студенты ОЭ ЭМИТ! Я бы хотела поделиться с вами своей идеей, которая может значительно облегчить жизнь не только вам, но и будущим студентам нашего факультета. Я думаю, что мы все сталкивались с трудностями в учебе, поиске стажировок и дополнительных образовательных программ",https://vk.com/wall-130344439_4898,пост
4898,2,Post 4898 (2023-05-04 00:23:11),". Именно поэтому я предлагаю создать вики-платформу, на которой будут собраны все полезные материалы и советы от студентов для студентов. Мы можем помочь друг другу и делиться своим опытом, чтобы облегчить адаптацию новичков, помочь младшим курсам и стать более конкурентоспособными на рынке труда. На вики можно будет разместить информацию о наших профессорах, дисциплинах, учебных планах и т.д",https://vk.com/wall-130344439_4898,пост
4898,3,Post 4898 (2023-05-04 00:23:11),".д. Также это будет отличной возможностью для тех, кто ищет стажировку или дополнительные образовательные программы. Мы сможем обмениваться информацией о том, как получить нужную стипендию или как устроиться на интересную работу после окончания вуза. Я очень надеюсь на вашу поддержку и готова выделить много времени и сил для создания этой платформы",https://vk.com/wall-130344439_4898,пост
4898,4,Post 4898 (2023-05-04 00:23:11),". В этом мне поможет Искандер Я призываю всех студентов ОЭ ЭМИТ присоединиться к проекту, внести свой вклад и поделиться своим опытом. Все, кто примет участие в создании вики-платформы, будут увековечены на страницах этой платформы и в истории нашего вуза. Давайте вместе сделаем ОЭ ЭМИТ великим! Пожалуйста, скидывайте любую полезную информацию, которая может быть интересна другим студентам",https://vk.com/wall-130344439_4898,пост
4898,5,Post 4898 (2023-05-04 00:23:11),". Я уверена, что наша совместная работа принесет огромную пользу всем студентам ОЭ ЭМИТ. --------------------- Такие дела. Скидывайте все в личку - текст или линк на текст, я постараюсь разобрать и закинуть в notion бэкап на гитхабе. Сейчас структурно с примерами выглядит так",https://vk.com/wall-130344439_4898,пост
4898,6,Post 4898 (2023-05-04 00:23:11),". Сейчас структурно с примерами выглядит так . Накидал первое, что в голову пришло, но по факту спектр полезной инфы велик - по учебе, не по учебе, стипухи, работа и другая полезная информация. С каждого полезного материала требуется тематический мем, иначе никак. При написании прошу писать структурированно, поскольку это потом будут читать. Можно публиковаться анонимно, не анонимно, как пожелаете",https://vk.com/wall-130344439_4898,пост
4898,7,Post 4898 (2023-05-04 00:23:11),". Идея пока не очень отработана, могут быть косяки, но сама идея кажется хорошей. Пожелания также можно оставлять, к ним прислушаются наверное?.",https://vk.com/wall-130344439_4898,пост
4898,0,Post 4898 (2023-05-04 00:23:11),"Имейте в виду, что успех проекта лежит на ваших плечах. Вклад каждого да-да, даже тебя очень важен. Thats one small step for man. One giant leap for mankind., План пока такой, что работа будет идти постепенно хотелось бы наполнить вики большей частью материалов к следующему набору абитуриентов.",https://vk.com/wall-130344439_4898,комментарий
4905,0,Post 4905 (2023-05-05 10:27:20),"Знаете что? Да задолбали ваши посты про лофты, поступашки и кейс-чемпионаты. Держите реально годноту. Многие просили, поэтому мы делаем. Вновь открывается продажа худи и футболок ЧVK Иканам Чирский vs Козко",https://vk.com/wall-130344439_4905,пост
4905,1,Post 4905 (2023-05-05 10:27:20),". У вас есть прекрасная возможность стать частью организации и раздать стиля на любой тусовке иканама, пройти в туалет без очереди, а также быть пойманным в метро с последующим объяснением на протяжении 30 минут дяде полицейскому, что значит ЧВК у вас на спине ну, и ещё в фонд посвята вложиться. Шутки шутками, но лучше поторопиться, так как новая партия будет дропнута, скорее всего, до лета",https://vk.com/wall-130344439_4905,пост
4905,2,Post 4905 (2023-05-05 10:27:20),. По всем вопросам писать id214090426Александр Фень P.s. рейды в мерче с презрительным взглядом возле танцоров в 1 корпусе крайне приветствуются,https://vk.com/wall-130344439_4905,пост
4905,0,Post 4905 (2023-05-05 10:27:20),"Только Хуцпа. Только ШПАД., Зачем, если есть это., Где традиционные футболки студпассив?, Это разве не одежда оргов?, Ребят, как толстовку получить? Больно крутая",https://vk.com/wall-130344439_4905,комментарий
4916,0,Post 4916 (2023-05-08 13:38:56),"Вакансия в Тинькофф Всем привет. Ищем бизнес аналитика в платформу речевой аналитики Тинькофф. Подробнее о платформе тут Требования 1. Знание SQL, Python 2. Проявление проактивного подхода в решении задач, а именно способность самостоятельно разобраться в любой задаче, задать правильные вопросы, собрать необходимую информацию и сделать выводы, которые приведут к принятию наилучшего решения 3",https://vk.com/wall-130344439_4916,пост
4916,1,Post 4916 (2023-05-08 13:38:56),". Ответственность, разумная педантичность 4. Желание и умение быстро схватывать новые идеи и применять их на практике 5. Работоспособность, целеустремленность, умение доводить дело до конца Обязанности 1. Исследовать процессы в компаниях, искать точки применения технологий речевой аналитики для оптимизации их процессов и увеличения эффективности операторов 2",https://vk.com/wall-130344439_4916,пост
4916,2,Post 4916 (2023-05-08 13:38:56),". Создавать и внедрять решения речевой аналитики в операционные подразделения генерировать идеи, ставить ТЗ для MLE и разработки, продумывать план внедрения, проводить АБ тесты 3. Наглядно представлять информацию о показателях бизнеса 4. Устоявшаяся практика много общаться, обсуждать с коллегами проблемы, часто брейнштормить",https://vk.com/wall-130344439_4916,пост
4916,3,Post 4916 (2023-05-08 13:38:56),". Нужен чел middle-middle Сейчас с эйчарами напряг, поэтому можно скипнуть все технические собесы и получить оффер после общения с командой. Кидайте резюме в тг alyonkinn Никита",https://vk.com/wall-130344439_4916,пост
4917,0,Post 4917 (2023-05-16 20:38:29),"UPD. КАРЬЕРКА И ПАРК ПЕРЕНОСИТСЯ! На фоне сложного переговорного процесса, несмотря на многократные попытки нашего деканата выбить нам аудиторий, мы решили пойти на перегруппировку перед танцульками и ИОНом, после проведений дверных соглашений Теперь примерная дата - 3 июня, но следите за инсайдами",https://vk.com/wall-130344439_4917,пост
4917,0,Post 4917 (2023-05-16 20:38:29),"ЧVК Иканам получила только 10 от запрошенных аудиторий, Парк переносится тоже",https://vk.com/wall-130344439_4917,комментарий
4924,0,Post 4924 (2023-05-31 10:54:43),Вакансия в сбер. Ищем стажёраjunior DS для построения моделей досрочного погашения кредитов физ лиц. Описание вакансии во вложении. Задавайте вопросы и кидайте резюме в тг rospiridonov,https://vk.com/wall-130344439_4924,пост
4926,0,Post 4926 (2023-05-31 16:25:09),"КАРЬЕРНАЯ ПЯТНИЦА Легендарное, неповторимое, уникальное событие Иканама, на котором будут выступать выпускники нашего отделения и делиться своим опытом работы, все-таки состоится уже в эту субботу ДАТА 03.06.2023 ВРЕМЯ 1430 МЕСТО аудитория 5-325 ВОТ СПИСОК ВЫСТУПАЮЩИХ 1. Семен Осипов - Head of data, republic",https://vk.com/wall-130344439_4926,пост
4926,1,Post 4926 (2023-05-31 16:25:09),". Семен Осипов - Head of data, republic.com американская инвест-платформа Поделится большим опытом работы, расскажет об ошибках, которые многие совершают в начале карьерного пути 2. Денис Лавров - Team lead аналитик данных в X5 Расскажет нам об анализе данных в продуктовом ритейле! 3",https://vk.com/wall-130344439_4926,пост
4926,2,Post 4926 (2023-05-31 16:25:09),". Никита Бекасов - бизнес аналитик Вкусно и точка Раскроет подробности о дополнительном образовании для студентов, а также о путях развития в аналитике 4. Татьяна Шелованова - researcher в департаменте исследований и прогнозирования ЦБ РФ Поделится, чем занимается в Центральном Банке, почему там интересно работать и какие знания, полученные на ОЭ, пригодились в профессии 5",https://vk.com/wall-130344439_4926,пост
4926,3,Post 4926 (2023-05-31 16:25:09),". Владимир Еремин - Научный сотрудник, ИПЭИ РАНХиГС Расскажет о работе в науке, в институте прикладных экономических исследований, после учебы на Иканаме 6. Искандер Фахрутдинов - дата инженер в Сбер Девайсах Посвятит выступление теме Пути достижения первой работы средние и еще хуже 7",https://vk.com/wall-130344439_4926,пост
4926,4,Post 4926 (2023-05-31 16:25:09),". Михаил Макав - BI аналитик в Тинькофф Неповторимый и легендарный расскажет все тонкости организации мероприятий на Иканаме и поделится своим опытом работы Лишь увидев настолько заряженный список участников, можно понять, что офферы некоторым будут прилетать еще до мероприятия",https://vk.com/wall-130344439_4926,пост
4926,5,Post 4926 (2023-05-31 16:25:09),". В этот раз состав спикеров полнили Иканамовцы, недавно вернувшиеся из других стран Поэтому приглашаем на мероприятие и тех, кто давно нашел профессию, будет интересно всем Карьерная пятница вновь пройдет в большом зале в 5 корпусе",https://vk.com/wall-130344439_4926,пост
4926,6,Post 4926 (2023-05-31 16:25:09),". После чего на вечер планируется поход в парк Школьников, если позволит погода Для тех кто не имеет доступа на территорию Академии, но очень хочет попасть на мероприятие, просьба заполнить форму",https://vk.com/wall-130344439_4926,пост
4927,0,Post 4927 (2023-06-03 10:19:16),Карьерка уже сегодня! Но можете прийти раньше в 5-125 для мафии,https://vk.com/wall-130344439_4927,пост
4928,0,Post 4928 (2023-06-28 17:28:57),"Вакансия в Тинькофф Грейд стажёрджун График 40чнеделя, формат гибрид 2-3 дня в офисе Позиция аналитик данных внутри тинька это называется технолог Стек SQL, тервер, матстат, питон Желательно знаниежелание к системному анализу Задачи развивать продажи офферов на представителях. Улучшать продажи продукта, те запускать тесты, подводить аналитику, запускать новые офферы cv в личные сообщения",https://vk.com/wall-130344439_4928,пост
4929,0,Post 4929 (2023-07-05 15:42:43),"Всем привет, ищем стажеров в X5 Group в департамент ad-hoc аналитики Длительность стажировки - от 3 full time до 6 part time месяцев Платим от 30 part time до 60 full time тысяч рублей гросс Работаем удаленно Что нужно уметь - python - sql - тервер и матстат на уровне понимания AB если уже познали эконометрику на уровне линейной регрессии - вам большой плюс в копилку - базовый ml не обязателен",https://vk.com/wall-130344439_4929,пост
4929,1,Post 4929 (2023-07-05 15:42:43),", но приветствуется на перспективу Что делать на стажировке это в основном дизайн и оценка экспериментов на магазинах и лояльных клиентах от встречи с заказчиком и получения вводных до составления итогового отчета и презентации результатов у нас есть методология и рукописная либа на python для всего этого дела есть ad-hoc задачи самого разного сорта",https://vk.com/wall-130344439_4929,пост
4929,2,Post 4929 (2023-07-05 15:42:43),", из интересного за последнее время - делали ml модельку для предсказания ресурсной потребности в магазинах, анализировали факторы, влияющие на рост списаний товаров в магазинах в перспективе можно залететь на внутренние проекты внутри отдела например, сейчас активно развиваем модельку, которая ищет, внезапно, товары-заменители, в аренду в другие продукты",https://vk.com/wall-130344439_4929,пост
4929,3,Post 4929 (2023-07-05 15:42:43),", товары-заменители, в аренду в другие продукты, позаниматься разработкой и вообще поделать много разных интересных вещей присылайте резюмешки мне в телеграмм ldred",https://vk.com/wall-130344439_4929,пост
4930,0,Post 4930 (2023-07-21 21:25:44),"Всем привет! Мы проводим анонимный карьерный опрос с целью ознакомить абитуриентов с карьерными треками студентов и выпускников ОЭ. Поэтому если ты стажируешьсяработаешьведешь бизнес и даже если ты только учишься, просим заполнить гугл форму. Это не займет много времени и будет очень полезным для абитуриентов и студентов младших курсов. Результаты опроса будут выходить в группе Отделения экономики",https://vk.com/wall-130344439_4930,пост
4930,1,Post 4930 (2023-07-21 21:25:44),". P.s. Эта гугл форма анонимна и не для деканата. Результаты будут использованы только агрегированные построение гистограмм зп, облако слов по местам работы и т.д. Будем очень рады получить ответы! Ссылка на форму",https://vk.com/wall-130344439_4930,пост
4932,0,Post 4932 (2023-08-01 18:00:01),ПРИГЛАШАЕМ ВСЕХ НА УЧАСТИЕ В УНИКАЛЬНОМ ИССЛЕДОВАТЕЛЬСКОМ ПРОЕКТЕ! Добрый день! Мы сорвали крутой куш - выиграли грант на вычислительные мощности сбера в размере 500 тыс,https://vk.com/wall-130344439_4932,пост
4932,1,Post 4932 (2023-08-01 18:00:01),". рублей на наше экономическое отделение! rutypeNEWS И теперь у нас есть отличная возможность реализовать интереснейшие ресерчи! Мы ищем энергичных и амбициозных студентов, которые готовы погрузиться в мир науки и искусственного интеллекта. Мы предлагаем несколько увлекательных тем исследования, которые у многих пересекаются с НИРами 1",https://vk.com/wall-130344439_4932,пост
4932,2,Post 4932 (2023-08-01 18:00:01),. Изучение взаимосвязи между финансовыми новостями и фондовым рынком с использованием NLP технологий. 2. Применение семантического анализа публичных отчетов компаний для принятия инвестиционных решений с использованием NLP. 3. Мониторинг и оптимизация использования природных ресурсов с использованием анализа снимков со спутников CV,https://vk.com/wall-130344439_4932,пост
4932,3,Post 4932 (2023-08-01 18:00:01),". Стек - Опыт работы с NumPy, Pandas, Matplotlib, Seaborn, Scikit-learn. - Знание одного из фреймворка для глубокого обучения PyTorch. - Умение работать с библиотеками для обработки естественного языка NLTK и spaCy. - Знание и опыт работы с библиотекой компьютерного зрения OpenCV. - Уверенные знания статистических методов и анализа данных с использованием SciPy и StatsModels",https://vk.com/wall-130344439_4932,пост
4932,4,Post 4932 (2023-08-01 18:00:01),". Опыт написания НИРов без помощи ChatGPT, работа с cloud, Git, участие в хакатонах будет плюсом Итак, ребята, у нас на руках 500 тыс. рублей гранта, и мы вряд ли сможем потратить их сами. Поэтому, мы ищем людей, которые готовы вложить свои таланты и идеи в этот проект. Мы предоставим всю необходимую поддержку и помощь в выполнении исследований",https://vk.com/wall-130344439_4932,пост
4932,5,Post 4932 (2023-08-01 18:00:01),". Участие в этом проекте может быть частью вашей курсовой или дипломной работы! А это еще не все! Кроме уникального опыта и исследований, вы получите возможность познакомиться с крутыми ребятами из SberDevices, Sber AI и Института искусственного интеллекта AIRI, и даже сами почувствовать себя в роли создателя - Гигачат GPT",https://vk.com/wall-130344439_4932,пост
4932,6,Post 4932 (2023-08-01 18:00:01),"! убийца ChatGPT Так что, если вы хотите стать частью этого захватывающего проекта и прокачать свои скиллы и вас заинтересовала одна из тем, то присылайте свои резюме, сопроводительные письма или вопросы по адресу ikanamlabgmail",https://vk.com/wall-130344439_4932,пост
4932,7,Post 4932 (2023-08-01 18:00:01),".com или в id390527602Лid379534012С У вас есть шанс с поработать самыми знаменитыми айтишниками ОЭ Юра Иванов удалить то что в скобках и опубликовать статью, которая даст серьезный буст к вашей карьере. Присоединяйтесь к нам, и давайте вместе создадим что-то грандиозное!",https://vk.com/wall-130344439_4932,пост
для статьи используем ссылку на пост,0,Post для статьи используем ссылку на пост (2023-08-07 00:00:00),"Инструкция по жизни и выживанию на отделении экономики часть первая Всем общий салам. Если вы читаете этот текст, то значит вы больше не маленькие школьники, а студенты самого сильного института Ранха, которые будут получать 300кнаносек если, конечно, вас не отчислят. Поэтому пришла пора погрузиться в атмосферу студенчества одного из самых важных, приятных и насыщенных этапов вашей жизни",https://vk.com/@ikanam-instrukciya-po-zhizni-i-vyzhivaniu-na-otdelenii-ekonomiki-ch,пост
для статьи используем ссылку на пост,1,Post для статьи используем ссылку на пост (2023-08-07 00:00:00),". От нечетного года - нечетному От нечетного года - нечетному Четко и по делу Что такое Иканам? Что-то про студактив Что-то про студпассив А че на ОЭ реально всех отчисляют? Правила выживания на матане Пивная философия Ссыло4ки Итак, начнем с базы. Да кто такой этот ваш Иканам я в РАНХиГС поступал вообще-то",https://vk.com/@ikanam-instrukciya-po-zhizni-i-vyzhivaniu-na-otdelenii-ekonomiki-ch,пост
для статьи используем ссылку на пост,2,Post для статьи используем ссылку на пост (2023-08-07 00:00:00),". Как вы, возможно, уже знаете наша академия состоит из 12 институтов, один из которых ИЭМИТ институт экономики математики и информационных технологий. Он, в свою очередь, состоит из 4 отделений ОБИ, ОПИ, ОНЭ и, конечно же, ОЭ. Наши программы отличаются сильной математической и прогерской составляющей от остального гуманитарного Ранха и ОНЭ",https://vk.com/@ikanam-instrukciya-po-zhizni-i-vyzhivaniu-na-otdelenii-ekonomiki-ch,пост
для статьи используем ссылку на пост,3,Post для статьи используем ссылку на пост (2023-08-07 00:00:00),". Понятие Иканам, в свою очередь, подразумевает только студентов отделения экономики в РАНХиГС мфтишники сюда не входят. ИКАНАМ это одна большая семья, состоящая уже из многих поколений выпускников и студентов, со своими правилами и традициями, НО при всем этом очень дружная и открытая. Теперь и вы становитесь ее частью",https://vk.com/@ikanam-instrukciya-po-zhizni-i-vyzhivaniu-na-otdelenii-ekonomiki-ch,пост
для статьи используем ссылку на пост,4,Post для статьи используем ссылку на пост (2023-08-07 00:00:00),". Теперь и вы становитесь ее частью. Возможно, кто-то из вас также думает я вообще-то на цифровую экономику поступал, ни о каком Иканаме и речи не было. Сейчас все разложим по полочкам. Отделение экономики состоит из совокупности программ Экономика и финансы и Цифровая экономика. Перед началом обучения у вас есть возможность выбора между этими программами",https://vk.com/@ikanam-instrukciya-po-zhizni-i-vyzhivaniu-na-otdelenii-ekonomiki-ch,пост
для статьи используем ссылку на пост,5,Post для статьи используем ссылку на пост (2023-08-07 00:00:00),". Деканат скинет вам форму для выбора, чтоб вследствие распределить вас по группам, в соответствие с вашими ответами. Места хватит всем, не переживайте. К тому же, у вас будет еще 1,5 года, чтоб безболезненно перейти с ЭиФ на ЦЭ или наоборот. В эти 3 семестра учебная программа абсолютно ничем не отличается. Студпассив? Я вообще-то танцевать хотел",https://vk.com/@ikanam-instrukciya-po-zhizni-i-vyzhivaniu-na-otdelenii-ekonomiki-ch,пост
для статьи используем ссылку на пост,6,Post для статьи используем ссылку на пост (2023-08-07 00:00:00),". Студпассив? Я вообще-то танцевать хотел. Если вы вдруг будете идти по первому корпусу и увидите танцующих людей, то не пугайтесь. По большей части они абсолютно безобидны. Просто не подходите к ним и не кормите с рук. Штраф один палец а возможно и отчисление. А теперь серьезно. Основа ступассива отрицание студактива. Это одна из непреклонных истин и традиций иканама",https://vk.com/@ikanam-instrukciya-po-zhizni-i-vyzhivaniu-na-otdelenii-ekonomiki-ch,пост
для статьи используем ссылку на пост,7,Post для статьи используем ссылку на пост (2023-08-07 00:00:00),". Ботать и пить, пить и ботать то, чем в основном занимаются люди здесь, чтобы не сойти с ума пить по желанию. Но несмотря на отсутствие танцев в первом корпусе у нас есть много крутых локальных мероприятий и активностей. Об этом немного позже",https://vk.com/@ikanam-instrukciya-po-zhizni-i-vyzhivaniu-na-otdelenii-ekonomiki-ch,пост
для статьи используем ссылку на пост,8,Post для статьи используем ссылку на пост (2023-08-07 00:00:00),". Об этом немного позже. Инструкция по жизни и выживанию на отделении экономики часть первая, изображение 2 А что делать если очень хочется? Основная причина, по которой студактив и ОЭ враждуют сложность совмещать одно с другим. Иканам то место, где учеба в приоритете, при этом материал идет достаточно непростой и порой приходится тратить много времени на его понимание",https://vk.com/@ikanam-instrukciya-po-zhizni-i-vyzhivaniu-na-otdelenii-ekonomiki-ch,пост
для статьи используем ссылку на пост,9,Post для статьи используем ссылку на пост (2023-08-07 00:00:00),". Что касается студактива на него тоже уходит значительная часть временных ресурсов. НО. У вас всех есть возможность попробовать, например, поучаствовать в таком мероприятии, как Капустник. Он проходит в первом семестре, где учеба не набрала еще полную силу",https://vk.com/@ikanam-instrukciya-po-zhizni-i-vyzhivaniu-na-otdelenii-ekonomiki-ch,пост
для статьи используем ссылку на пост,10,Post для статьи используем ссылку на пост (2023-08-07 00:00:00),". Ваши предшественники, то есть мы, то есть прошлый нечетный курс, сделали очень крутое выступление на Капустнике, и все ушли с кучей положительных эмоций. У вас есть все шансы сделать круче и лучше! Однако, совмещать следует с умом и учебу не забрасывать, иначе с вами может случиться неприятная ситуация в виде пересдачи или еще чего похуже перевода на ОНЭ",https://vk.com/@ikanam-instrukciya-po-zhizni-i-vyzhivaniu-na-otdelenii-ekonomiki-ch,пост
для статьи используем ссылку на пост,11,Post для статьи используем ссылку на пост (2023-08-07 00:00:00),". Перейдем к исконно иканамовским событиям Лофты. То, чего все так ждут. В течение года проводится 3 лофта осенний, зимний и весенний. Данные мероприятия проводятся с целью расслабиться, пообщаться со своими однокурсниками и старичками иканама в непринуждённой обстановке. Посещение данных мероприятий добавляет вам плюс к карме и парочку кринжовых историй",https://vk.com/@ikanam-instrukciya-po-zhizni-i-vyzhivaniu-na-otdelenii-ekonomiki-ch,пост
для статьи используем ссылку на пост,12,Post для статьи используем ссылку на пост (2023-08-07 00:00:00),". Так что всех очень ждём 2 сентября на осеннем лофте! Также если вы не пьете алкоголь и думаете, что не впишетесь в тусовку, то спешим вас успокоить. Мы всех любим, принимаем и ждем. Распитие высокоградусных напитков - необязательный момент на наших встречах. Посвят. Самое важное событие в жизни каждого студента, а также самое масштабное событие года в Иканаме",https://vk.com/@ikanam-instrukciya-po-zhizni-i-vyzhivaniu-na-otdelenii-ekonomiki-ch,пост
для статьи используем ссылку на пост,13,Post для статьи используем ссылку на пост (2023-08-07 00:00:00),". Как говорится, и тамада организаторы хорошие и конкурсы интересные. Для этих целей снимается коттедж на день, где и проходит все веселье. Ходят легенды, что всех непосвященных студентов отчислил Козко, но проверять вам все же не советуем. Мы же теперь семья, а семья - это важно",https://vk.com/@ikanam-instrukciya-po-zhizni-i-vyzhivaniu-na-otdelenii-ekonomiki-ch,пост
для статьи используем ссылку на пост,14,Post для статьи используем ссылку на пост (2023-08-07 00:00:00),". Мы же теперь семья, а семья - это важно. Ребус Ребус Так что желательно не планировать ничего на 7-8 октября, ведь эти даты будут заняты самым важным событием вашего студенчества! Послекапустник",https://vk.com/@ikanam-instrukciya-po-zhizni-i-vyzhivaniu-na-otdelenii-ekonomiki-ch,пост
для статьи используем ссылку на пост,15,Post для статьи используем ссылку на пост (2023-08-07 00:00:00),". После того, как хорошенько потанцевали на студактивистском Капустнике, мы всем Иканамом берем согревающе-веселящие напитки и отправляемся дезинфицировать свой организм от негативного воздействия танцев в Парк Школьников",https://vk.com/@ikanam-instrukciya-po-zhizni-i-vyzhivaniu-na-otdelenii-ekonomiki-ch,пост
для статьи используем ссылку на пост,16,Post для статьи используем ссылку на пост (2023-08-07 00:00:00),". Обстановка располагает к душевному общению и песням под гитару, так что можете заранее учить тексты песен Летова и Сплин Карьерная пятница, она же суббота, она же Работающие для безработных",https://vk.com/@ikanam-instrukciya-po-zhizni-i-vyzhivaniu-na-otdelenii-ekonomiki-ch,пост
для статьи используем ссылку на пост,17,Post для статьи используем ссылку на пост (2023-08-07 00:00:00),". Не так давно, оправившись после ковидных времен, силами судентов было воссоздано такое мероприятие как карьерка, на котором работающие студенты и выпускники ОЭ делятся своим опытом устройства на работу, отвечают на вопросы, а иногда даже зовут желающих на стажи. Тайный Санта. Добрая традиция перед каждым новым годом",https://vk.com/@ikanam-instrukciya-po-zhizni-i-vyzhivaniu-na-otdelenii-ekonomiki-ch,пост
для статьи используем ссылку на пост,18,Post для статьи используем ссылку на пост (2023-08-07 00:00:00),". Добрая традиция перед каждым новым годом. Здесь вы можете как побывать в роли Санты и сделать чей-то новый год лучше, так и получить подарок. Мафия. В течение года сообществом активных студентов проводятся сборы в аудиториях РАНХиГС, а также на разных этажах ГЖК для проведения игр в мафию. У ребят все серьезно, даже группу свою сделали",https://vk.com/@ikanam-instrukciya-po-zhizni-i-vyzhivaniu-na-otdelenii-ekonomiki-ch,пост
для статьи используем ссылку на пост,19,Post для статьи используем ссылку на пост (2023-08-07 00:00:00),". У ребят все серьезно, даже группу свою сделали. Инструкция по жизни и выживанию на отделении экономики часть первая, изображение 4 Также остаются некоторые забытые мероприятия, например, киллер. Но возможно скоро они станут не такими уж забытыми. Время покажет",https://vk.com/@ikanam-instrukciya-po-zhizni-i-vyzhivaniu-na-otdelenii-ekonomiki-ch,пост
для статьи используем ссылку на пост,20,Post для статьи используем ссылку на пост (2023-08-07 00:00:00),". Время покажет. Также есть события, которые проводятся не Иканамом, но их посещение не считается чем-то студактивным киберспортивный турнир в начале года или футбольные чемпионаты. Меня точно не отчислят? Скорее всего, вы уже устали слышать от каждого в ранхигс НА ОЭ СЛОЖНО, ТУТ ВСЕХ ОТЧИСЛЯЮТ. Отчасти это правда, но только отчасти. Давайте разберемся, откуда пошла эта страшилка",https://vk.com/@ikanam-instrukciya-po-zhizni-i-vyzhivaniu-na-otdelenii-ekonomiki-ch,пост
для статьи используем ссылку на пост,21,Post для статьи используем ссылку на пост (2023-08-07 00:00:00),". Давайте разберемся, откуда пошла эта страшилка. На одном из дней открытых дверей, небезызвестный Шилин К.Ю. с которым вы обязательно познакомитесь, предоставил официальную статистику, посмотря на которую, можно немного много впасть в шок",https://vk.com/@ikanam-instrukciya-po-zhizni-i-vyzhivaniu-na-otdelenii-ekonomiki-ch,пост
для статьи используем ссылку на пост,22,Post для статьи используем ссылку на пост (2023-08-07 00:00:00),". Инструкция по жизни и выживанию на отделении экономики часть первая, изображение 5 За последние почти 10 лет от поступления до выпуска ежегодно доходят только 50-60 от всех поступивших",https://vk.com/@ikanam-instrukciya-po-zhizni-i-vyzhivaniu-na-otdelenii-ekonomiki-ch,пост
для статьи используем ссылку на пост,23,Post для статьи используем ссылку на пост (2023-08-07 00:00:00),". Цифры пугают, но мы же на ОЭ не боимся трудностей Такое значительное количество студентов, павших в неравном бою с экономикой, объясняется достаточно просто бóльшая часть ушедших понимает, что это не совсем то, чем они хотели бы заниматься или что это слишком математическое направление для них, поэтому либо переводятся, либо отчисляются и перепоступают",https://vk.com/@ikanam-instrukciya-po-zhizni-i-vyzhivaniu-na-otdelenii-ekonomiki-ch,пост
для статьи используем ссылку на пост,24,Post для статьи используем ссылку на пост (2023-08-07 00:00:00),". Кто-то, осознав всю тщетность бытия нечетного года, уходит в академ. Ну и последняя категория людей те самые отчисленные бедолаги. Их не так много, и в основном это те, кто уже потерял всякую надежду и абсолютно ничего не делал",https://vk.com/@ikanam-instrukciya-po-zhizni-i-vyzhivaniu-na-otdelenii-ekonomiki-ch,пост
для статьи используем ссылку на пост,25,Post для статьи используем ссылку на пост (2023-08-07 00:00:00),". Если вы посещаете критически важную часть пар, делаете домашечки, вообщем, делаете тот минимум, которые требуют преподаватели, то до отчисления вам, как до Китая пешочком. На экзаменах специально никого не заваливают",https://vk.com/@ikanam-instrukciya-po-zhizni-i-vyzhivaniu-na-otdelenii-ekonomiki-ch,пост
для статьи используем ссылку на пост,26,Post для статьи используем ссылку на пост (2023-08-07 00:00:00),". На экзаменах специально никого не заваливают. Ведь если вы действительно уделили необходимое количество времени подготовке и разобрались в предмете, то сдать экзамен по какой-то из дисциплин не потребует от вас сверхчеловеческих усилий. К тому же, у вас есть целых три попытки сдать тот или иной предмет экзмен, пересдача и комиссия, а только после этого идет отчисление",https://vk.com/@ikanam-instrukciya-po-zhizni-i-vyzhivaniu-na-otdelenii-ekonomiki-ch,пост
для статьи используем ссылку на пост,27,Post для статьи используем ссылку на пост (2023-08-07 00:00:00),". ТВиМС - теория вероятности и математическая статистика ТВиМС - теория вероятности и математическая статистика Но, например, для платников, есть и плюсы в том, что до выпуска доходит лишь половина главное попасть в правильную половину. Ведь меньше народа больше кислорода бюджетных мест, по очевидным причинам",https://vk.com/@ikanam-instrukciya-po-zhizni-i-vyzhivaniu-na-otdelenii-ekonomiki-ch,пост
для статьи используем ссылку на пост,28,Post для статьи используем ссылку на пост (2023-08-07 00:00:00),". Поэтому успешно закрыв 2 сессии и имея свободные места, вы можете перейти на бюджет, примеров такой практики достаточно. На первом курсе также проводятся допы от старшекурсников, где вы можете доразобрать важную для вас инфу с более опытными товарищами, или оперативно подготовиться к надвигающейся контрольной. Перейдем в самому важному",https://vk.com/@ikanam-instrukciya-po-zhizni-i-vyzhivaniu-na-otdelenii-ekonomiki-ch,пост
для статьи используем ссылку на пост,29,Post для статьи используем ссылку на пост (2023-08-07 00:00:00),". Перейдем в самому важному. Если вы все еще не понимаете кто такой Козко и почему предел нельзя называть лимитом, то эта глава для вас. Сейчас мы познакомимся с основными предметами и правилами выживания на них. Инструкция по жизни и выживанию на отделении экономики часть первая, изображение 7 Математический анализ. Та самая базовая база, которая будет с вами на всем непростом пути иканамовца",https://vk.com/@ikanam-instrukciya-po-zhizni-i-vyzhivaniu-na-otdelenii-ekonomiki-ch,пост
для статьи используем ссылку на пост,30,Post для статьи используем ссылку на пост (2023-08-07 00:00:00),". Поэтому предмету стоит уделить особое внимание. Лекции если вы послушали лекцию, но не поняли почему А перевернута, а Е пишут в другую сторону, то не пугайтесь это нормально. Так как вы носите гордое звание нечетного года и лектор а у кого-то и семинарист у вас Козко Артем Иванович, то он сам будет выкладывать записи лекций к себе на канал",https://vk.com/@ikanam-instrukciya-po-zhizni-i-vyzhivaniu-na-otdelenii-ekonomiki-ch,пост
для статьи используем ссылку на пост,31,Post для статьи используем ссылку на пост (2023-08-07 00:00:00),". В спокойной обстановке можно пересмотреть и разобрать все непонятные буквы, которые вы будете еще долго использовать. Это дело, кстати, лучше не запускать, потому что, придя на очередную лекцию неподготовленными, вас может ждать неприятный сюрприз в виде внезапной скоростной летучки по определениям на 30 секунд",https://vk.com/@ikanam-instrukciya-po-zhizni-i-vyzhivaniu-na-otdelenii-ekonomiki-ch,пост
для статьи используем ссылку на пост,32,Post для статьи используем ссылку на пост (2023-08-07 00:00:00),". И как бы ни был велик соблазн пропускать лекции, ведь они же в записи, лучше так все же не делать а то можете остаться без допуска к коллоквиуму. Семинары Если вы счастливчик, который собрал джекпот и семинарист у вас Козко, то удачи. Скорее всего вы будете ничего не понимать на семинарах и тратить кучу времени, чтобы разобраться в материале самостоятельно",https://vk.com/@ikanam-instrukciya-po-zhizni-i-vyzhivaniu-na-otdelenii-ekonomiki-ch,пост
для статьи используем ссылку на пост,33,Post для статьи используем ссылку на пост (2023-08-07 00:00:00),". Это база, но не повод паниковать, ведь, во-первых, если вы не смогли что-то разобрать сами, то всегда можно задать интересующие вопросы на семинарах, лекциях или допах, во-вторых, скоро вы вникните в процесс и это не будет казаться вам адским наказанием за все грехи человечества ладно, на самом деле будет. Но стоит запомнить одно САМОЕ важное правило НИКОГДА",https://vk.com/@ikanam-instrukciya-po-zhizni-i-vyzhivaniu-na-otdelenii-ekonomiki-ch,пост
для статьи используем ссылку на пост,34,Post для статьи используем ссылку на пост (2023-08-07 00:00:00),". Действительно НИКОГДА не списывайте у Козко. Потому что если он поймает вас за этим непристойным занятием, то на оставшийся период обучения вас ждет жесткий бан. Инструкция по жизни и выживанию на отделении экономики часть первая, изображение 8 На семинарах вы будете писать летучки по пройденному материалу, к ним можно подготовится, делая домашки их он иногда проверяет",https://vk.com/@ikanam-instrukciya-po-zhizni-i-vyzhivaniu-na-otdelenii-ekonomiki-ch,пост
для статьи используем ссылку на пост,35,Post для статьи используем ссылку на пост (2023-08-07 00:00:00),". Но зачем весь этот фарс? Чтобы поставить вам оценку за практику. Так что семинары лучше не пропускать. Гораздо проще набрать необходимые баллы на летучках, чем на экзамене. Также баллы за летучки могут пригодиться для допуска на коллоквиум. Также Козко очень любит хиханьки и хаханьки, поэтому не стесняйтесь шутить с ним, выходить к доске и кукарекать за 0.1 балл",https://vk.com/@ikanam-instrukciya-po-zhizni-i-vyzhivaniu-na-otdelenii-ekonomiki-ch,пост
для статьи используем ссылку на пост,36,Post для статьи используем ссылку на пост (2023-08-07 00:00:00),".1 балл. Да, кринж, но кто знает, что может пригодится на экзамене или колке Если вы счастливчик, который попал к Лужиной Любови Михайловне, то скорее всего вы все будете понимать, но придется привыкнуть к жестким требованиям оформления работ. Инструкция по жизни и выживанию на отделении экономики часть первая, изображение 9 Система оценивания довольно проста",https://vk.com/@ikanam-instrukciya-po-zhizni-i-vyzhivaniu-na-otdelenii-ekonomiki-ch,пост
для статьи используем ссылку на пост,37,Post для статьи используем ссылку на пост (2023-08-07 00:00:00),". Это 2 контрольных на несколько задач, где вы за каждую задачу получаете плюс или минус а иногда и то, и другое. Если вы не справились с контрольными в течение семестра, то экзамене у вас будет пул задач, похожих на те, с которыми вы не справились на кр. Ребятам Козко А.И. и Лужина А.А., кстати, советуем ходить дополнительно к Лужиной Л.М., если вам позволит расписание",https://vk.com/@ikanam-instrukciya-po-zhizni-i-vyzhivaniu-na-otdelenii-ekonomiki-ch,пост
для статьи используем ссылку на пост,38,Post для статьи используем ссылку на пост (2023-08-07 00:00:00),".М., если вам позволит расписание. Так вы сэкономите себе время и нервы для понимания материала главное делать это не в ущерб своим семинарам. Ну и если вы попали к Лужину А.А., то поздавляю. Вы будете знать все анекдоты с Мэйл.ру. Требования к зачету по практике у него такие же как у Лужиной. Самое сладенькое на десерт - коллоквиумы",https://vk.com/@ikanam-instrukciya-po-zhizni-i-vyzhivaniu-na-otdelenii-ekonomiki-ch,пост
для статьи используем ссылку на пост,39,Post для статьи используем ссылку на пост (2023-08-07 00:00:00),". Самое сладенькое на десерт - коллоквиумы. Независимо от того, кто ваш семинарист вы дважды в семестр будете сдавать коллоквиумы. Писать конспекты лекций смысла мало, т.к. есть записи и файл самого Козко, а вот писать лекционный материал сразу в виде определений и билетов к коллоквиуму вполне разумное решение. Во-первых, это поможет вам структурировать знания",https://vk.com/@ikanam-instrukciya-po-zhizni-i-vyzhivaniu-na-otdelenii-ekonomiki-ch,пост
для статьи используем ссылку на пост,40,Post для статьи используем ссылку на пост (2023-08-07 00:00:00),". Во-вторых, вы сможете сразу запоминать и разбирать лекционный материал, а в случае чего задавать вопросы либо самому Артему Ивановичу, либо ребятам на допах. Список требуемых определений и билетов есть на личном сайте Козко. Во второй части гайда будет продолжение по остальным дисциплинам, так что ждите! Ссыло4ки Мемные паблики Два Йегеря в сумме - А",https://vk.com/@ikanam-instrukciya-po-zhizni-i-vyzhivaniu-na-otdelenii-ekonomiki-ch,пост
для статьи используем ссылку на пост,41,Post для статьи используем ссылку на пост (2023-08-07 00:00:00),. Смит секретарь у собаки Иканамская интеллигенция Студпассив без студ Не мемные паблики ЭМИТ РАНХиГС Отделение экономики,https://vk.com/@ikanam-instrukciya-po-zhizni-i-vyzhivaniu-na-otdelenii-ekonomiki-ch,пост
4935,0,Post 4935 (2023-08-07 20:01:11),"Главное на такой шлак не подписываться, Лучшее введение, лайк!",https://vk.com/wall-130344439_4935,комментарий
4939,0,Post 4939 (2023-08-21 16:04:33),"Вечерний салам вашему дому, дамы и господа! Признайтесь, вы тоже ждали, когда лето закончится, чтобы поскорее открыть алкогольно-танцевальный сезон иканама? Тогда у меня хорошая новость - вы дождались! Ничего не планируйте на 2.09, ведь именно в этот день с 1900 до 200 будет проходить долгожданный осенний лофт! Если у вас уже есть запланированные тусовки - идите на них сейчас, потом поздно будет",https://vk.com/wall-130344439_4939,пост
4939,1,Post 4939 (2023-08-21 16:04:33),". Лучше лофта может быть только посвят, но о нём рано пока По поводу помещения Отдельного поста про него не будет. Многие уже с ним прекрасно знакомы, поскольку там проводился прошлогодний осенний лофт. Но дабы освежить память настоятельно рекомендуем зайти в комментарии и перейти по ссылке на уже существующий пост со всей подробной информацией Адрес м",https://vk.com/wall-130344439_4939,пост
4939,2,Post 4939 (2023-08-21 16:04:33),". Площадь Ильича, Самокатная 4с19 По цене всё стандартно. До 31.08 это 1000, после - 1300. Важное уточнение, указывайте ФИ и курс, нам важно понимать кто отправляет деньги! А отдавать их вы будете вот сюда Сбербанк сбор - Тинькофф сбор - Также никуда не делся розыгрыш на бесплатную проходку! Все, кто скинет деньги до повышения цены, автоматически станут участниками. Результаты будут 31",https://vk.com/wall-130344439_4939,пост
4939,3,Post 4939 (2023-08-21 16:04:33),". Результаты будут 31.08 По всем вопросам обращайтесь к этим людям Не прощаемся, ведь скоро увидимся!",https://vk.com/wall-130344439_4939,пост
4939,0,Post 4939 (2023-08-21 16:04:33),"помещение -, ща опять тупые орги зарядят марафон постов про лофт на 10 дней, Мда орги опять зарядили марафон постов про лофт на 10 дней, сколько можно, Обзор площадки",https://vk.com/wall-130344439_4939,комментарий
4945,0,Post 4945 (2023-08-21 18:51:29),"Многие из вас знают платформу Datacamp и обязательные к прохождению курсы по нему на R Если вы обучались у Шилина на введении в анализ данных и машинное обучение, тогда застали и курсы на python. На самом деле на платформе очень много и других курсов, которые помогут прокачать собственные скилы в сфере работы с данными",https://vk.com/wall-130344439_4945,пост
4945,1,Post 4945 (2023-08-21 18:51:29),". Только с 28 августа по 3 сентября Datacamp открыл бесплатный доступ на ВСЕ курсы из своей библиотеки На заметку - с бесплатным уровнем доступа открыта только одна часть курса, которая по сути бесполезна без всего курса. Подписка на платформу стоит от 16.5 в месяц",https://vk.com/wall-130344439_4945,пост
4945,2,Post 4945 (2023-08-21 18:51:29),".5 в месяц. За эту бесплатную неделю можно смело познакомиться подтянуть знания по SQL - за пару усердных курсов научитесь составлять запросы и даже узнаете, что такое оконные функции вау Ну или получше можете освоить pandas, pyspark, power BI или даже data science Даже курсы по scala spark находил, чуть-чуть Для более продвинутых - есть курс по airflow, довольно интересный",https://vk.com/wall-130344439_4945,пост
4945,3,Post 4945 (2023-08-21 18:51:29),". Ссылка на пост от datacamp для более подробного изучения Дополнительная вырезка из FAQs Here are some FAQs Will learners be charged after Free Week? No, a credit card is not required to take advantage of Free Week content. Is there a content limit? No, Free Week learners have unlimited access to as much content as they like within the timeframe.",https://vk.com/wall-130344439_4945,пост
4951,0,Post 4951 (2023-08-28 12:00:03),"Летние дни подходят к концу, приближается учебный год и долгожданный осенний лофт, которого все поколения иканама ждут больше, чем повышенную стипендию",https://vk.com/wall-130344439_4951,пост
4951,1,Post 4951 (2023-08-28 12:00:03),". Для вашего удобства дублируем постик про помещение, которое так полюбилось всем, кто был в прошлом году и понравится нашим первокурсникам Самый главный вопрос Что же мы получим за те деньги, которые отдаём? Ну, смотрите сами Отдельное здание, можно шуметь 247 Общая площадь 530м2 Площадь зала 100м30м балкон Потолок 4",https://vk.com/wall-130344439_4951,пост
4951,2,Post 4951 (2023-08-28 12:00:03),".5 м Веранда на первом этаже 80м Веранда 250м на крыше Гардероб 5 санузлов Прямой и удобный доступ с улицы Барная стойка и сцена Адрес м. Площадь Ильича, Самокатная 4с19 Помимо этого в стоимость входят пицца, закуски и всевозможные напитки Напоминаем, что до повышения цены осталось 3 дня, поторопитесь",https://vk.com/wall-130344439_4951,пост
4951,3,Post 4951 (2023-08-28 12:00:03),. 31 августа в 2000 она поднимется с 1000 до 1300 Сборы Сбербанк - Тинькофф - По всем вопросам обращайтесь к этим людям,https://vk.com/wall-130344439_4951,пост
4951,0,Post 4951 (2023-08-28 12:00:03),"Да, мы говорили, что отдельного поста про помещение не будет. Да, это отдельный пост про помещение. Да, обманули. Как говорится, а судьи кто?, Надеюсь, в этом году без короны будет",https://vk.com/wall-130344439_4951,комментарий
4955,0,Post 4955 (2023-08-28 23:23:23),"КОНКУРС ДЛЯ ПЕРВАКОВ Все мы знаем, насколько важна идеология СТУДПАССИВА для нашего любимого Иканама, не даром в статусе нашей группы написано последний оплот студпассива в ранепе Предлагаем первакам небольшой интерактив Чтобы проявить свою любовь к СТУДПАССИВУ поставьте в статусе тгвк слово студпассив и напишите в комментах любой правдивый комментарий в сторону студактива, например",https://vk.com/wall-130344439_4955,пост
4955,1,Post 4955 (2023-08-28 23:23:23),", например, студактив и танцульки - отстой на что хватит вашей фантазии Среди написавших коммент И поставивших статус мы подарим одну элитную майку СТУДПАССИВ и вручим ее под авации на лофте таких уже не делают",https://vk.com/wall-130344439_4955,пост
4955,0,Post 4955 (2023-08-28 23:23:23),"Не ведитесь, друзья! Шутки про студактив приводят к не самым приятным последствиям",https://vk.com/wall-130344439_4955,комментарий
4955,1,Post 4955 (2023-08-28 23:23:23),"!, темные уголки иканама - я за 500 рублей даже твоё сообщение не прочитаю - натягивать парты и экстремумы в камере - секретный доп от Димы Третьякова про ООП - Первое оливье из тазов на посвяте - Посиделки в столовке ГЖК - Ульянкина уволили физтехи",https://vk.com/wall-130344439_4955,комментарий
4955,2,Post 4955 (2023-08-28 23:23:23),", - Макав не распилил чистящие средства - ШПАД - убийца ШАДа - бильярд и пинг-понг на посвяте - штурм вражеской школы экономики - Шилин 1кк за кибертурнир - караоке после лофта - РАНХиГС - лучший строительный ВУЗ - хакатоны vs хороводы студактива - Иканам вместе, - лофты проходят там же",https://vk.com/wall-130344439_4955,комментарий
4955,3,Post 4955 (2023-08-28 23:23:23),", - лофты проходят там же, где и Лимоновские чтения - Папас это не попоечная - пиво не главное в жизни Иканама - нужно уметь управлять дроном - обязательно делать карты",https://vk.com/wall-130344439_4955,комментарий
4955,4,Post 4955 (2023-08-28 23:23:23),", Продолжим - Федорова невыездной генерал ресторан во франции - Молчат дома на кухнях в 7 корпусе - Любов так он же мониторщик - Гедлибже по Муссински - Мышка из росстата - Никита с 6 настрой на рост - Рассада в деканате - Пожар на стройке за гжк - Попытка открыть площадки в 2020-2022 годах - Честный обмен в катане",https://vk.com/wall-130344439_4955,комментарий
4955,5,Post 4955 (2023-08-28 23:23:23),", - Пензенское лобби Иканам - Лобби в ЦМФ - 2 эконамовцев ответственны за 13 магистрантов фэн и фкн и ответственны за 52 движа - Сербско-хорватское лобби в Яшке - Раздолбанный дом на посвяте был застрахован - У Рината есть кроссовки - он их снял с Жени Соколова, правдивый комментарий про студактив, да это то понятно",https://vk.com/wall-130344439_4955,комментарий
4955,6,Post 4955 (2023-08-28 23:23:23),". а танцы то когда?, Только зачислилась правдивые коммы про Студактив существуют, мнение не поменялось, Студактив это отличная возможность расширить свои горизонты, завести новых друзей и вовлечься в разнообразные активности за пределами учебной программы. Он может предложить уникальные мероприятия, спортивные соревнования, творческие проекты и многое другое",https://vk.com/wall-130344439_4955,комментарий
4955,7,Post 4955 (2023-08-28 23:23:23),. Присоединиться к студактиву - отличный способ обогатить свой студенческий опыт,https://vk.com/wall-130344439_4955,комментарий
4955,8,Post 4955 (2023-08-28 23:23:23),"!, Тут отправили фото, - исходя из результатов полученных с помощью данной вероятностной модели было выявлено, что вероятность того, что танцульки повлияют на лояльность преподов равна - отрицательный распил еды за ночь до посвята, Студактив - это не просто какие-то танцульки, он настолько же значим для самого крупного вуза страны - РАНХиГСа",https://vk.com/wall-130344439_4955,комментарий
4955,9,Post 4955 (2023-08-28 23:23:23),", насколько важны для перваков дистанционные лекции Чернова по проге в 9 утра, Студактив Студпассив -1, Тут отправили фото",https://vk.com/wall-130344439_4955,комментарий
4966,0,Post 4966 (2023-08-30 20:00:01),РОВНО 24 ЧАСА ОСТАЁТСЯ ДО ПОВЫШЕНИЯ ЦЕНЫ Но пост дропается не только из-за этого,https://vk.com/wall-130344439_4966,пост
4966,1,Post 4966 (2023-08-30 20:00:01),". Спешим сообщить, что мы добавили 2 новых приза в розыгрыш и теперь он выглядит так - Победитель забирает себе бесплатную проходку на лофт - За второе место вы получите вино от мамы Насти Рузавиной за рецензией обращайтесь к Лидии Овечкиной - Третье место получит отменную домашнюю настойку Напоминаю, что для участия в розыгрыше вам необходимо сдать деньги на лофт до повышения цены",https://vk.com/wall-130344439_4966,пост
4966,0,Post 4966 (2023-08-30 20:00:01),"я надеюсь, настойка не от Саши Козаченко., Время пива не заканчивалось, Это всë, конечно, очень интересно, но какой обменный курс разыгрываемой алкашки на иканамские шестигранки?",https://vk.com/wall-130344439_4966,комментарий
4979,0,Post 4979 (2023-08-31 20:36:19),"Все работяги на лофт залетели, теперь ждём богачей",https://vk.com/wall-130344439_4979,пост
4979,0,Post 4979 (2023-08-31 20:36:19),"id750407645Александр Козаченко, почём арбуз?, Тут отправили фото",https://vk.com/wall-130344439_4979,комментарий
5010,0,Post 5010 (2023-08-31 21:13:08),РЕЗУЛЬТАТЫ РОЗЫГРЫША 1 место - Детушев Семён бесплатная проходка 2 место - Рахматуллин Амир вино 3 место - Тер-Оганезов Арий настойка НО ГЛАВНЫЙ ПОБЕДИТЕЛЬ - ЯН СУТЯГИН! Янчик выиграл эро-массаж от Размика Саркисяна! Поздравляем,https://vk.com/wall-130344439_5010,пост
5025,0,Post 5025 (2023-09-02 14:08:05),"звук фанфар Дамы и господа, хочу поздравить вас, ведь вы дождались! Осенний лофт СЕГОДНЯ! И пусть за окном плохая погода, но это совсем не повод грустить! Быстренько пробежимся по основным моментам 1 Время проведения с 19.00 до 2.00 вы можете прийти позже, но приходить раньше смысла нет 2 Место проведения Самокатная улица, 4с19 3 Так как сегодня прохладно, настоятельно рекомендую одеться потеплее",https://vk.com/wall-130344439_5025,пост
5025,1,Post 5025 (2023-09-02 14:08:05),". Особенно это касается курильщиков 4 На лофте будут работать 2 бара. На первом этаже будут всем полюбившиеся с весеннего лофта коктейли и шоты весь алкоголь, который вы сдадите нам на хранение! На втором же лёгкий алкоголь. Учтите это, пожалуйста! И отдельно хочу выделить 2 правила 1. Заходить за барную стойку и выдавать алкоголь, сданный на хранение, могут только организаторы! 2",https://vk.com/wall-130344439_5025,пост
5025,2,Post 5025 (2023-09-02 14:08:05),. Ни в коем случае нельзя подходить к столу диджея и аппаратуре с напитками в руках! До встречи на танцполе!,https://vk.com/wall-130344439_5025,пост
5025,0,Post 5025 (2023-09-02 14:08:05),"Курильщиков чего?, за диджейский стол также могут заходить только организаторы, За преднамеренное и злостное нарушение правил, привлёкшее за свой повреждение звукового или иного оборудования, будут применены санкции, вплоть до занесения в чс на дальнейшие мероприятия под нашим организаторством",https://vk.com/wall-130344439_5025,комментарий
5031,0,Post 5031 (2023-09-03 14:59:40),"Пора заканчивать откисание и возвращаться в строй. Нелюбимый многими, но при этом такой необходимый пост с потеряшками. Если вы что-то потеряли или нашли, пожалуйста, прикрепите фото в комментарии! Давайте поможем себе и остальным",https://vk.com/wall-130344439_5031,пост
5031,0,Post 5031 (2023-09-03 14:59:40),"Очки, Как на аватарке, Бомбер студсовета, Нашел в сумке остатки лимончелло, Потерян зонт синий в клетку, Бутылку мартини верните черти!, потерялись серый зонтик в желтый горошек и голубой под вапорессо, Потерялся черный зонтик, Обнаружен чей то повербанк, Потеряны очки с зелеными линзами, Хозяин, найдись",https://vk.com/wall-130344439_5031,комментарий
5044,0,Post 5044 (2023-09-03 18:19:10),"видеоотчёт пока ждём наши фото с лофта, решил запилить нарезочку из ваших видосов с первой тусовки года. готовимся к посвяту. ответ на фидбэк по музыке ребят, музыкальные вкусы у всех разные и мы стараемся собрать все жанры и стили. если вам нравится один трек из пяти, то это нормально. другие треки предназначены для других посетителей нашего мероприятия. стараемся учесть вкусы всех",https://vk.com/wall-130344439_5044,пост
5044,1,Post 5044 (2023-09-03 18:19:10),. стараемся учесть вкусы всех. вся музыка собирается из ваших плейлистов,https://vk.com/wall-130344439_5044,пост
5044,0,Post 5044 (2023-09-03 18:19:10),"Так вот где моя лимончела, Смаачил пиво иракез, сжимаю крест",https://vk.com/wall-130344439_5044,комментарий
5046,0,Post 5046 (2023-09-03 22:50:03),"Привет! Без лишних предисловий расскажем первокурсникам про преподавателей, с которыми им предстоит познакомиться на первой неделе. Итак, семинаристы алгоритмизации и программирования! Листайте фотки, чтобы найти именно вашего",https://vk.com/wall-130344439_5046,пост
5046,0,Post 5046 (2023-09-03 22:50:03),Алексею Владимировичу добавьте фотку из коробки . Кто шарит тот шарит,https://vk.com/wall-130344439_5046,комментарий
5047,0,Post 5047 (2023-09-03 22:51:40),"Продолжаем рассказывать про преподавателей! На этот раз - английский. Ведут единственный предмет, на котором за поболтать ставят оценки крутите фоточки до вашего препода",https://vk.com/wall-130344439_5047,пост
5060,1,Post 5060 (2023-09-09 13:00:01),". Какая-то часть из них была разжалована отключена от финансирования, не круто сидеть и юзать ее только для удаления фоток после лофтов НО если вы хотите генерить годный контент, сопряжённый с экономом например вы единственный с РАНХиГС",https://vk.com/wall-130344439_5060,пост
5060,2,Post 5060 (2023-09-09 13:00:01),", кто поступил в ШАД и вы хотите рассказать об этом организуете посвят организуете работающих для безработных или ещё что-то подобное другую тусу курируете перваков по матану проге и тп делаешь мафклабы и бронируешь аудитории для мероприятий вы делаете что-то другое очень важное, что затрагивает много людей, и вам при этом надо оповещать о чём-то, напишите одному из админов",https://vk.com/wall-130344439_5060,пост
5060,3,Post 5060 (2023-09-09 13:00:01),", напишите одному из админов, он расшарит вам админку и вы сможете постить от имени сообщества",https://vk.com/wall-130344439_5060,пост
5060,4,Post 5060 (2023-09-09 13:00:01),". Инфа про капустники, как и раньше , будет караться разжалованием. Если вы не имеете выход на текущих админов, то напишите этому человеку Если никто ничего друг-другу рассказывать не будет, группа умрёт",https://vk.com/wall-130344439_5060,пост
5060,0,Post 5060 (2023-09-09 13:00:01),"А мефклабы можно?, И не надо меня пж ни о чем оповещать, у вас тут прям англо-саксонское право, всё по прецедентам",https://vk.com/wall-130344439_5060,комментарий
5065,0,Post 5065 (2023-09-15 17:16:38),"Внимание, студенты иканама Парку школьников быть! Мы никак не могли пройти мимо одного из самых ламповых мероприятий. В субботу 23 сентября в 1800-1810 мы собираемся у 4 кпп и дружно топаем на закупку сами знаете чего и по традиции идём в парк школьников",https://vk.com/wall-130344439_5065,пост
5065,1,Post 5065 (2023-09-15 17:16:38),". Московская погода не слишком радует, поэтому не забываем потеплее одеться! в этом вам поможет наш прекрасный мерч чvк иканам Вас будет ждать очень атмосферный вечер, где вы сможете пообщаться с однокурсниками, старшекурсниками, выпускниками, узнать много нового о учёбеработе и проверить свои силы перед ГЛАВНЫМ событием осени - посвятом!",https://vk.com/wall-130344439_5065,пост
5078,0,Post 5078 (2023-09-18 20:00:01),"Сбербанк - Тинькофф - Цена Для первокурсников - 3800, Для первых 100 человек - 3800, далее - 4100. Обязательно указывать фамилию, имя и курс. Сезон посвята объявляется открытым",https://vk.com/wall-130344439_5078,пост
5078,0,Post 5078 (2023-09-18 20:00:01),"Тут отправили фото, А фотки дома мы не увидим да?, Вот,что матан делает с нами",https://vk.com/wall-130344439_5078,комментарий
5087,0,Post 5087 (2023-09-21 18:00:01),"Хотели? Получайте! Показываем вам коттедж, в котором будут проходить наши пьяные безумства. К чёрту лишнюю информацию, перейдём сразу к делу. За 3800 вас будут ждать 4-этажный коттедж площадью 1100 кв. м",https://vk.com/wall-130344439_5087,пост
5087,1,Post 5087 (2023-09-21 18:00:01),". м. Бассейн с подогревом Территория в 16 соток Беседка, где можно будет всем вместе спеть песни группы Любэ, Летова и других выпускников ОЭ Тёплые полы 12 спален и 50 спальных мест Цена, опять же, 3800 для первокурсников, 3800 для первых 100 человек, 4100 для тех, кто долго думал. Сбербанк - Тинькофф - О самом же посвяте и развлечениях подробнее вы узнаете завтра",https://vk.com/wall-130344439_5087,пост
5087,0,Post 5087 (2023-09-21 18:00:01),"Зачем так много этажей, как пьяных на 4-й тащить.., эммм, так тарталетки с картошкой будут в итоге?",https://vk.com/wall-130344439_5087,комментарий
5097,0,Post 5097 (2023-09-22 21:20:04),"Сбербанк - Тинькофф - Цена Для первокурсников - 3800, Для первых 100 человек - 3800, далее - 4100. Обязательно указывать фамилию, имя и курс",https://vk.com/wall-130344439_5097,пост
5103,0,Post 5103 (2023-09-23 13:40:00),"Всем привет! Напоминаем, что сегодня встречаемся у 1 корпуса в 1800, закупаемся горячительным и дружной компанией идем проводить вечер этой субботы в парке Школьников! Дождя не предвидится, погода отличная, но рекомендуем вечером все же утеплиться Как пройти в парк, читай здесь",https://vk.com/wall-130344439_5103,пост
5107,0,Post 5107 (2023-09-24 20:00:01),"Все мы любим посмеяться и халяву, поэтому из года в год организаторы проводят так называемый конкурс мемов. Суть простая - вам нужно создать мем на любую тему, которая хоть как-то связана с Иканамом и отправить его нам. Это может быть что угодно, простор для фантазии огромный. У вас есть ровно неделя на то, чтобы запариться и сделать качественный прикол",https://vk.com/wall-130344439_5107,пост
5107,1,Post 5107 (2023-09-24 20:00:01),". Далее начинаются голосования одно среди организаторов, другое среди честной аудитории нашего сообщества. Соотношение очков - 3070. Всего в конкурсе 2 этапа и организаторы будут голосовать только со второго, то бишь с финального. Дедлайн сдачи мемов - 1.10 2300. Конкурс стартует в понедельник вечером",https://vk.com/wall-130344439_5107,пост
5107,2,Post 5107 (2023-09-24 20:00:01),".10 2300. Конкурс стартует в понедельник вечером. Самое интересное, конечно же, призы 1 место - бесплатная проходка на посвят 2 место - легендарная футболка СТУДПАССИВ 3 место - скидка 25 на наше чудесное мероприятие И что ещё интереснее, конкурса будет целых 2! Один для 1 курса и другой для всех остальных ребят с ОЭ! То есть мы приготовили целых 6 призов! Да-да, не удивляйтесь",https://vk.com/wall-130344439_5107,пост
5107,3,Post 5107 (2023-09-24 20:00:01),". А теперь, бегом делать мемы! Подарите нам убойные хохмы P.S. мемы присылать сюда",https://vk.com/wall-130344439_5107,пост
5108,0,Post 5108 (2023-09-27 14:54:37),"Всем привет! Есть ли желающие помочь в организации кибертурнира по Dota 2? Если да, отпишите в лс",https://vk.com/wall-130344439_5108,пост
5110,0,Post 5110 (2023-09-27 18:00:02),"До посвята остаётся ровно 10 дней и ожидание сводит нас с ума так же, как и вас! Подготовка к лучшему и самому ожидаемому мероприятию года в полном разгаре, а значит сейчас подходящий момент, чтобы узнать о приблизительном количестве человек",https://vk.com/wall-130344439_5110,пост
5110,1,Post 5110 (2023-09-27 18:00:02),". На данный момент места по 3800 ещё остались, но советуем всем поторопиться, ведь ситуация может поменяться в любую секунду Сбербанк - Тинькофф - Цена Для первокурсников - 3800, Для первых 100 человек - 3800, далее - 4100. Опять же, обязательно указывать фамилию, имя и курс!",https://vk.com/wall-130344439_5110,пост
5112,0,Post 5112 (2023-09-29 15:30:00),"Москва всё ещё радует своей погодой, орги всё ещё радуют надеемся постами про посвят В этот раз мы решили взять мини-интервью у наших выпускников. У каждого из них за плечами не один посвят и всех их мы любим, ценим и уважаем. Приятного прочтения Сборы Сбербанк - Тинькофф - P.S. вторая часть очень скоро",https://vk.com/wall-130344439_5112,пост
5117,0,Post 5117 (2023-10-02 14:00:02),"СТАРТУЕМ ПЕРВЫЙ КУРС, ПЕРВЫЙ ТУР, ПЕРВАЯ ЧАСТЬ! ГОЛОСОВАНИЕ ДО 2300 ВТОРОЙ ТУР ЗАВТРА",https://vk.com/wall-130344439_5117,пост
5118,0,Post 5118 (2023-10-02 14:00:15),"ПЕРВЫЙ КУРС, ПЕРВЫЙ ТУР, ВТОРАЯ ЧАСТЬ ГОЛОСОВАНИЕ ДО 2300 ВТОРОЙ ТУР ЗАВТРА",https://vk.com/wall-130344439_5118,пост
5119,0,Post 5119 (2023-10-02 14:00:18),"СТАРШИЕ КУРСЫ, ПЕРВЫЙ ТУР, ПЕРВАЯ ЧАСТЬ! ГОЛОСОВАНИЕ ДО 2300 ВТОРОЙ ТУР ЗАВТРА",https://vk.com/wall-130344439_5119,пост
5119,0,Post 5119 (2023-10-02 14:00:18),"Ахахахп, я буквально начал делать такой же видос как awesome ending, но подумал, что другая штука будет смешнее Гении мыслят одинаково, про ушакова рофла не выкупил",https://vk.com/wall-130344439_5119,комментарий
5120,0,Post 5120 (2023-10-02 14:00:21),"СТАРШИЕ КУРСЫ, ПЕРВЫЙ ТУР, ВТОРАЯ ЧАСТЬ! ГОЛОСОВАНИЕ ДО 2300 ВТОРОЙ ТУР ЗАВТРА",https://vk.com/wall-130344439_5120,пост
5124,0,Post 5124 (2023-10-02 20:08:12),"Про конкурс мемов Очень просим всех голосующих выбирать, руководствуясь сердцем или хотя бы здравым смыслом, а не ориентироваться на сообщение, в котором попросили проголосовать за тот или иной вариант. Такие люди убивают честность данного конкурса. Организаторами было принято решение, что если во 2 туре будет замечено подобного рода жульничество, то негодяи будут наказаны штрафом в -10 баллов",https://vk.com/wall-130344439_5124,пост
5124,1,Post 5124 (2023-10-02 20:08:12),". Поэтому тщательно думайте, когда захотите попросить кого-то проголосовать за вас.",https://vk.com/wall-130344439_5124,пост
5124,0,Post 5124 (2023-10-02 20:08:12),"disqualification ending вас исключили из конкурса за накрутку, ?, я иду на посвят, потому что мне пообещали кинг комбо за это, а вы по какой причине?",https://vk.com/wall-130344439_5124,комментарий
5137,0,Post 5137 (2023-10-03 13:50:01),"И снова про конкурс мемов! Было принято следующее решение в финальный тур среди первокурсников выходят мемы, попавшие в топ-4 в своём опросе. Среди старшекурсников каждый мем, набравший хотя бы 40 голосов. С финального этапа будут учитываться голоса организаторов, а с каким весом - узнаете позже. Стартуем в 1430.",https://vk.com/wall-130344439_5137,пост
5144,0,Post 5144 (2023-10-03 17:00:02),"Обещанная вторая часть интервью с выпускниками! Читаем, лайкаем, комментируем и скидываем на посвят Сборы Сбербанк - Тинькофф -",https://vk.com/wall-130344439_5144,пост
5146,0,Post 5146 (2023-10-04 11:58:21),"СТОЙТЕ! СТОЙТЕ! КАКОЕ НАПОМИНАНИЕ? Про казино сказали, про концепт сказали, а про приз самому азартному студенту не сказали, ребят, ну ёмаё. Так не пойдет. Давайте заново. Итак, многие из вас, скорее всего, уже видели мелькающие на мероприятиях худаки ЧVК Иканам или, как говорит Кирилл Юрьевич, ЧVsК Иканам",https://vk.com/wall-130344439_5146,пост
5146,1,Post 5146 (2023-10-04 11:58:21),". Полгода назад была выпущена большая партия этих худи, но потом было объявлено о прекращении производства. Так что сейчас такой худи купить невозможно. ОДНАКО МОЖНО ВЫИГРАТЬ! Но организаторам показалось скучным сделать просто худи, как и у всех. Поэтому мы объявляем о первом и единственном БЕЛОМ худаке ЧVК Иканам, который станет главным призом на посвяте",https://vk.com/wall-130344439_5146,пост
5146,2,Post 5146 (2023-10-04 11:58:21),". Таких худи не будет в продаже и получить его любыми другими способами будет невозможно. Это буквально единственная версия нашего мерча в данном экземпляре. Кажется, стать белой вороной теперь не так уж и плохо.? Так о чем это я? Да, точно. Посвят.Да вроде бы уже всё сказано. Чего тут лонгриды расписывать. Всех ждём.",https://vk.com/wall-130344439_5146,пост
5147,0,Post 5147 (2023-10-04 14:00:55),ДОЛГОЖДАННЫЕ РЕЗУЛЬТАТЫ КОНКУРСА МЕМОВ! Напомню какие были призы 1 место - бесплатная проходка на посвят 2 место - легендарная футболка СТУДПАССИВ или скидка 50 3 место - скидка 25 на наше чудесное мероприятие Результаты можно посмотреть здесь,https://vk.com/wall-130344439_5147,пост
5148,0,Post 5148 (2023-10-04 17:09:53),".надо поговорить. Тяжело признаваться в этом, но организация посвята идёт далеко не так, как нам хотелось бы. На данный момент не набралось и минимального количества человек. Уже нет смысла делать вид, что всё идёт по плану, нет. Всё плохо. Более 10 лет данное мероприятие проводится беспрерывно. Да, иногда с потерями, да, с убытками, но проводится",https://vk.com/wall-130344439_5148,пост
5148,1,Post 5148 (2023-10-04 17:09:53),". В этом же году серия может прерваться и кто знает, возобновится ли она потом. Нам, честно говоря, вдвойне обидно, ведь планировался посвят, который по своему размаху должно был обойти все предыдущие",https://vk.com/wall-130344439_5148,пост
5148,2,Post 5148 (2023-10-04 17:09:53),". Посудите сами продуманный концепт самого мероприятия в стиле казино, интересное барное меню, которое в разы больше и круче того, что было на лофте, постарались продумать всё так, чтобы развеять у некоторых миф о том, что на посвяте все просто набухиваются до потери сознания. Для кого-то это, возможно, покажется мелочью, но раньше и такого не было",https://vk.com/wall-130344439_5148,пост
5148,3,Post 5148 (2023-10-04 17:09:53),". И это мероприятие, к сожалению, находится на грани срыва. Если за сегоднязавтра большинство не примет решение, то нам придётся всё отменить. Деньги, разумеется, всем вернём. Простите, если разочаровали. Мы правда не хотели, чтобы дошло до такого.",https://vk.com/wall-130344439_5148,пост
5148,0,Post 5148 (2023-10-04 17:09:53),"Тут отправили фото, , Тут отправили фото, идунапосвят поддержустудпассив, Тут отправили фото, Делайте что хотите, но я в очередной раз планировал наблюдать эпопею с жаркой шашлыков, утопление телефонов и прочих предметов в бассейне и Макава проснувшегося утром",https://vk.com/wall-130344439_5148,комментарий
5163,0,Post 5163 (2023-10-05 13:21:28),"Нельзя оставаться равнодушным в такой ситуации. Нужно сплотиться и спасти посвят, чтобы традиция жила! Сборы Сбербанк - Тинькофф -",https://vk.com/wall-130344439_5163,пост
5163,0,Post 5163 (2023-10-05 13:21:28),"Тут отправили фото, кому худак белый отдать в случае отмены?, РЕБЯТА, РАЗДАЁМ ДЕНЬГИ В КРЕДИТ ПОД 0 ДЛЯ ПОКУПКИ ПРОХОДКИ НА ПОСВЯТ. КЛЮЧЕВАЯ СТАВКА 12 НАМ ПОФИГУ, Дублируйте реквизиты, щас весь онэ придет, Еще Ванга предсказывала, что апокалипсис начнется, когда впервые отменится посвят. Это единственное светлое, что защищает наш мир от вторжения потустороннего зла",https://vk.com/wall-130344439_5163,комментарий
5163,1,Post 5163 (2023-10-05 13:21:28),". Если разбить цепочку посвятов, то врата Ада откроются и всех нас ждет судный день.",https://vk.com/wall-130344439_5163,комментарий
5172,0,Post 5172 (2023-10-05 16:19:18),"ребят, подключаемся к соревнованию суть простая выиграет тот, кто скинет больше",https://vk.com/wall-130344439_5172,пост
5176,0,Post 5176 (2023-10-05 23:17:21),"В связи с последним розыгрышем, предлагаю сменить аватарку Иканама на более подходящую",https://vk.com/wall-130344439_5176,комментарий
5179,0,Post 5179 (2023-10-06 00:06:32),"что хочется сказать. ПОСВЯТУ БЫТЬ! ДА, МЫ СДЕЛАЛИ ЭТО! МЫ СОБРАЛИ НУЖНОЕ КОЛИЧЕСТВО ЛЮДЕЙ И ДЕНЕГ! Хочется ещё раз поблагодарить всех, кто поучаствовал. Вы на своих плечах вытащили этот посвят из ямы",https://vk.com/wall-130344439_5179,пост
5179,1,Post 5179 (2023-10-06 00:06:32),". Вы на своих плечах вытащили этот посвят из ямы. Вы настоящие герои, вы лучшие люди на иканаме, вы последний оплот студпассива в ранепе Безумные переводы, благотворительность от дедов, прямой репортаж, битва за худак - всё это произошло ещё до посвята. Мы с оргами дружно пойдём в ахуй, а вы пока готовьтесь!",https://vk.com/wall-130344439_5179,пост
5179,0,Post 5179 (2023-10-06 00:06:32),"Ахуеть., Тут отправили фото, ПОБЕДА, ПАНКИ ХОЙ ПОСВЯТ ЖИВОЙ",https://vk.com/wall-130344439_5179,комментарий
5182,0,Post 5182 (2023-10-06 00:58:51),"Раз-раз. Проверка связи из-за диджейского стола. Последний пост с результатами сегодняшнего дня борьбы за посвят. Победа достигнута, но отдельные лица стоит отметить 1 Первое место по стоимости пожертвований на посвят id447369463Павел Бутов - выигрыш в виде белого худи чвк 2 Второе место по стоимости пожертвований на посвят id289253209Женя Землянская - выигрыш в виде черного худи чвк П.с",https://vk.com/wall-130344439_5182,пост
5182,1,Post 5182 (2023-10-06 00:58:51),".с. да, белых худаков будет отныне два на иканаме орги жестко переобулись, но зато посвят будет, а черных теперь больше 30 штук. но это так, для статистики",https://vk.com/wall-130344439_5182,пост
5182,0,Post 5182 (2023-10-06 00:58:51),", Когда уже можно будет черный купить, Надеюсь, организаторы на посвяте тоже в лимитированном мерче будут",https://vk.com/wall-130344439_5182,комментарий
5190,0,Post 5190 (2023-10-06 13:39:23),"Такссссс Все мы немного отошли от вчерашнего шоу и пришло время чуток объясниться. Как вы могли заметить, 2 человечка с первого курса ну очень сильно хотели, чтобы посвят состоялся и на двоих скинули почти 40к",https://vk.com/wall-130344439_5190,пост
5190,1,Post 5190 (2023-10-06 13:39:23),". Признаемся, мы были невероятно шокированы и приятно удивлены такого уровня поддержкой, но в то же время посчитали, что неправильно будет оставлять эти деньги, ведь соревнование по наибольшему донату изначально было шуткой, мы и представить не могли, что оно наберёт такие обороты. Поэтому всей организаторской будкой мы приняли решение, что надо возвращать эти деньги",https://vk.com/wall-130344439_5190,пост
5190,2,Post 5190 (2023-10-06 13:39:23),". По итогу виновники торжества получили своё ребята залутали худаки и ещё вкинули на проходки за своих друзей и никто не остался в убытке. Нам очень приятно, что вы настолько сильно нас поддерживаете, но всё-таки совесть не позволила просто присвоить эти деньги себе.",https://vk.com/wall-130344439_5190,пост
5199,0,Post 5199 (2023-10-06 19:08:16),", прифотошопьте меня кто нибудь пожалуйста, Тут отправили фото, Вы думали у них кроме молитвы ничего нет?, Тут отправили фото, Вы сделали это",https://vk.com/wall-130344439_5199,комментарий
5208,0,Post 5208 (2023-10-07 11:30:37),"Нет, это не ложная тревога! Сегодня посвят! И чтобы быть уверенными в том, что все до нас доберутся, выкатываем вспомогательный пост. Местонахождение нашего дома, мягко говоря, не самое удобное. Единственный способ приехать не на такси - автобус от метро Домодедовская",https://vk.com/wall-130344439_5208,пост
5208,1,Post 5208 (2023-10-07 11:30:37),". Информация для тех, кто живёт на территории ранха или не хочет ехать один в 1630 у 4 КПП вас будет ждать наш человек, который с радостью довезет вас в целости и сохранности",https://vk.com/wall-130344439_5208,пост
5208,2,Post 5208 (2023-10-07 11:30:37),". Ещё немного организационных моментов 1 советуем утеплиться, погода сегодня не радует 2 обязательно возьмите с собой плавки и полотенце для бассейна 3 ОБЯЗАТЕЛЬНО с собой тапочки а то владелец дома сделает нам больно 4 не опаздывайте, пожалуйста НАЧАЛО ПОСВЯТА в 1900",https://vk.com/wall-130344439_5208,пост
5208,0,Post 5208 (2023-10-07 11:30:37),"почему среди мерча студпассива нет тапочек, а вы говорите иканам не заботится о своих стариках.",https://vk.com/wall-130344439_5208,комментарий
5217,0,Post 5217 (2023-10-07 19:00:43),Кто нибудь может взять гитару и поделится ей с дедами на посвят? Деды очень просят Чухров и Ямбушев,https://vk.com/wall-130344439_5217,пост
5226,0,Post 5226 (2023-10-08 12:07:19),"Никто не находил прозрачные очки, которые ещё красным подсвечиваются?",https://vk.com/wall-130344439_5226,пост
5229,0,Post 5229 (2023-10-08 12:20:55),"От лица всех пожилых людей с иканама, хотел бы сказать про одну неприятную вещь, что кто-то из админов почувствовал в себе потенциал вахтёра, решил удалить из паблика людей не с иканама, но которые очень много для него сделали, и которые считают себя частью нашего сообщества. Очень надеюсь, что это просто пьяное недопонимание, никакая не мелкосортная ксенофобия и не злоупотребление админкой",https://vk.com/wall-130344439_5229,пост
5229,1,Post 5229 (2023-10-08 12:20:55),". И очень прошу не выгонять людей из личной неприязни или лёгких конфликтов. С момента создания традиций посвятов иконом славился тем, что тепло принимал людей, готовых дружить с нашими студентами, и которые желали словом и делом стать частью нас",https://vk.com/wall-130344439_5229,пост
5229,2,Post 5229 (2023-10-08 12:20:55),". Мы тепло принимаем студентов любых факультетов и даже вузов, готовых разделить наши традиции! История иканама всегда наполнена прекрасными людьми с других направлений, без которых я и мои сотоварищи не представляем иканам Всем пис! Пы.Сы. верните ребят и не делайте так больше, пожалуйста",https://vk.com/wall-130344439_5229,пост
5229,0,Post 5229 (2023-10-08 12:20:55),"Одна нация уже когда-то подумала что она лучше других., Тру стори",https://vk.com/wall-130344439_5229,комментарий
5233,0,Post 5233 (2023-10-08 21:28:19),Потеряшки Пока орги находят все новые и новые седые волосы Дайте знать что нашли вы,https://vk.com/wall-130344439_5233,пост
5233,0,Post 5233 (2023-10-08 21:28:19),"у меня чей-то серый топ, Кто-то вероломно забрал мои светящиеся прозрачные очки, Кто забрал мантию с подоконника на 2 этаже в комнате, где не было света?, Кто то забрал повербанк серый, Нашёл ли кто зонтик чёрный в полосочку от Славы Зайцева?, Я в доме длинный черный зонт оставил, кто-нибудь его забрал?, Чей зонт черный, но не в полосочку",https://vk.com/wall-130344439_5233,комментарий
5233,1,Post 5233 (2023-10-08 21:28:19),"?, Чей зонт черный, но не в полосочку?, В коттедже оставил тёмно синюю куртку без замка может кто взял?, Кому-то отдавал парилочку серую покурить, кто забрал?, Ещё у кого-то моя цепочка с Барби, Я забыл там сумку черную такую",https://vk.com/wall-130344439_5233,комментарий
5254,0,Post 5254 (2023-10-09 23:18:57),"Фиксируем, если без цензуры вести подсчёт, то фоток было 946.",https://vk.com/wall-130344439_5254,пост
5254,0,Post 5254 (2023-10-09 23:18:57),"Тут отправили фото, Осуждаем цензуру, наши мужские фото не выставили, ну хотя бы патриотические оставили",https://vk.com/wall-130344439_5254,комментарий
5260,0,Post 5260 (2023-10-11 23:20:11),Наш id248644402гениальный спецкор Екатерина презентует ламповый репортаж с прошедшего посвята!,https://vk.com/wall-130344439_5260,пост
5274,0,Post 5274 (2023-10-19 15:40:00),"Всем привет! Учите эконометрику, но не понимаете, что будете делать с этими знаниями , когда станете взрослыми? Ответ на этот вопрос можно найти в статье на хабре, где мы с коллегами из X5 Group рассказываем, как можно оценивать проведенные эксперименты с помощью инструментария Causal Inference, если обычные AB тесты с рандомизированными пилотными и контрольными группами - не ваш случай",https://vk.com/wall-130344439_5274,пост
5274,0,Post 5274 (2023-10-19 15:40:00),"охуенно, три лайка этому господину, Наша маленькая команда по разработке методологии и инструментов для AB-тестирования Валл Федор О нихера, это ж мой лучший студент из маги финтеха",https://vk.com/wall-130344439_5274,комментарий
5276,0,Post 5276 (2023-10-20 16:54:03),"Сбер ищет таланты . С 2020 года ПАО Сбербанк далее - Сбер реализует акселерационные программы по развитию предпринимательских талантов среди молодежи. В этом году программа Студенческого акселератора стала еще сильнее и вошла в список рекомендованных материалов для использования в вузах, участвующих в Федеральном проекте Платформа университетского технологического предпринимательства",https://vk.com/wall-130344439_5276,пост
5276,1,Post 5276 (2023-10-20 16:54:03),". В основе программы - синергия лучших практик по технологическому предпринимательству, таких как MIT, Harvard, Stanford и всемирно известных предпринимателей, имеющих опыт как построения единорогов, так и провалов создания бизнеса и российских, от руководителей Сбера и компаний партнеров, успешных предпринимателей и инвесторов отечественного рынка",https://vk.com/wall-130344439_5276,пост
5276,2,Post 5276 (2023-10-20 16:54:03),". Помимо базового курса, студентам также доступны дополнительные треки с отраслевым уклоном - искусственный интеллект - технологии для метавселенной - web 3.0 - технологии в медицине Принять участие в акселераторе может любой желающий студент, аспирант или научный сотрудник вуза. Срок подачи заявки до 1 ноября 2023 года Подать заявку можно на сайте",https://vk.com/wall-130344439_5276,пост
5278,0,Post 5278 (2023-11-02 18:00:05),"Если на календаре 2 ноября, а в плейлисте появилась песня хлопья летят наверх, то самое время подумать о предстоящем зимнем лофте. Поскольку организаторам важно учитывать мнение большинства, вы можете помочь нам определиться с площадкой! Старый добрый ежик, в котором не единожды проводились мероприятия иканама или совсем новая, ещё неисследованная нашими лофтами локация А что выберешь ты?",https://vk.com/wall-130344439_5278,пост
5278,0,Post 5278 (2023-11-02 18:00:05),"Во втором лофте есть туалет, Три года подряд одно и тоже помещение",https://vk.com/wall-130344439_5278,комментарий
5282,0,Post 5282 (2023-11-09 17:18:46),"ХЭППИ НЬЮ Э ЧЕРЕЗ ДВА МЕСЯЦА АНОНС НОВОГОДНЕГО ЛОФТА Ребята, благодаря вашей заинтересованности в выборе локации зимнего лофта, оргки определились с чудесной площадкой, на которой будет проходить наш хэппи нью э лофт 16 декабря",https://vk.com/wall-130344439_5282,пост
5282,1,Post 5282 (2023-11-09 17:18:46),". Что по ценам? К сожалению, прайс на аренду помещений и другие плюшки - растёт с каждым годом, поэтому до 9 декабря включительно стоимость будет составлять 1300 рублей, а для тех, кто любит затягивать со сдачей денег - цена вырастет до 1400 рублей",https://vk.com/wall-130344439_5282,пост
5282,2,Post 5282 (2023-11-09 17:18:46),". Стоит ли говорить о том, что новогодний лофт - это прекрасная возможность отдохнуть после всех кршек, летучек и прочих всадников апокалипсиса, связанных с учёбой? Конечно стоит",https://vk.com/wall-130344439_5282,пост
5282,3,Post 5282 (2023-11-09 17:18:46),"! Мы обещаем подготовить для вас хорошее мероприятие, которое станет отличным завершением 2023 года Денюжки скидывать вот сюда Сбербанк сбор - Тинькофф сбор - Важное уточнение, если вы не хотите, чтобы ваши деньги пошли на распил оргкам, убедительно просим вас указать в сообщении к переводу ваши ФИ и курс p",https://vk.com/wall-130344439_5282,пост
5282,4,Post 5282 (2023-11-09 17:18:46),".s. будем ждать вас и ваши , надеемся на то, что унитазы останутся целыми, а впечатления будут такими же яркими. обратный отсчет до следующего поста про лофт.",https://vk.com/wall-130344439_5282,пост
5282,0,Post 5282 (2023-11-09 17:18:46),"Мне не нравится тренд на лофты по субботам., Лофты по субботам это супер, орги гении живу с ними 1300 рублей вообще адекватная стоимость, вот прям сейчас и скину и вам советую, Ботать колок на лофте, Отыграю бесплатно в лофте 2 часа за 3 лайка если позовут конечно",https://vk.com/wall-130344439_5282,комментарий
5289,0,Post 5289 (2023-11-10 16:39:47),"Всем привет! Вакансия для стажеров от X5, всем очень советую планируем набрать 5-6 человек, выход в начале января, cv можно кидать в меня id156037281ldred в телеге или по контактам ниже Всем привет! вакансия Позиция Стажер дата-аналитик Компания Х5 Group Формат Продолжительность стажировки 4-6 месяцев full-timepart-time Локация Удаленная работа но по желанию можно работать из офиса, г",https://vk.com/wall-130344439_5289,пост
5289,1,Post 5289 (2023-11-10 16:39:47),". Москва Вилки Оклад 60 тыс.руб. gross для full-time 30 тыс.руб. для part-time Начало стажировки январь 2024 г. Команда ad-hoc аналитики из X5 Group Пятерочка, Перекресток, Чижик и etc в поисках стажеров! Почему у нас интересно? Более 20 тысяч магазинов, 15 миллионов клиентов, петабайты данных - и все это нужно анализировать",https://vk.com/wall-130344439_5289,пост
5289,2,Post 5289 (2023-11-10 16:39:47),". Каждый день мы показываем, что наши супермаркеты - на самом деле цифровой проект, в котором большое место занимают Big Data и Data-Driven подход",https://vk.com/wall-130344439_5289,пост
5289,3,Post 5289 (2023-11-10 16:39:47),". Мы в команде ad-hoc аналитики крутим AB-тесты в оффлайне и не только, с каждым днем все больше прилетает нестандартных задачек, в которых мы используем все свои знания или быстро их приобретаем, а также у нас можно заниматься рисерчами",https://vk.com/wall-130344439_5289,пост
5289,5,Post 5289 (2023-11-10 16:39:47),"? - Первое время проходят онбординг, запоминают имена ментора и тим-лида и погружаются в курс дела - Сразу после этого получают свою первую настоящую боевую задачку и НЕ страдают, так как ментор всегда под рукой на дизайн будущего эксперимента на магазинах или лояльных клиентах или на оценку экономических эффектов от бизнес-инициатив А если и этого мало",https://vk.com/wall-130344439_5289,пост
5289,6,Post 5289 (2023-11-10 16:39:47),", то вот примеры других продуктовых задач и задач на ad-hoc аналитику в том числе и на ML, с которыми мы имеем дело - Разработка модели",https://vk.com/wall-130344439_5289,пост
5289,7,Post 5289 (2023-11-10 16:39:47),", определяющей ежедневное оптимальное количество сотрудников магазина - Разработка алгоритма поиска комплементарных товаров и товаров-аналогов - Кластеризация магазинов сети на группы похожих по различным параметрам - Задача по распричиниванию случившихся списаний в магазине сколько товара списали по причине Х - И многое другое Ты нам подходишь - Если уже загуглил, что такое ad-hoc и понял",https://vk.com/wall-130344439_5289,пост
5289,8,Post 5289 (2023-11-10 16:39:47),", что такое ad-hoc и понял, в чем суть - Уверенно владеешь Python pandas, numpy, matplotlib и весь базовый набор для аналитики данных, SQL joinы, оконки, знаешь статистику - Обладаешь аналитическим складом ума, наблюдательностью и успешно практикуешь метод пристального взгляда - Любишь мемы желательно",https://vk.com/wall-130344439_5289,пост
5289,9,Post 5289 (2023-11-10 16:39:47),", но необязательно - Преимуществом будет владение бигдатой и ML Что мы предлагаем - Помощь менторов на всем этапе стажировки - Классный коллектив, теплая атмосфера и веселые ретро с играми и битвой мемов, а также оффлайн-тимбилдинги Если тебе интересно развиваться в области аналитики данных, смело присоединяйся к нам",https://vk.com/wall-130344439_5289,пост
5289,10,Post 5289 (2023-11-10 16:39:47),! Свои CV и вопросы направлять сюда tg didi_ulyanova,https://vk.com/wall-130344439_5289,пост
5289,0,Post 5289 (2023-11-10 16:39:47),"по отбору - спрашивайте всегда рекрутера Денис, я думаю, тоже подскажет, как выглядит ваш отбор в целом и следующий собес в частности перечитать требования, я конечно отбор не проходил, но слышал, что по первому собесу было так литкод изи-медиум скл оконки, джойны мб что-то по стат тестам мана-уитни, метрики млные",https://vk.com/wall-130344439_5289,комментарий
5289,1,Post 5289 (2023-11-10 16:39:47),", метрики млные, Что мы предлагаем - Помощь менторов на всем этапе стажировки - Классный коллектив, теплая атмосфера и веселые ретро с играми и битвой мемов, а также оффлайн-тимбилдинги а работать планируется",https://vk.com/wall-130344439_5289,комментарий
5296,0,Post 5296 (2023-11-17 17:37:24),"Всем общий саламчик. Ищем в мегафон продуктового аналитика в команду экосистемы и цифровых продуктов. Нужен опыт хотя бы 1-1.5 годаесли меньше, но какой-то опыт есть, то шансы попасть есть, но будет сложнее пройти отбор. Среди хард скиллов преимущественно sql, python и excel, будет плюсом умение строить дашборды но в случае чего можно на месте уже научиться",https://vk.com/wall-130344439_5296,пост
5296,1,Post 5296 (2023-11-17 17:37:24),". По софт скиллам стандартно хорошие аналитические способности, продуктовое мышление и трудолюбие. На самой работе задачи достаточно разнообразные, будет свой продукт, который будете развивать изучать динамику метрик, продумывать фичи и гипотезы, проводить АБ тесты и т.д",https://vk.com/wall-130344439_5296,пост
5296,2,Post 5296 (2023-11-17 17:37:24),".д. Коллектив молодой и активно развивается, часто обсуждаем какие-то тренды в ИИ, поощряем всестороннее развитие в плане развития простор тут хороший, нет ограничения по обязанностям, как видите решение задачи, так и делаете, можно что-то свое придумывать и продвигать Если кому-то интересно, можете написать, отвечу на вопросы и закину резюме руководителю напрямую",https://vk.com/wall-130344439_5296,пост
5298,0,Post 5298 (2023-11-26 12:00:08),"ГРИНЧ ПОПЫТАЛСЯ УКРАСТЬ рождество ЗИМНИЙ ЛОФТ ИКАНАМА к сожалению или к счастью, у нас наглым образом забрали площадку, за которую проголосовало большинство в недавнем опросе",https://vk.com/wall-130344439_5298,пост
5298,1,Post 5298 (2023-11-26 12:00:08),". НО! оргки подобрали новую локацию, которая ничуть не уступает предыдущей, а это значит - лофту быть! из плюшек - это большой бар чтобы очередь за горячительными напитками была меньше, а весёлых людей на танцполе - больше, светомузыка и ещё много всего для хорошего времяпрепровождения",https://vk.com/wall-130344439_5298,пост
5298,2,Post 5298 (2023-11-26 12:00:08),". новая дата проведения лофта будем ждать вас 23 декабря, 1900 по адресу Слободской переулок 6с4 до 16 декабря включительно проходка на лофт будет стоить 1100 рублей, а для тех, кто слишком долго думает - цена вырастет до 1300 рублей. безусловно, мы вернем разницу в стоимости за проходку на лофт, в связи со сменой локации",https://vk.com/wall-130344439_5298,пост
5298,3,Post 5298 (2023-11-26 12:00:08),". по всем денежным вопросам и не только обращайтесь к ребятам ваши отправлять сюда Сбербанк сбор - Тинькофф сбор - не забудьте указать ФИ и курс, чтобы оргки случайно неслучайно не потеряли ваши денюжки. хэппи нью э близко?",https://vk.com/wall-130344439_5298,пост
5298,0,Post 5298 (2023-11-26 12:00:08),"О, ну 23 это уже другое дело, Спасибо всем, кто скинул деньги раньше Просьба написать в личку для оформления кэшбека из-за приятного изменения стоимости лофта!, Тут отправили фото",https://vk.com/wall-130344439_5298,комментарий
5305,0,Post 5305 (2023-11-30 19:00:03),"Хотим поздравить всех, кто дожил до зимы! И чтобы вы не расслаблялись от ожидания новогоднего лофта и не менее новогодней сессии, спешим всех оповестить, что на следующей неделе, в субботу, состоится Карьерка! Скажем для перваков, что это та туса, где вы сможете послушать выпускников нашего любимого Иканама на предмет карьерных изысканий",https://vk.com/wall-130344439_5305,пост
5305,1,Post 5305 (2023-11-30 19:00:03),". Вы сможете позадавать им вопросы, перенять тот самый опыт, который позволит вам понять, что нужно делать для нахождении своей профессии. А самое главное хорошо и весело провести время на всеиканамском сборе Предварительно в 1400 Предварительно большой зал 5 корпуса как это было в прошлом году Ждем всех! распространите среди бесед своих однокурсников, как вы это любите",https://vk.com/wall-130344439_5305,пост
5307,0,Post 5307 (2023-12-04 19:00:03),"ВНИМАНИЕ! РОЗЫГРЫШ? одним прекрасным зимним днём, когда дороги замело снегом, а на улицу невозможно выйти, не превратившись в йети - оргки предстоящего новогоднего лофта хотят порадовать вас конкурсом условия конкурса очень простые, всего лишь нужно отправить 1100 рублей на счёт организаторам до 16",https://vk.com/wall-130344439_5307,пост
5307,1,Post 5307 (2023-12-04 19:00:03),".12, чтобы выиграть первое место бесплатная проходка на предстоящий лофт! второе место вкуснейшая настойка, распить которую можно будет прямо на лофте! сделано с любовью третье место кастомные светящиеся очки от иканама!!",https://vk.com/wall-130344439_5307,пост
5307,2,Post 5307 (2023-12-04 19:00:03),"! уверены, что таких классных призов вы не встречали ни на одной черной пятнице любого маркетплейса, поэтому будем ждать ваши тут Сбербанк сбор - Тинькофф сбор - не забудьте указать ФИ и курс",https://vk.com/wall-130344439_5307,пост
5313,0,Post 5313 (2023-12-06 22:42:26),"ПРИЕМ! пост не про лофт! Приглашаем вас на наше увлекательное мероприятие Карьерная пятница, где вы сможете услышать удивительные истории успешных людей, поделившихся своим опытом в поиске работы, стажировок и карьерного роста",https://vk.com/wall-130344439_5313,пост
5313,1,Post 5313 (2023-12-06 22:42:26),". Спикеры с опытом работы в различных областях расскажут вам о своих секретах успешного трудоустройства, оверкаминга препятствий и поиска своего места в мире профессиональных возможностей И мы, наконец, представляем вам список выступающих",https://vk.com/wall-130344439_5313,пост
5313,2,Post 5313 (2023-12-06 22:42:26),"! - Игорь Якубовский - Сеньер ДС Самокат, Направление коммерческих алгоритмов Расскажет вам про свои шесть работ за шесть лет и предостережет от карьерных ошибок - Екатерина Маликова- продуктовый аналитик в Тинькофф Поделится тем",https://vk.com/wall-130344439_5313,пост
5313,3,Post 5313 (2023-12-06 22:42:26),", как покинуть зону комфорта и начать поиск работы - Глеб Шульженко легендарный и неповторимый Расскажет о своем предпринимательском опыте и о продажах - Андрей Андрееенко Поделится своим опытом в работе data-аналитиком, расскажет,как можно быстро включаться в процессы и научит составлять оптимальное резюме, даже если нет опыта - Юрий Иванов Расскажет о том",https://vk.com/wall-130344439_5313,пост
5313,4,Post 5313 (2023-12-06 22:42:26),", как попасть в ШПАД ШАД и об опыте работы в Райффайзенбанке - Никита Аленкин- продакт менеджер в команде ml-разработки в Тинькофф Расскажет о команде и продукте",https://vk.com/wall-130344439_5313,пост
5313,5,Post 5313 (2023-12-06 22:42:26),", которые связаны с ml-разработкой - Валерия Иногамова- ведущий экономист департамента денежно-кредитной политики ЦБ РФ От лекций в иканаме до работы в мегарегуляторе - Анастасия Щетинина- Международная лаборатория теории игр ИПЭИ Ранхигс Расскажет про научтех что можно делать в науке помимо науки и про то, как математики зарабатывают на крабах Также не забудьте",https://vk.com/wall-130344439_5313,пост
5313,6,Post 5313 (2023-12-06 22:42:26),", что зарплата 300к в наносекунду - это все еще мечта, так что не пропустите это увлекательное событие, чтобы получить дозу мотивации, вдохновения и уверенности в своих собственных возможностях",https://vk.com/wall-130344439_5313,пост
5313,7,Post 5313 (2023-12-06 22:42:26),". Место зал 327 в 5 корпусе Время 9 декабря 1400 Присоединяйтесь к нам, чтобы услышать истории успеха и вдохновиться! Ждем вас на Карьерной пятнице! FAQ - можно ли гостей не с эмитаранхадрузей со свадьбы? - будет гугл форма - афтепати и афтеафтепати? - решится на месте как и карьерку назад - есть какойто еще вопрос? - id379534012написать",https://vk.com/wall-130344439_5313,пост
5313,0,Post 5313 (2023-12-06 22:42:26),"Официальная сходка Разумистов id29860151Никита Бекасов, Состав топ надо идти!",https://vk.com/wall-130344439_5313,комментарий
5320,0,Post 5320 (2023-12-07 12:00:03),"Тайный Санта 2023-2024! Если посты про новогодний лофт и карьерку не прибавили новогоднего настроения, никто ещё не бежит в магазин покупать горошек на оливье, а НИР как всегда не хочет самостоятельно материализоваться у научника, то в такую трудную минуту есть лишь одна вещь, способная на самую малость погрузить каждого в атмосферу грядущего праздника",https://vk.com/wall-130344439_5320,пост
5320,1,Post 5320 (2023-12-07 12:00:03),"! Есть тут те, кто смог сохранить в эту суровую зимнюю пору достаточно тепла, чтобы делиться им с остальными? Надеемся, что да, потому что",https://vk.com/wall-130344439_5320,пост
5320,2,Post 5320 (2023-12-07 12:00:03),". Запись на Тайного Санту 2023-2024 торжественно открыта! Это одно из самых сближающих мероприятий, которое никого не оставит равнодушным, ведь ваша задача - порадовать иканамовца, который вам выпадет, притом втайне от него",https://vk.com/wall-130344439_5320,пост
5320,3,Post 5320 (2023-12-07 12:00:03),". Теперь о правилах Нужно заполнить анкету, прикрепленную ниже и особое внимание уделить описанию своих предпочтений, чтобы получить подарок, который угодит именно вам! Желательно не откладывать на потом, потому что регистрация подходит к концу уже 13 декабря в 1313",https://vk.com/wall-130344439_5320,пост
5320,4,Post 5320 (2023-12-07 12:00:03),". Нижняя граница стоимости подарка 600-800 рублей, но естественно в потолке суммы для ваших самых ярких идей никто ограничений не ставит",https://vk.com/wall-130344439_5320,пост
5320,5,Post 5320 (2023-12-07 12:00:03),". Главное постараться не обидеть своего подопечного! После этого, 14 декабря вам сообщат всю необходимую информацию о том, кому вы будете готовить подарок, но её нельзя сообщать НИКОМУ Вот и всё, приносить и забирать подарки нужно будет 22го декабря, в преддверии новогоднего лофта всех ждём",https://vk.com/wall-130344439_5320,пост
5320,6,Post 5320 (2023-12-07 12:00:03),". Место встречи - коворкинг на первом этаже корпуса 8 Не забудь заполнить анкету, чтобы принять участие Если возникнут вопросы, можно написать Ваня",https://vk.com/wall-130344439_5320,пост
5321,0,Post 5321 (2023-12-08 11:54:23),"Оформи пропуск на Карьерку Если у тебя нет пропуска на территорию ранха, но ты хочешь прийти на Карьерку, то зарегистрируйся по ссылке Желательно, как можно скорее оформить пропуска Напоминаем! Место зал 327 в 5 корпусе Время 9 декабря 1400",https://vk.com/wall-130344439_5321,пост
5324,0,Post 5324 (2023-12-09 14:15:23),"как видно?, пойдет, рили ошибка была идти на экономику, ошибка стоила игорю печени, Офигенно! Очень честный рассказ, я бы хотел бы чтобы мне в студенчестве также рассказал кто-нибудь 3",https://vk.com/wall-130344439_5324,комментарий
5327,0,Post 5327 (2023-12-09 14:44:18),"спасибо, что подключили, , иканаму салам, Блин, продолбал Молдованина Джоббса",https://vk.com/wall-130344439_5327,комментарий
5335,0,Post 5335 (2023-12-09 15:18:35),"- Что у нас не год, то какой-нибудь голос из зала пиздец - какой-нибудь ээээ внешний шок D, да да, я ценитель юмора я не ебанулся, я общаюсь с трансляцией, походу после ухода Чухрова из ЦБ теперь за ЦБ Валерии извиняться",https://vk.com/wall-130344439_5335,комментарий
5342,0,Post 5342 (2023-12-09 16:04:07),"нифига себе, новый чат, Фокин защищал также науку и где он теперь, я все ещё в науке, норм тут все, я если что не хейчу, я канал Насти читал и она молодец, очень хочу увидеть её на каком-нибудь крутом европейском phd и гайд как туда залететь 3, всем братьям салам, здарова максон, в тюмени норм геологам тусить, завидую инстачу скробота постонно",https://vk.com/wall-130344439_5342,комментарий
5342,1,Post 5342 (2023-12-09 16:04:07),", завидую инстачу скробота постонно, чел тупо берет и на месяц сваливает в астралию в трип по винодельням, жиза прям про поездки, ну да винодельни и че",https://vk.com/wall-130344439_5342,комментарий
5342,2,Post 5342 (2023-12-09 16:04:07),"?, у меня ща бургундия в холодосе стынет, краснодарское не смог достать",https://vk.com/wall-130344439_5342,комментарий
5357,0,Post 5357 (2023-12-09 16:49:16),"бля, это чисто то что я делаю как сайд-проджект, ору",https://vk.com/wall-130344439_5357,комментарий
5359,0,Post 5359 (2023-12-09 17:11:36),"красава, шарит, ГЛЕБ ТАК ВОТ ДЛЯ ЧЕГО ТЫ МЕНЯ ВОДИЛ В ГАЛКИ, Я ДЛЯ ТЕБЯ ВСЕГО ЛИШЬ НЕТВОРКИНГ?, Наш мишка",https://vk.com/wall-130344439_5359,комментарий
5363,0,Post 5363 (2023-12-09 17:26:36),"покажи плиз, мне лицо человека, который водил меня в галки только ради нетворка, хочу посмотреть на него поближе, ты теперь мой аватар 000, интересные конкурсы у вас, я открыл бутылку вина, он вас в галки сводит",https://vk.com/wall-130344439_5363,комментарий
5371,0,Post 5371 (2023-12-09 17:56:03),Уважаемые господа-карьерники! Обещанная ссылка на анонсы и мероприятия лабы теории игр,https://vk.com/wall-130344439_5371,пост
5374,0,Post 5374 (2023-12-09 18:07:07),"отзывы спродюсированы владом белым, если бы не паблик и не его маркетинговый талант, не было бы никакого эконома 00, Узнайте в конце лекции, пожалуйста,, как Юрий Иванов относится к МТС ШАДу",https://vk.com/wall-130344439_5374,комментарий
5374,1,Post 5374 (2023-12-09 18:07:07),"., А личная жизнь?, имадженируйте ебало HR-ов, когда они видят диплом юры с 5 дипломами, интересное это не про меня, у меня там высер на высере, А кем ты хочешь стать то в итоге, когда всё это закончишь? Кем и где ты хочешь работать в идеале? Зачем всё это?, Офтотоп почему приложение сербского райфа такая параша",https://vk.com/wall-130344439_5374,комментарий
5374,2,Post 5374 (2023-12-09 18:07:07),"?, ну про трансляцию на твой вопрос такой ответ, я пока еду готовил фоном поставил, а потом уже не смог выключить, ра-си-я ра-си-я, , рил 4080 ртх, Великолепная съемка в пол, В резюме нигде не вздумай писать, что ты 4 маги параллельно ботал",https://vk.com/wall-130344439_5374,комментарий
5374,3,Post 5374 (2023-12-09 18:07:07),". Я, например, как нанимающий менеджер тебя никогда не возьму к себе, потому что подумаю что ты будешь точно также совмещать 4 работы, ору с черного списка, Ссылка на упоминаемый канал, обещаю, что там будет скоро интересный контент",https://vk.com/wall-130344439_5374,комментарий
5395,0,Post 5395 (2023-12-11 20:00:02),"ВСЕГО 5 ДНЕЙ ДО ПОВЫШЕНИЯ ЦЕНЫ НА ЛОФТ! Спешим вам сообщить, что лофт уже совсем скоро, а значит остаётся всего 5 дней до розыгрыша и повышения цен! 17 декабря, когда часы пробьют 0000, проходка будет стоить не 1100, а 1300 рублей",https://vk.com/wall-130344439_5395,пост
5395,1,Post 5395 (2023-12-11 20:00:02),". Если вы всё ещё сомневаетесь, стоит ли идти, то ответ очевиден - конечно же стоит!! Чтобы вам проще было принять решение отметим, что мы постараемся создать для каждого, вне зависимости от того, любите ли вы пить ?, танцевать или общаться с людьми, комфортные условия и незабываемую атмосферу, ведь 1. Барное меню пополнится безалкогольными коктейлями 2",https://vk.com/wall-130344439_5395,пост
5395,2,Post 5395 (2023-12-11 20:00:02),. Площадка имеет свою лаундж-зону для комфортного обкашливания деловых вопросиков 3,https://vk.com/wall-130344439_5395,пост
5395,3,Post 5395 (2023-12-11 20:00:02),". Вы можете просто спиться! Напоминаем вам супер-призы для супер-счастливчиков! 1 место бесплатная проходка 2 место вкуснейшая настойка с тёплой отсылкой на СССР см предыдущий пост 3 место кастомные светящиеся очки Ну и конечно же вспомним всё, чему нас учили на карьерной пятнице! Неотъемлемой частью любого мероприятия Иканама является нетворкинг !! и данный случай не является исключением",https://vk.com/wall-130344439_5395,пост
5395,4,Post 5395 (2023-12-11 20:00:02),". Лофт - это лучшее место, чтобы познакомиться с прекрасными людьми, получить оффер на работу или залететь в стартап Ну и как же без конкурса костюмов! Наряжайтесь в свои лучшие образы, удивляйте всех вокруг и выигрывайте секретный приз! Свои кровные 1100 уже очень скоро 1300 рублей скидывать всё по тому же адресу с обязательным указанием ФИ и курса!",https://vk.com/wall-130344439_5395,пост
5395,5,Post 5395 (2023-12-11 20:00:02),"!! Сбербанк сбор - Тинькофф сбор - Привыкаем к традициям, ребятки, всех с наступающим Новым Годом!",https://vk.com/wall-130344439_5395,пост
5397,0,Post 5397 (2023-12-16 00:03:16),"24 ЧАСА ДО ПОВЫШЕНИЯ ЦЕНЫ НА ЛОФТ Самое время сообщить о том, что тянуть больше некуда, осталось чуть больше недели до нашего новогоднего мероприятия, а значит оргки спешат сообщить всем тем, кто по какой-либо причине не скинул свои кровные на лофт - у вас осталось ровно 24 часа до того",https://vk.com/wall-130344439_5397,пост
5397,1,Post 5397 (2023-12-16 00:03:16),", как сладкая цена в размере 1100 рублей изменится на чуть менее приятную сумму в виде 1300 рублей У всех желающих запрыгнуть в последний вагон до повышения цены на лофт есть возможность перевести нужную сумму сюда Сбербанк сбор - Тинькофф сбор - Обязательно указываем ФИ и курс, чтобы ваши денюжки не ушли на подарки организаторам Мы бы на вашем месте поторопились, ведь обратный отсчет активирован",https://vk.com/wall-130344439_5397,пост
5397,2,Post 5397 (2023-12-16 00:03:16),", ведь обратный отсчет активирован, счастливых голодных игр",https://vk.com/wall-130344439_5397,пост
5400,0,Post 5400 (2023-12-23 12:00:34),"ОБРАТНЫЙ ОТСЧЕТ ДО НОВОГОДНЕГО ЛОФТА ПОДХОДИТ К КОНЦУ? мы достаточно долго ждали этого дня, изнуряя себя учёбой, но когда все мучения окончены - можно смело заявить о том, что наступило время отдыха. надеемся, что уже все настроили себя морально и физически на прекрасный вечер в окружении не менее прекрасных людей",https://vk.com/wall-130344439_5400,пост
5400,1,Post 5400 (2023-12-23 12:00:34),". пришло время запасаться горячительными напитками на ваш вкус, которые, к слову, можно приобрести в пятёрочке, недалеко от лофта см скрин 4 маршрута, для того, чтобы как следует повеселиться хотим отметить, что с напитками категорически НЕЛЬЗЯ будет подходить к музыкальному оборудованию, очень надеемся на ваше понимание КАК ЖЕ ДОБРАТЬСЯ ДО ЛОФТА",https://vk.com/wall-130344439_5400,пост
5400,2,Post 5400 (2023-12-23 12:00:34),"? напоминаем, адрес проведения новогоднего лофта Слободской переулок 6с4 добраться можно двумя способами 1",https://vk.com/wall-130344439_5400,пост
5400,3,Post 5400 (2023-12-23 12:00:34),. от станции метро Площадь Ильича пройти пешком около 15 минут см 1 скрин 2. от станции метро Бауманская проехать на трамвае 4 станции см 2-3 скрин. будем с нетерпением ждать вас в 1900 увидимся на лофте!,https://vk.com/wall-130344439_5400,пост
5401,0,Post 5401 (2023-12-24 11:48:50),"Хей, живые есть?.. Традиционный пост с потеряшками. Кто что-то случайно унëс с собой или потерял - пишите в комментариях.",https://vk.com/wall-130344439_5401,пост
5401,0,Post 5401 (2023-12-24 11:48:50),"Найдены ключи и чья-то курилка, Тут отправили фото, Тут отправили фото, Тут отправили фото, Тут отправили фото, Потерял алкоголизм верните, пожалуйста, Тут отправили фото, потеряли красный в белый горошек пакет с чем-то типа нарисованного бантика лежал на крайнем диване рядом со входом в уборную внутри подарки",https://vk.com/wall-130344439_5401,комментарий
5425,0,Post 5425 (2024-01-11 16:39:35),"Всем привет. Было много просьб еще раз дропнуть худи чvк чирский vs козко, поэтому решили выкатить еще одну партию худаков и футболок для первокурсников. Писать id214090426мне, если хотите стать черным воротничком Шилин К.Ю. п.с. не, ну этот раз точно последний",https://vk.com/wall-130344439_5425,пост
5425,0,Post 5425 (2024-01-11 16:39:35),"ЧВК иканам 1.500к карандашом., Купить черное шерстяное худи иканама, которое носил Даня Шенцов на 5 хакатонах, можно всего лишь по цене ипотеки на 30 лет. Писать сюда в тг id371616019ly_gunn, id214090426Александр, где обещанный платеж за рекламу худи в постах у Комиссарова?",https://vk.com/wall-130344439_5425,комментарий
5431,0,Post 5431 (2024-01-26 12:14:47),"Всем привет! Компания Технологии Доверия ех. PwC ищут в команду финансистов-стажеров. Команда занимается банковским консалтингом и обладает огромной экспертизой и проектным опытом. Ты будешь работать с топ-банками Альфа, Тинькофф, Сбер. Отличный способ зарекомендовать себя как крутого специалиста, погрузиться в сферу финансов и получить уникальный широкий проектный опыт",https://vk.com/wall-130344439_5431,пост
5431,1,Post 5431 (2024-01-26 12:14:47),". Из преимуществ опыт работы в большой четверке, гибкий график, удаленка, ДМС, оплачиваемое обучение, наставники, премии - супер гуд для начала карьеры",https://vk.com/wall-130344439_5431,пост
5431,2,Post 5431 (2024-01-26 12:14:47),". В этой команде отсутствуют переработки, всех знаю лично, с каждым в свое время работала Опытные менеджеры готовы всему научить! Поэтому если ты хочешь начать карьеру в банковской сфере you are welcome Подробности вакансий Рекомендуйте друзьям, пишите в лс, перенаправлю руководителям krismak1 тг P.S. Рассмотрят не только на стажерскую позицию",https://vk.com/wall-130344439_5431,пост
5433,0,Post 5433 (2024-02-07 18:00:03),"Получил 11 из 10 за дз у Шилина и не хочешь останавливаться? Получил 0 из 10 за дз у Шилина и думаешь, как прокачать свои скиллы? Хочешь приблизить момент получения первой стажи? Попал на собес, но на гите нет годного проекта? Планируешь забить 48 часов выходных всем, кроме сна? Не хватает вагона мерча, чтобы пускать пыль в глаза однокурсникам",https://vk.com/wall-130344439_5433,пост
5433,1,Post 5433 (2024-02-07 18:00:03),"? Хочешь научиться создавать многолетние проекты на двух банках энергетика, пицце по промокоду и одном скрипте на 200 строк",https://vk.com/wall-130344439_5433,пост
5433,2,Post 5433 (2024-02-07 18:00:03),"? Прежде всего настаиваем перейти сюда Здесь будет удобно оформлена инфа с дедлайнами поместить все предстоящие ивенты - поста в Иканаме не хватит Советуем вступить в чат перепоступашек - вам там даже отправят стикер перед тем как кикнут Также представляем вашему вниманию наш гит, на который было потрачено много времени, здесь, под горой не самого лучшего кода",https://vk.com/wall-130344439_5433,пост
5433,3,Post 5433 (2024-02-07 18:00:03),", здесь, под горой не самого лучшего кода, можно разглядеть 10 хакатоновсоревнованийкейсов, которые были реализованы тимами с Иканама за последний год надеемся, список будет расширяться Конкретика 1 Прямо сейчас до 12 февраля идет регистрация на сореву по МАТАНУ от ТИНЬКОФФ задачи уровня",https://vk.com/wall-130344439_5433,пост
5433,4,Post 5433 (2024-02-07 18:00:03),", что четный год решил бы c закрытыми глазами призовой фонд в 300К 2 Также есть годное соревнование по рекомендательным системами от HH",https://vk.com/wall-130344439_5433,пост
5433,5,Post 5433 (2024-02-07 18:00:03),".ru идет уже сейчас, регистрация до 20 февраля призовой фонд в 500К 3 Цифровой марафон от Школы 21 и СБЕР Будет идти всю весну, много призов и всего такого 4 на ODS открывается курс по NLP и нейронкам до 14 февраля регистрация",https://vk.com/wall-130344439_5433,пост
5433,6,Post 5433 (2024-02-07 18:00:03),", говорят за него даже добавляют баллы на старших курсах 5 Также открывается регистрация на DLS Школа глубокого обучения Один из сильнейших бесплатных русскоязычных курсов по нейронкам и всему такому некоторых только по нему взяли в аспирантуру 6 До 14 февраля можно стать куратором читать водоносом на мероприятиях Комиссарова цифровой прорыв, страна возможностей",https://vk.com/wall-130344439_5433,пост
5433,7,Post 5433 (2024-02-07 18:00:03),", страна возможностей, все дела Сделать нужно всего лишь презу про ИИ И для тех, кто дочитал до конца, в ближайшее время готовится очень крутой контент, анонс которого будет тут",https://vk.com/wall-130344439_5433,пост
5434,0,Post 5434 (2024-02-22 09:54:34),"Ребята, привет! У меня две новости от Сбермаркета Новость 1 открыли набор на стажерскую DS-программу - всем рекомендую, я так два года назад залетела. Сейчас ищут стажеров сразу в несколько команд, но лучше откликаться поскорее. Новость 2 ищу джуна ML-инженера к себе в команду промо-маркетинга в CберМаркет",https://vk.com/wall-130344439_5434,пост
5434,1,Post 5434 (2024-02-22 09:54:34),". Нужно будет решать всякие задачки на оптимизацию промо на разных этапах жизненного цикла клиента или же разрабатывать новые ML-механики, так или иначе связанные с промо. Работа не в стол, занимаемся всем циклом разработки - от рисерча и разработки модели до первого АБ и последующей продуктивизации",https://vk.com/wall-130344439_5434,пост
5434,2,Post 5434 (2024-02-22 09:54:34),". В основном у нас классический ML с табличными данными, но много кодим, культура написания кода вполне развита, большой фокус в работе на бизнес, поэтому при вовлечении начнете шарить в продукт и бизнес-метрики. В общем, могу пообещать возможности для всестороннего развития, как специалиста. Команда сплоченная, все ребята большие профессионалы, также есть свой продакт и аналитик",https://vk.com/wall-130344439_5434,пост
5434,3,Post 5434 (2024-02-22 09:54:34),". И мы не настолько Сбер, чтобы гайки были закручены. Из неприятных моментов от вас требуется минимальный опыт в ML хотя бы пройденная стажировка уверенная теория классического ML умение написать несложный алгоритм и оценить его сложность, понимание структур данных",https://vk.com/wall-130344439_5434,пост
5434,4,Post 5434 (2024-02-22 09:54:34),". Более детально по вакансиям, условиям и компании тут, отклики по ссылкам, если есть вопросы по джуновской вакансии, то пишите мне в ТГ leinxxo Джуновая позиция Стажерская позиция",https://vk.com/wall-130344439_5434,пост
5435,0,Post 5435 (2024-02-22 12:59:06),"Все бегом на универсиаду по эконометрике решать задачи, кто не участвует тот слабый и студактив Универсиада проходит в два тура До 26.02.24 г. 2359 по Москве регистрация и решение заданий отборочного тура в дистанционном формате. 13.04.24 г. заключительный тур универсиады пройдёт очно в здании экономического факультета МГУ",https://vk.com/wall-130344439_5435,пост
5435,1,Post 5435 (2024-02-22 12:59:06),. Задания отборочного тура и регистрационная форма доступны по ссылке Результаты отборочного тура и список финалистов публикуются до 13 марта. Также задания и решения прошлых лет 2012-2023 доступны в архиве Контакты оргкомитета группа вконтакте club65099143universiade_ecm эл.почта ecm.universiadegmail.com телеграм-канал,https://vk.com/wall-130344439_5435,пост
5438,0,Post 5438 (2024-03-17 21:00:02),"АНОНС ВЕСЕННЕГО ЛОФТА 2024! Возможно, вы устали, сильно устали. Возможно, вы чувствуете, как мир вокруг вас рушится, всё становится серым, безжизненным, начинает терять смысл. Ухмылка на лице работников военкомата начинает пугать, а перевод на ОНЭ кажется не такой плохой идеей.",https://vk.com/wall-130344439_5438,пост
5438,1,Post 5438 (2024-03-17 21:00:02),".. В таком случае и в любом другом рады сообщить, что СОВСЕМ СКОРО ВЕСЕННИЙ ЛОФТ Универсальное средство от хандры Восстанавливает нервную систему, желание радоваться жизни, желание ботать, социальные навыки, алкоголизм, даже после отчисления иногда может восстановить!! Рекомендуется всем и каждому и отпускается без рецепта для всего комьюнити Иканама ДАТА 20.04",https://vk.com/wall-130344439_5438,пост
5438,2,Post 5438 (2024-03-17 21:00:02),".04.2024 ВРЕМЯ с 1900 до 200 Скоро будет много постов с новой информацией, а пока что просим всех жестко проголосовать в опросе",https://vk.com/wall-130344439_5438,пост
5439,0,Post 5439 (2024-03-18 10:20:19),Студенческий хакатон. Попробуйте свои силы. Ссылка,https://vk.com/wall-130344439_5439,пост
5441,0,Post 5441 (2024-03-25 11:56:25),Ректор просил поучаствовать. Есть желающие попробовать получить 1 мил. руб. на стартап? Положение2520СтС-5.pdf,https://vk.com/wall-130344439_5441,пост
5443,0,Post 5443 (2024-03-26 22:00:02),"ЛОФТ ЛОФТ ЛОФТ ЛОФТ Друзья, уверены, что вы ждали, надеялись и верили, ведь в таком случае мы можем вас обрадовать и показать место, где будет проходить одно из самых ожидаемых и запоминающихся событий весны! ЛОФТ! Место встречи - ул. Солженицына 27 м",https://vk.com/wall-130344439_5443,пост
5443,1,Post 5443 (2024-03-26 22:00:02),". Таганская Из неотъемлемых плюсов - Целых 300м свободного пространства для танцев, делового общения и многого-многого другого - Бар с уникальным меню коктейлей и шотов в том числе безалкогольных для всех желающих - Лучшие треки и светомузыка, чтобы полностью погрузиться в атмосферу праздника -АЖ 5 ТУАЛЕТОВмужской и женский отдельно!",https://vk.com/wall-130344439_5443,пост
5443,2,Post 5443 (2024-03-26 22:00:02),"!! Но самое важное даже важнее количества клозетов - это возможность на мгновение перенестись из серой действительности со сплошными дедлайнами, вечно неготовым НИРом, олимпиадами и стажировками в неформальную обстановку с теми людьми, которые проходят этот нелёгкий путь вместе с тобой! СТОИМОСТЬ 1300 вечно волатильных 1400 после 15",https://vk.com/wall-130344439_5443,пост
5443,3,Post 5443 (2024-03-26 22:00:02),".04.2024 ДАТА 20.04.2024 Свои денежки кидать сюдане забудьте указать ФИО и курс, чтобы остановить лютый распил!! Сбер Тинькофф По всем вопросам обращаться к id276581559Ване P.S. мем prod. by id355260739Сергей и id493297331Арсений",https://vk.com/wall-130344439_5443,пост
5449,0,Post 5449 (2024-03-27 13:00:05),"Новостной лонгрид 1 На прошлой неделе был записан подкастинтервью с неким КЮ, оно получилось довольно смешным и познавательным и его не терпится выложить в открытый доступ, это будет того стоить Однако на него нужно потратить еще столько же сил на сведение и минимальную обработку, что требует много времени",https://vk.com/wall-130344439_5449,пост
5449,1,Post 5449 (2024-03-27 13:00:05),". Вы можете приблизить этот день, если мы добьем здесь 200 подписок это замотивирует, и мы постараемся выложить в этот же день 1.1 id379534012Напишите, если у вас есть минимальные навыки adobe premiereMovavi, постараемся вас убедить помочь нам безвозмездно ради чести, достоинства и традиций Иканама",https://vk.com/wall-130344439_5449,пост
5449,2,Post 5449 (2024-03-27 13:00:05),". Если уважение со стороны Иканама для вас не стоит пару часов жизни, то можете написать тоже, попробуем договориться 2 Опрос ниже касается этого пункта, просим проголосовать, чтобы трезво понять, в какую сторону вести агитационную работу В ближайшие недели начнется сезон регистрации на бесконечное кол-во хаков и соревнований, связанных с анализом данных",https://vk.com/wall-130344439_5449,пост
5449,3,Post 5449 (2024-03-27 13:00:05),", связанных с анализом данных, машинкой и нейронками ЦПЛЦТГагаринMTC Hackитпитд",https://vk.com/wall-130344439_5449,пост
5449,4,Post 5449 (2024-03-27 13:00:05),". Самый хороший путь накачать кучу скиллов ds - не спрашивать в лс у очередного 4-курсника о том, какой цыганский курс прикупить на степике, а залететь на такой хак и глазами потрогать потыкать реальные решения и попробовать сделать что-то самим Этим вы порадуете не только нас, увидевших фабрики хакатоноботов из 10 команд других вузов чему очень завидуем, но и некого КЮ",https://vk.com/wall-130344439_5449,пост
5449,5,Post 5449 (2024-03-27 13:00:05),", но и некого КЮ, который пожелал видеть больше побед на хаках нашему иканамскому сообществу",https://vk.com/wall-130344439_5449,пост
5449,6,Post 5449 (2024-03-27 13:00:05),". Если несколько лет назад для знаний после оэ устраивался только гойский прогрев в виде олимпиад по эконометрике, то теперь, помимо них, есть больше прикладных штук, где вам покажут красиво промо и шоу, накидают кучу мерча за шиворот, накормят фуршетом и помимо этого дадут пообщаться с работодателям, могут пригалсить на стажу и много другое не считая изи 100к из призового фонда",https://vk.com/wall-130344439_5449,пост
5449,7,Post 5449 (2024-03-27 13:00:05),", если вы минимально приложите знания с пар по андану и займете какое-никакое место Единственная сложность на пути к этому - найти еще пару человек, которые не отвалятся на этапе регистрации",https://vk.com/wall-130344439_5449,пост
5449,8,Post 5449 (2024-03-27 13:00:05),". Для этого просим поучаствовать в опросе, проявлять активность, также можете искать тим здесь 2.1 Если вам интересно, то мы бы могли расписать статью, в которую вложим опыт участия и побед за дофига хаков, ну и основных принципов и пайплайна но не хочется тратить много сил, если ее прочитает 0 человек, поэтому голосуйте в опросе 2",https://vk.com/wall-130344439_5449,пост
5449,9,Post 5449 (2024-03-27 13:00:05),".2 Для тех, у кого есть минимальные навыки в adobe photoshop, повторю, что, в ближайшие недели начнется сезон регистрации на бесконечное кол-во хаков и соревнований, связанных с анализом данных и для вас имеется предложение поучаствовать в жизни для этого можете тоже id379534012написать",https://vk.com/wall-130344439_5449,пост
5449,10,Post 5449 (2024-03-27 13:00:05),". Благодарим за уделенное внимание и еще больше поблагодарим, когда вы перешлете пост в ваш ЭКОНОМ 202n, если этого еще не было сделано",https://vk.com/wall-130344439_5449,пост
5452,0,Post 5452 (2024-03-29 12:58:01),"День открытых дверей совместной онлайн-магистратуры с Яндекс Практикумом Ждём вас 10 апреля 1800 МСК На встрече расскажем о современном формате магистратуры от Практикума и вуза. Здесь фундаментальные знания и практика усиливают друг друга, чтобы студенты росли в карьере. Наша цель доступное высшее со всеми преимуществами классического образования",https://vk.com/wall-130344439_5452,пост
5452,1,Post 5452 (2024-03-29 12:58:01),". Что будет на встрече Всё о формате прикладной онлайн-магистратуры. Разбор что взяли от классического высшего, а что добавили от Яндекса. Встреча со студентами онлайн-программ. Выступления нанимающих экспертов Яндекса. Сопровождение кто поддержит студентов во время учёбы. Поступление вступительные, документы, оплата и образовательный кредит.",https://vk.com/wall-130344439_5452,пост
5453,0,Post 5453 (2024-03-29 18:33:18),"Всем привет! Рубрика HH. Предложение студентам 3-4 курса, маги. ИЭП им. Гайдара ищет сотрудника, любящего и интересующегося ML, в частности нейронными сетями. Задачи моделирование экономических процессов в секторах реальной экономики, макроэкономики, поисковые исследования ваши инициативы в этих же сферах и работа с заказчиками, где и нужно применять свои умения в эконометрике и ML",https://vk.com/wall-130344439_5453,пост
5453,1,Post 5453 (2024-03-29 18:33:18),". ЗП зависит от навыков, график возможен неполныйполный. Работать можно удаленно или в офисе на Газетном 35. Кому интересно пишите в вк, а лучше в телеграм",https://vk.com/wall-130344439_5453,пост
5454,1,Post 5454 (2024-03-31 10:26:03),"! Здесь про открытую вакансию Приглашаю в команду опытного ML разработчика для создания LLM продуктов в бизнес юните VK Tech Задачи - Проработка архитектуры приложения для обеспечения масштабируемости и высокой скорости ответа - Разработка сервисов для реализации решения задачи RAG, саммаризации - Проведение исследований с целью выбора оптимальных ML-моделей с учетом специфики домена текстов",https://vk.com/wall-130344439_5454,пост
5454,2,Post 5454 (2024-03-31 10:26:03),". Требования - Опыт работы от 3 лет на позиции backend разработчика, ML инженера уверенное знание Python, Docker - Знакомство с векторными хранилищами faissESOpenSearchmilvus опыт работы с LangChain - Опыт работы с микросервисной архитектурой, понимание особенностей. Контакт для связи tg alyonkinn",https://vk.com/wall-130344439_5454,пост
5456,0,Post 5456 (2024-04-01 21:00:07),"Пушка, - Мама, давай посмотрим Сопрано! - Сынок, у нас на Иканаме сняли своё Сопрано. Тем временем Сопрано на Иканаме, Дисциплины - огонь! Немудрено, почему наша программа такая сильная и востребованная, Тут отправили фото, Доктор Ливси берет интервью у Сенатора Армстронга, Огонь",https://vk.com/wall-130344439_5456,комментарий
5466,0,Post 5466 (2024-04-03 20:36:12),В аналитическое управление Департамента небанковского кредитования требуется эксперт 1 категории,https://vk.com/wall-130344439_5466,пост
5466,1,Post 5466 (2024-04-03 20:36:12),". Задачи анализ финансовых показателей и рисков профессиональных небанковских кредиторов экономическое моделирование, стресс-тестирование, бенчмаркинг, оценка чувствительности рынка к регулированию работа с большими данными, программирование на PythonSQLVBA подготовка информационно-аналитических материалов справок, презентаций, докладных записок, обзоров",https://vk.com/wall-130344439_5466,пост
5466,2,Post 5466 (2024-04-03 20:36:12),", презентаций, докладных записок, обзоров, писем по микрофинансовому рынку проведение исследований, опросов, анкетирований анализ влияния регуляторных новаций на рынок небанковских кредиторов работа с информацией из открытых источников ФНС, ФССП, БКИ, Росстат, сайты организаций и т",https://vk.com/wall-130344439_5466,пост
5466,3,Post 5466 (2024-04-03 20:36:12),".п. работа с нормативными документами законы, указания, положения, распоряжения изучение международного опыта по вопросам, относящимся к деятельности и регулированию поднадзорных организаций",https://vk.com/wall-130344439_5466,пост
5466,4,Post 5466 (2024-04-03 20:36:12),". Требования имеете степень бакалавра или обучаетесь на последних курсах бакалавриата специалитета магистратуры знаете основы экономики, знакомы со структурой финансового рынка знаете основы анализа финансовых показателей деятельности компаний, знакомы со структурой отчетности умеете работать с нормативными документами обладаете навыками аналитики",https://vk.com/wall-130344439_5466,пост
5466,5,Post 5466 (2024-04-03 20:36:12),", умеете обрабатывать числовую и текстовую информацию, составлять материалы в текстовой, табличном и графической схемы, диаграммы, презентации форме, находить логические взаимосвязи",https://vk.com/wall-130344439_5466,пост
5466,6,Post 5466 (2024-04-03 20:36:12),", находить логические взаимосвязи, делать содержательные выводы умеете работать с большими объемами данных уверенно работаете в Excel владеете основами программирования Python иили SQL иили VBA знакомы с методами экономического моделирования и умеете их применять желательно владеете английским языком на уровне чтения деловой литературы желательно Подать заявку можно по адресу kucherovaovcbr",https://vk.com/wall-130344439_5466,пост
5468,0,Post 5468 (2024-04-04 21:20:34),"КОНКУРС НА ЛОФТ? Время идёт, друзья, и пока до долгожданной встречи остаётся почти 2 недели, а до повышения и того меньше, хотим порадовать всех участников нашего клана по 1300 КОНКУРСОМ!! первое место Бесплатная проходка на предстоящий лофт!!",https://vk.com/wall-130344439_5468,пост
5468,1,Post 5468 (2024-04-04 21:20:34),! второе место Кастомная каска для профессионального распития напитков третье место Доступ к уникальному авторскому коктейлю на баре от id145751160Александра Условия простые отправить свои ненаглядные money до 15,https://vk.com/wall-130344439_5468,пост
5468,2,Post 5468 (2024-04-04 21:20:34),".04 Лофт готовится просто ПУШКА, всё как вы любите - только самые громкие хиты, только самое преданное традициям комьюнити и самое атмосферное пространство, так что ВСЕМ рекомендуем поторопиться, количество товара ограничено! Для защиты своих средств от мошенников кидать 1300 сюда Сбер Тинькофф По всем вопросам обращаться к id276581559Ване P. S",https://vk.com/wall-130344439_5468,пост
5468,3,Post 5468 (2024-04-04 21:20:34),". S. Не рекомендуем пропускать грядущие посты, будет что-то интересное.",https://vk.com/wall-130344439_5468,пост
5470,0,Post 5470 (2024-04-10 20:18:38),"5 ДНЕЙ ДО ПОВЫШЕНИЯ ЦЕНЫ НА ЛОФТ Время идёт, друзья",https://vk.com/wall-130344439_5470,пост
5470,1,Post 5470 (2024-04-10 20:18:38),". Надеюсь что все из вас уже отложили свои дела, предупредили родственников и завещали свою печень во благо науки ибо уже через 10 дней долгожданный лофт! Всем, кто всë ещё сомневается, думает и размышляет рекомендуем ДЕЙСТВОВАТЬ наверняка! А для остальных уготовлено отдельное место как в сердечке организаторов, так и на самом атмосферном вечере этой весны",https://vk.com/wall-130344439_5470,пост
5470,2,Post 5470 (2024-04-10 20:18:38),"! А чтобы вы не забыли сохранить свои средства, напоминаем, что УЖЕ ЧЕРЕЗ 5 ДНЕЙ 15",https://vk.com/wall-130344439_5470,пост
5470,3,Post 5470 (2024-04-10 20:18:38),.04.2024 стоимость увеличится с 1300 до 1400! Ссылки на покупку пивных фьючерсов ФИО и курс в платеже не забываем Сбер Тинькофф По всем вопросам обращаться к id276581559Ване и id356485211Алине,https://vk.com/wall-130344439_5470,пост
5473,0,Post 5473 (2024-04-15 00:00:00),"24 ЧАСА ДО ПОВЫШЕНИЯ ЦЕНЫ НА ЛОФТ Дамы и господа, леди и джентельмены, спешим напомнить, что осталось 24 часа до решающего момента в жизни каждого - проходка на лофт станет стоить ЦЕЛЫХ 1400 РУБЛЕЙ! Так что просим желающих запрыгнуть в последний вагон сильно поторопиться и вступить в наш клан крутых челов по 1300",https://vk.com/wall-130344439_5473,пост
5473,1,Post 5473 (2024-04-15 00:00:00),". К тому же не забывайте про розыгрыш, результаты в следующем посте! Возможность выгодно перейти на темную сторону здесь Сбербанк сбор - Тинькофф сбор - Обязательно указываем ФИ и курс, кто блин скидывает котов вместо подписи платежа вообще По всем вопросам обращаться к id276581559Ванe или id356485211Алине P. S. id314828807Даша с др",https://vk.com/wall-130344439_5473,пост
5473,0,Post 5473 (2024-04-15 00:00:00),"Повышение на 100 рублей Разоряем иканам, Я боюсь представить, сколько бюджетных денег пришлось заплатить Ивану Золо за этот ролик, А почему вот так вот всю репутацию иканама просто в пиво и водку рядом с Шилиным?",https://vk.com/wall-130344439_5473,комментарий
5477,0,Post 5477 (2024-04-15 19:00:58),Три магистерские программы с Яндекс.Практикум включая нашу - одногодичную по Прикладной информатике.,https://vk.com/wall-130344439_5477,пост
5478,0,Post 5478 (2024-04-16 00:29:11),"ПОРА. СДАВАТЬ. НА. ЛОФТ. Часики тикают Сверху нашептали, что за поход на лофт дают военный билет с ученой специальностью - профи по тусовкам Благодарим Студпассив без студ за старые мемы новых не завозят уже давно",https://vk.com/wall-130344439_5478,пост
5480,0,Post 5480 (2024-04-17 21:00:01),"РЕЗУЛЬТАТЫ РОЗЫГРЫША Друзья, готовы представить вашему вниманию наших счастливчиков 1. id147383014Арина Гришаева получает 100 кешбэк на проходку 2. id382197277Майя Волокитина становится обладательницей кастомного пивного шлема 3",https://vk.com/wall-130344439_5480,пост
5480,1,Post 5480 (2024-04-17 21:00:01),". id517245920Михаил Мышонков получит доступ к уникальному коктейлю на весь лофт !ДО ЛОФТА ОСТАЛОСЬ 3 ДНЯ! Надеемся, что вы уже готовитесь ждëте и верите, будет круто! А тем, кто всë ещё по каким-то причинам сомневается, рекомендуем поторопиться с выбором в нашу пользу Лофтовый сбор Сбер Тинькофф",https://vk.com/wall-130344439_5480,пост
5481,0,Post 5481 (2024-04-18 11:26:12),"Всем привет. Ищем джунов, мидлов и синьоров DS в X5 Tech. Можно работать как удаленно, так и гибридно или из офиса. Вилка 100к - 500к годовой бонус 2040 CV направлять в tg Что нужно делать? Если вы IC, то решать ad-hoc задачи",https://vk.com/wall-130344439_5481,пост
5481,1,Post 5481 (2024-04-18 11:26:12),". Типичная ad-hoc задача состоит из следующих этапов общение с заказчиком, выявление истинных проблем иногда заказчики приходят с гипотезой, думая, что это решит их проблему, хотя это не так. Затем распределенно выгружаете данные всего на серверах более 12Пб данных",https://vk.com/wall-130344439_5481,пост
5481,2,Post 5481 (2024-04-18 11:26:12),". В том или ином виде решаете поставленную задачу, строите модель не обязательно машинного обучения, готовите отчет например, в виде презентации и презентуете заказчику результат может быть число, доверительный интервал, sql-выгрузка, веб-сервис, дашборд, что угодно еще. С некоторой вероятностью уходите на второй круг",https://vk.com/wall-130344439_5481,пост
5481,3,Post 5481 (2024-04-18 11:26:12),". С некоторой вероятностью уходите на второй круг. Если вы хотите в том числе лидить, то процесс, описанный выше, будут производить люди, которых вы лидите. Потребуется помощь при общении с заказчиками, может быть какая-то методологическая помощь в решении той или иной задачи",https://vk.com/wall-130344439_5481,пост
5481,4,Post 5481 (2024-04-18 11:26:12),". Также периодически мы строим всякие MVP типа модельного риска или продуктового градусника Отвечаем за все АБ тесты пример ad-hoc задачи Есть группа, отвечающая за LLM, в ближайшей перспективе также ожидаем найм туда Плюс мы активно выступаем статьи, митапы, конференции и т.д.. За год наш отдел выступил более 50 раз. Если есть желание, возможности есть Требования 0. Автономность 1",https://vk.com/wall-130344439_5481,пост
5481,5,Post 5481 (2024-04-18 11:26:12),". Автономность 1. Python, SQL, желательно распределенные вычисления 2. ML, статистика 3. Умение общаться, выражать и доносить свои мысли Примеры ad-hoc задач - Разработка модели, определяющей ежедневное оптимальное количество сотрудников магазина - Разработка алгоритма поиска комплементарных товаров и товаров-аналогов - Кластеризация магазинов сети на группы похожих по различным параметрам",https://vk.com/wall-130344439_5481,пост
5483,0,Post 5483 (2024-04-20 12:00:03),"НАСТУПИЛО ВРЕМЯ ЛОФТА!! Пришёл знаменательный день, чтобы пробираться через тернии учёбы к звездам танцпола, друзья. Мы ждали и верили, страдали ботали и надеялись, но всему этому пришёл конец! Вся основная инфа ВРЕМЯ с 1900 до 200 АДРЕС Солженицына 27 ЧТО ДЕЛАТЬ КОГДА ДОШЁЛ ДО СОЛЖЕНИЦЫНА 27 На углу 27 дома поверните на коммунистический переулок, пройдите вперед до середины дома, серые ворота",https://vk.com/wall-130344439_5483,пост
5483,1,Post 5483 (2024-04-20 12:00:03),". Заходите и идите прямо через двор, далее налево в арку. Проходите еще один двор - дверь слева",https://vk.com/wall-130344439_5483,пост
5483,2,Post 5483 (2024-04-20 12:00:03),". Вы на месте наш вход находится под большим козырьком Напоминаем, что к звуковому оборудованию КАТЕГОРИЧЕСКИ нельзя подходить с алкогольными напитками Однако, со своим алкоголем приходить МОЖНО, для приобретения поблизости есть КБотмечен на фото, а для сохранности можете отдать на бар и брать в любое время Сборы для самых лютых Сбер Тинькофф Ждём всех с нетерпением!!",https://vk.com/wall-130344439_5483,пост
5491,0,Post 5491 (2024-04-23 11:41:48),"Всем привет! Вдогонку к предыдущему посту про поиск работы - ищем стажеров. Залетайте, хорошая возможность вкатиться в индустрию и попрактиковаться в статистике на реальных задачках Позиция Стажер дата-аналитик Компания Х5 Group Формат Продолжительность стажировки 4-6 месяцев full-time! Локация Удаленная работа но по желанию можно работать из офиса, г. Москва Вилки Оклад 60 тыс.руб",https://vk.com/wall-130344439_5491,пост
5491,1,Post 5491 (2024-04-23 11:41:48),". Москва Вилки Оклад 60 тыс.руб. gross Начало стажировки июнь 2024 г. Команда ad-hoc аналитики из X5 Group Пятерочка, Перекресток, Чижик и etc в поисках стажеров! Почему у нас интересно? Более 20 тысяч магазинов, 15 миллионов клиентов, петабайты данных - и все это нужно анализировать",https://vk.com/wall-130344439_5491,пост
5491,2,Post 5491 (2024-04-23 11:41:48),". Каждый день мы показываем, что наши супермаркеты - на самом деле цифровой проект, в котором большое место занимают Big Data и Data-Driven подход",https://vk.com/wall-130344439_5491,пост
5491,3,Post 5491 (2024-04-23 11:41:48),". Мы в команде ad-hoc аналитики крутим AB-тесты в оффлайне и не только, с каждым днем все больше прилетает нестандартных задачек, в которых мы используем все свои знания или быстро их приобретаем, а также у нас можно заниматься рисерчами",https://vk.com/wall-130344439_5491,пост
5491,5,Post 5491 (2024-04-23 11:41:48),"? - Первое время проходят онбординг, запоминают имена ментора и тим-лида и погружаются в курс дела - Сразу после этого получают свою первую настоящую боевую задачку и НЕ страдают, так как ментор всегда под рукой на дизайн будущего эксперимента на магазинах или лояльных клиентах или на оценку экономических эффектов от бизнес-инициатив А если и этого мало",https://vk.com/wall-130344439_5491,пост
5491,6,Post 5491 (2024-04-23 11:41:48),", то вот примеры других продуктовых задач и задач на ad-hoc аналитику в том числе и на ML, с которыми мы имеем дело - Разработка модели",https://vk.com/wall-130344439_5491,пост
5491,7,Post 5491 (2024-04-23 11:41:48),", определяющей ежедневное оптимальное количество сотрудников магазина - Разработка алгоритма поиска комплементарных товаров и товаров-аналогов - Кластеризация магазинов сети на группы похожих по различным параметрам - Задача по распричиниванию случившихся списаний в магазине сколько товара списали по причине Х - И многое другое Ты нам подходишь - Если уже загуглил, что такое ad-hoc и понял",https://vk.com/wall-130344439_5491,пост
5491,8,Post 5491 (2024-04-23 11:41:48),", что такое ad-hoc и понял, в чем суть - Уверенно владеешь Python pandas, numpy, matplotlib и весь базовый набор для аналитики данных, SQL joinы, оконки, знаешь статистику - Обладаешь аналитическим складом ума, наблюдательностью и успешно практикуешь метод пристального взгляда - Любишь мемы желательно",https://vk.com/wall-130344439_5491,пост
5491,9,Post 5491 (2024-04-23 11:41:48),", но необязательно - Преимуществом будет владение бигдатой и ML Что мы предлагаем - Помощь менторов на всем этапе стажировки - Классный коллектив, теплая атмосфера и веселые ретро с играми и битвой мемов, а также оффлайн-тимбилдинги Если тебе интересно развиваться в области аналитики данных, смело присоединяйся к нам",https://vk.com/wall-130344439_5491,пост
5491,10,Post 5491 (2024-04-23 11:41:48),! Свои CV и вопросы направлять сюда tg didi_ulyanova,https://vk.com/wall-130344439_5491,пост
5494,0,Post 5494 (2024-04-25 14:44:49),Если вы еще думали или гадали Как вкатываться в хакичи? и Как делать крутые сервисы и приложения на коленке? или Почему умение делать презентацию коррелирует с постами у Комиссарова,https://vk.com/wall-130344439_5494,пост
5494,1,Post 5494 (2024-04-25 14:44:49),"? То для этих и других вопросов, совместными усилиями был подготовлен разбор последнего самого крупного российского хакатона ЦП ЮФО ниже по ссылке В выпуске - ARIMA в виде стекинга кэтбустов - Сервисы без сервисов - Победы логрегов - Питч питч питч P",https://vk.com/wall-130344439_5494,пост
5494,2,Post 5494 (2024-04-25 14:44:49),".S. в ближайшие дни ожидается дроп подкаста с ?новым? гостем, ждать инфу здесь",https://vk.com/wall-130344439_5494,пост
5496,0,Post 5496 (2024-04-26 13:15:29),Для желающих попробовать свои силы московский хакатон минобразования. Плюшки и деньги прилагаются.,https://vk.com/wall-130344439_5496,пост
5499,0,Post 5499 (2024-05-14 13:00:28),"Всем привет Ребята из сравни ру запускают стажировку по продуктовой и дата аналитике, 3 месяца, 30-40 часов в неделю, вдруг кому интересно будет",https://vk.com/wall-130344439_5499,пост
5500,0,Post 5500 (2024-05-15 11:02:47),"К нам в Мегамаркет нужен плотный мидлсеньор DS для работы в самом быстрорастущем маркетплейсе России. Всем плотным откликнуться, остальным соболезную.",https://vk.com/wall-130344439_5500,пост
5503,0,Post 5503 (2024-06-11 12:59:37),"Хай, в команду медиа аналитиков ВК нужен dads эконометрика Если есть какие-то вопросы, пишите в личку тг id214112076andreyrnb",https://vk.com/wall-130344439_5503,пост
5505,0,Post 5505 (2024-06-19 14:15:16),"Приглашаем к отбору в команду на хакатон Цифровой прорыв в Северо-Кавказском федеральном округе! онлайн понятное дело Привет, друзья! Ребята из старших курсов ищут заряженных на деньги и успех будущих сокомандников для участия в хакатоне Цифровой прорыв",https://vk.com/wall-130344439_5505,пост
5505,1,Post 5505 (2024-06-19 14:15:16),". Это уникальная возможность проявить себя, поработать над интересными кейсами и внести свой вклад в решение важных задач! Нам нужны Data Scientists особенно специалисты по CV и LLM-engineer-ы если ты шаришь за нейронки хоть немного и умеешь пользоваться ChatGPT, добро пожаловать! Frontend-разработчики без вас никуда, нам нужны те, кто может сделать удобный и красивый интерфейс",https://vk.com/wall-130344439_5505,пост
5505,2,Post 5505 (2024-06-19 14:15:16),". Специалисты по презентациям если ты умеешь делать классные презентации и красиво говорить, ждем тебя! Талисманы команды если тебя поцеловала мать фортуна и ты готов принести удачу команде, почетное место талисмана ждет тебя! Кейсы, над которыми будем работать 1",https://vk.com/wall-130344439_5505,пост
5505,3,Post 5505 (2024-06-19 14:15:16),. Выравнивание изображений номеров автомобилей Задача разработка программного модуля для корректной оцифровки номеров транспортных средств. Это поможет улучшить системы автоматизированного контроля и безопасности. 2,https://vk.com/wall-130344439_5505,пост
5505,4,Post 5505 (2024-06-19 14:15:16),. 2. Вопросно-ответная система по технической документации Создание WEB чат-бота для автоматического ответа на вопросы пользователей и разрешения ошибок в программном коде на основе документации RuStore. Это ускорит процесс разработки и улучшит продуктивность разработчиков. 3,https://vk.com/wall-130344439_5505,пост
5505,5,Post 5505 (2024-06-19 14:15:16),". 3. Подбор локаций для размещения рекламы Разработка инструмента, использующего технологии машинного обучения, для прогнозирования оптимального расположения рекламных щитов в городе. Это позволит максимально эффективно планировать рекламные кампании. 4. Формирование регистраций животных Создание системы для точного распознавания и классификации животных на фотографиях с фотоловушек",https://vk.com/wall-130344439_5505,пост
5505,6,Post 5505 (2024-06-19 14:15:16),". Если ты хочешь принять участие, проявить свои навыки и работать в команде единомышленников, присоединяйся к нам! Переходи по ссылке и выбирай интересующий тебя кейс Подробнее. Зарегистрироваться командой можно до 28.06.2024 Место проведения Онлайн или город Грозный, если там оказались Ждем именно тебя! Мы уже не раз доказали всем площадкам чего стоят ребята из ikanam",https://vk.com/wall-130344439_5505,пост
5505,7,Post 5505 (2024-06-19 14:15:16),". Хочешь стать крутым спецом и получать офферы? Тогда вперед решать кейсики и наращивать опыт, а то так и будешь жить на стипендию ЦифровойПрорыв Хакатон Программирование Разработка Ikanam StudPassive spravlyalovo Писать ему tg Evarapaev",https://vk.com/wall-130344439_5505,пост
5508,0,Post 5508 (2024-06-19 15:10:55),"Желающим посетить мероприятия. Регистрируйтесь. Яндекс Практикум реализует магистерские программы совместно с вузами-партнёрами по направлениям анализ данных, дизайн, менеджмент и программирование",https://vk.com/wall-130344439_5508,пост
5508,1,Post 5508 (2024-06-19 15:10:55),". 25 июня в Яндекс Музее в БЦ Аврора студенты и абитуриенты получат возможность задать вопросы экспертам Яндекса и узнать, как и где нужно учиться, чтобы однажды оказаться в офисе работодателя 1 для студентов",https://vk.com/wall-130344439_5508,пост
5508,2,Post 5508 (2024-06-19 15:10:55),". Вас ждёт экскурсия по музею общение с яндексоидами и представление программ-2024 нетворкинг розыгрыш небольших подарков среди тех, кто решит подать документы в магистратуру в день проведения события. Запишитесь на встречу и узнайте о карьерных перспективах и возможности оказаться в офисе Яндекса с бейджем сотрудника. Зарегистрироваться",https://vk.com/wall-130344439_5508,пост
5509,0,Post 5509 (2024-06-19 15:39:09),"Запущен прием в магистратуру РАНХиГСЯндекс.Практикум. Важная фишка, можно закончить за 1 год, а не за 2 года. Можно подать документы через нас или Яндекс. Программа по специальности 09.04.03 Прикладная информатика.",https://vk.com/wall-130344439_5509,пост
5511,0,Post 5511 (2024-06-25 11:22:57),"Всем привет! В Альфа Банк открыт набор стажеров Бизнес-аналитиков Если ты активный, драйвовый командный игрок и готов учиться новому - тебе к нам Ты будешь - Прорабатывать и развивать процессы онлайн и партнерских продаж продуктов для массового бизнеса. - Проводить интервью, анкетировать и опрашивать заказчиков для выявления бизнес-требований к новому функционалу",https://vk.com/wall-130344439_5511,пост
5511,1,Post 5511 (2024-06-25 11:22:57),". - Тебе предстоит погрузиться в текущие системные и бизнес-процессы, анализировать гэпы, предлагать и защищать решения по улушению процессов, лидировать направления. Желательно - Иметь опыт создания и анализа бизнес-процессов. - Знать методологии и фреймворки для описания требований и процессов. - Уметь структурировать информацию и фильтровать лишнее",https://vk.com/wall-130344439_5511,пост
5511,2,Post 5511 (2024-06-25 11:22:57),". Мы готовы учить и наставлять! Безусловно, лучшие стажеры попадут в штат к нам в команду Заинтересован? Присылай резюме ТГ id212487906ktravnikova",https://vk.com/wall-130344439_5511,пост
5513,0,Post 5513 (2024-06-28 14:20:16),"Тоже хочу поучаствовать в ярмарке вакансий! Ищу человека к себе в команду в Яндекс.Go. Хочется уверенного мидла. Если кто хочет пособеситься, можно откликнуться. Если есть вопросы, пишите в телеграм ppilif. аналитик-разработчик-в-команду-аналитики-безопасности-поездки-такси-21243",https://vk.com/wall-130344439_5513,пост
5516,0,Post 5516 (2024-07-29 18:10:24),"Всем привет! Есть две вакансии в X5 Group - service request manager и стажер дата-аналитик 1 Ищем service request manager в ad-hoc, описание по ссылке ниже. Если коротко - вакансия про общение с бизнесом и управление потоком задач для команды аналитиков",https://vk.com/wall-130344439_5516,пост
5516,1,Post 5516 (2024-07-29 18:10:24),". Если интересно - пишите в личку в телеге id156037281ldred 2 Традиционно ищем стажеров в ad-hoc X5 Group, описание и контакты для связи ниже Всем привет! вакансия Позиция Стажер дата-аналитик Компания Х5 Group Формат Продолжительность стажировки 4-6 месяцев full-time - 40 часов в неделю! Локация Удаленная работа но по желанию можно работать из офиса, г. Москва Вилки Оклад 60 тыс.руб",https://vk.com/wall-130344439_5516,пост
5516,2,Post 5516 (2024-07-29 18:10:24),". Москва Вилки Оклад 60 тыс.руб. gross Начало стажировки сентябрь 2024 г. Команда ad-hoc аналитики из X5 Group Пятерочка, Перекресток, Чижик и etc в поисках стажеров! Почему у нас интересно? Более 20 тысяч магазинов, 15 миллионов клиентов, петабайты данных - и все это нужно анализировать",https://vk.com/wall-130344439_5516,пост
5516,3,Post 5516 (2024-07-29 18:10:24),". Каждый день мы показываем, что наши супермаркеты - на самом деле цифровой проект, в котором большое место занимают Big Data и Data-Driven подход",https://vk.com/wall-130344439_5516,пост
5516,4,Post 5516 (2024-07-29 18:10:24),". Мы в команде ad-hoc аналитики крутим AB-тесты в оффлайне и не только, с каждым днем все больше прилетает нестандартных задачек, в которых мы используем все свои знания или быстро их приобретаем, а также у нас можно заниматься рисерчами",https://vk.com/wall-130344439_5516,пост
5516,6,Post 5516 (2024-07-29 18:10:24),"? - Первое время проходят онбординг, запоминают имена ментора и тим-лида и погружаются в курс дела - Сразу после этого получают свою первую настоящую боевую задачку и НЕ страдают, так как ментор всегда под рукой на дизайн будущего эксперимента на магазинах или лояльных клиентах или на оценку экономических эффектов от бизнес-инициатив А если и этого мало",https://vk.com/wall-130344439_5516,пост
5516,7,Post 5516 (2024-07-29 18:10:24),", то вот примеры других продуктовых задач и задач на ad-hoc аналитику в том числе и на ML, с которыми мы имеем дело - Разработка модели",https://vk.com/wall-130344439_5516,пост
5516,8,Post 5516 (2024-07-29 18:10:24),", определяющей ежедневное оптимальное количество сотрудников магазина - Разработка алгоритма поиска комплементарных товаров и товаров-аналогов - Кластеризация магазинов сети на группы похожих по различным параметрам - Задача по распричиниванию случившихся списаний в магазине сколько товара списали по причине Х - И многое другое Ты нам подходишь - Если уже загуглил, что такое ad-hoc и понял",https://vk.com/wall-130344439_5516,пост
5516,9,Post 5516 (2024-07-29 18:10:24),", что такое ad-hoc и понял, в чем суть - Уверенно владеешь Python pandas, numpy, matplotlib и весь базовый набор для аналитики данных, SQL joinы, оконки, знаешь статистику - Обладаешь аналитическим складом ума, наблюдательностью и успешно практикуешь метод пристального взгляда - Любишь мемы желательно",https://vk.com/wall-130344439_5516,пост
5516,10,Post 5516 (2024-07-29 18:10:24),", но необязательно - Преимуществом будет владение бигдатой и ML Что мы предлагаем - Помощь менторов на всем этапе стажировки - Классный коллектив, теплая атмосфера и веселые ретро с играми и битвой мемов, а также оффлайн-тимбилдинги Если тебе интересно развиваться в области аналитики данных, смело присоединяйся к нам",https://vk.com/wall-130344439_5516,пост
5516,11,Post 5516 (2024-07-29 18:10:24),! Свои CV и вопросы направлять сюда tg didi_ulyanova,https://vk.com/wall-130344439_5516,пост
5517,0,Post 5517 (2024-08-21 16:39:59),"Доброго дня всем выжившим в летнюю жару, остальным соболезнуем. Осень стучится в двери, а это значит, что пришло время собираться на наш долгожданный осенний лофт! Готовы встретить новый сезон танцев, веселья и незабываемых воспоминаний? Тогда блокируйте дату 06",https://vk.com/wall-130344439_5517,пост
5517,1,Post 5517 (2024-08-21 16:39:59),".09 с 1900 до 200, потому что именно в эти часы состоится почти самое до посвята осталось 50 дней главное, невероятно душевное и объединяющее мероприятие всея Иканама! У вас могут быть планы на эту дату, но ответьте себе честно на вопрос Что может быть лучше в томный пятничный вечер после пар, чем провести время в компании близких тебе по духу людей с небольшой примесью градуса и шикарной музыкой?",https://vk.com/wall-130344439_5517,пост
5517,2,Post 5517 (2024-08-21 16:39:59),". Надеемся, что равнодушным не останется никто. Локация вам уже знакома, многие из вас помнят, как круто мы провели прошлый осенний лофт в этом месте. Для тех, кто забыл запил или не был - не волнуйтесь, подробности ждут вас в следующих постах! Адрес м. Площадь Ильича, Самокатная 4с19 Стоимость участия до 03.09 - 1300, позже - 1500",https://vk.com/wall-130344439_5517,пост
5517,3,Post 5517 (2024-08-21 16:39:59),".09 - 1300, позже - 1500. Пожалуйста, указывайте ваше ФИО и курс при переводе, чтобы мы могли вас идентифицировать. Деньги отправляйте по следующим реквизитам Сбербанк сбор - Тинькофф сбор - И, конечно же, розыгрыш бесплатной проходки всё ещё в силе! Все, кто переведет деньги до 03.09, автоматически становятся участниками",https://vk.com/wall-130344439_5517,пост
5517,4,Post 5517 (2024-08-21 16:39:59),".09, автоматически становятся участниками. Итоги объявим в тот же день! До скорой встречи, друзья! Пусть и близится осень, но, поверьте, будет жарко! По всем вопросам обращайтесь к id276581559Ване и id356485211Алине",https://vk.com/wall-130344439_5517,пост
5517,0,Post 5517 (2024-08-21 16:39:59),"Как можно начать осень лучше, чем лофт?!, Тут отправили фото",https://vk.com/wall-130344439_5517,комментарий
5522,0,Post 5522 (2024-08-24 19:40:31),"Пока все в ожидании лофта, а первый курс предвкушает традиционную встречу в парке Горького, мы публикуем честное интервью от выпускника 2024 года Андрея Андреенко. Приятного просмотра",https://vk.com/wall-130344439_5522,пост
5522,0,Post 5522 (2024-08-24 19:40:31),"Интервью от Андрея Снюсовича, Легенда, спасибо за счастливое детство и допы, P. S. Всё есть яд и всё есть лекарство. Только доза делает лекарство ядом и яд лекарством. А пиво - лекарство души. Парацельс",https://vk.com/wall-130344439_5522,комментарий
5529,0,Post 5529 (2024-08-29 17:00:01),"Часики тикают, друзья! До повышения 03.09 осталось ВСЕГО 5 ДНЕЙ! А пока что презентуем наш любимый лофт для новеньких и вспоминаем, как раньше было лучше, трава была зеленее, водка была вкуснее и орги пилили меньше..",https://vk.com/wall-130344439_5529,пост
5529,1,Post 5529 (2024-08-29 17:00:01),. Теперь немного о нашем пространстве Отдельное здание соседи не будут мешать Общая площадь 530 м² Зал 100 м² 30 м² балкон Высота потолков 4,https://vk.com/wall-130344439_5529,пост
5529,2,Post 5529 (2024-08-29 17:00:01),",5 м Веранда на первом этаже 80 м² Крыша с верандой площадью 250 м² и потрясающим видом Удобный подъезд к зданию и парковка но это больше пригодится вашим таксистам Гардеробная 4 санузла Прямой и удобный вход с улицы Барная стойка и сцена Профессиональное освещение и звук с собственным диджеем Шуметь можно круглосуточно",https://vk.com/wall-130344439_5529,пост
5529,3,Post 5529 (2024-08-29 17:00:01),"! Незабываемые эмоции и атмосфера! Сборы для всех желающих эффективно инвестировать своё время и средства иили приобщиться к нетворкингу чтобы зарабатывать 300кк наносек Сбербанк сбор - Тинькофф сбор - 79781249606 Тинькофф Волков Иван Дмитриевич !!Обязательно подписываем платежи, чтобы орги не уехали в Дубай на ваши кровные!! По всем вопросам обращайтесь к id276581559Ване и id356485211Алине",https://vk.com/wall-130344439_5529,пост
5531,0,Post 5531 (2024-09-01 00:07:59),"!!72 ЧАСА ДО ПОВЫШЕНИЯ СТОИМОСТИ!! Хай хай хай, молодежь! Сентябрь горит, а сердце плачет.",https://vk.com/wall-130344439_5531,пост
5531,1,Post 5531 (2024-09-01 00:07:59),". Спешим к вам с важными новостями, через 72 часа стоимость прекрасного вечера в крутой компании волшебным образом превратится из 1300 в 1500! У кого ещё остались сомнения - исключительно рекомендуем отбросить, ведь время идет, а воспоминания остаются , ровно настолько, насколько хватает памяти, ну или невероятных фотографий в сообществе",https://vk.com/wall-130344439_5531,пост
5531,2,Post 5531 (2024-09-01 00:07:59),"! Реквизиты для перевода Сбербанк сбор - Тинькофф сбор - 79781249606 Тинькофф Волков Иван Дмитриевич Про ФИ И КУРС при платеже не забываем, естественно",https://vk.com/wall-130344439_5531,пост
5532,0,Post 5532 (2024-09-02 21:30:10),"Я календарь Я календарь Я календарь Я календарь Я календарь Я календарь Я календарь Я календарь Я календарь Я календарь Я календарь Я календарь А пока часики тикают и до повышения остаются почти сутки, выкладываем небольшой QA про лофт для новичков! -Что будет если я приду после 1900? Меня пустят? -Да",https://vk.com/wall-130344439_5532,пост
5532,1,Post 5532 (2024-09-02 21:30:10),"! В этом нет ничего страшного, пускаем всех вне зависимости от времени -Можно ли приглашать друзей не с Иканама? -Да",https://vk.com/wall-130344439_5532,пост
5532,2,Post 5532 (2024-09-02 21:30:10),". Желательно перед этим отписать одному из организаторов и скинуть ссылку на человека -Я не пью, да и танцевать не люблю особо, мне стоит идти вообще? -Конечно да! Лофт это не только про пьянки, но и про общение, связь между курсами, обмен знакомствами и большим количеством полезной инфы",https://vk.com/wall-130344439_5532,пост
5532,3,Post 5532 (2024-09-02 21:30:10),". В общем - каждый найдет что-то для себя -Где находится лофт? Какая станция метро? Как до него добраться? -Выкладывали в первом посте, но дублируем здесь! Адрес м. Площадь Ильича, Самокатная 4с19. Будет отдельный пост про маршрут в день лофта, а первокурсникам обеспечим сопровождение в дань традиции -СКОЛЬКО ДНЕЙ ДО ПОСВЯТА? -40 дней",https://vk.com/wall-130344439_5532,пост
5532,4,Post 5532 (2024-09-02 21:30:10),". Ждем с нетерпением! Если ещё остались вопросы, то для вас всегда есть id276581559Ваня и id356485211Алина Реквизиты для перевода Сбербанк сбор - Тинькофф сбор - 79781249606 Тинькофф Волков Иван Дмитриевич Про ФИ И КУРС при платеже не забываем, естественно",https://vk.com/wall-130344439_5532,пост
5535,0,Post 5535 (2024-09-03 20:00:01),4 ЧАСА ДО ПОВЫШЕНИЯ СТОИМОСТИ ЛОФТА!! Осталось всего-ничего до того как проходка станет стоить 1500 вместо заветных 1300,https://vk.com/wall-130344439_5535,пост
5535,1,Post 5535 (2024-09-03 20:00:01),". Респект, уважение, счастье, здоровье и безбедное существование всем, кто успеет запрыгнуть в последний вагон эконом класса, у предпочитающих бизнес за 1500 и так все хорошо, а вот остальным наши соболезнования! Совсем скоро весь Иканам почти будет отмечать наступление нового учебного года и мы надеемся, что каждый из вас будет присутствовать на этом празднике жизни",https://vk.com/wall-130344439_5535,пост
5535,2,Post 5535 (2024-09-03 20:00:01),! По-прежнему вкусные сборы Сбербанк сбор - Тинькофф сбор - 79781249606 Тинькофф Волков Иван Дмитриевич По всем вопросам к id276581559Ване и id356485211Алине P,https://vk.com/wall-130344439_5535,пост
5535,3,Post 5535 (2024-09-03 20:00:01),. S. лучше лофта в начале учебного года может быть только лофт и посвят вместе взятые. P. P. S. Ждите следующий пост с розыгрышем!,https://vk.com/wall-130344439_5535,пост
5537,0,Post 5537 (2024-09-04 21:33:19),"Привет! Есть вакансия мидла DS в МКБ. Команда дружная, классная и сильная в основном ФКН-щики, но о нас тоже знают Подробности и контакты ниже Позиция Middle Data Scientist Куда? МКБ, валидация Формат работы Гибрид Москва, Москва-Сити удаленно. Вилка гросс 200-300k годовой бонус 15 от дохода за год. Что нужно делать? 1",https://vk.com/wall-130344439_5537,пост
5537,1,Post 5537 (2024-09-04 21:33:19),". Валидация различных моделей рисковые PD модели, а также бизнесовые модели, например, модель дохода клиента, модель оттока клиентов, модель утилизации лимитов и прочие, в том числе - Формирование выборки и оценка качества данных для проведения валидации - Качественный и количественный анализ оценка дискриминационной способности, корреляционный и дисперсионный анализ, анализ документации",https://vk.com/wall-130344439_5537,пост
5537,2,Post 5537 (2024-09-04 21:33:19),", анализ документации, тестирование реализации модели в конвейере и др - Проведение альтернативного моделирования 2",https://vk.com/wall-130344439_5537,пост
5537,3,Post 5537 (2024-09-04 21:33:19),". Оптимизация и автоматизация процедур внутри отдела. Усовершенствование внутренних библиотек по автовалидации и альтернативному моделированию. Требования Умение работать с данными анализ, очистка, подготовка, отбор и создание признаков. Навыки написания SQL-запросов оптимизация скриптов, оконные функции, объединение, агрегация, создание и изменение объектов",https://vk.com/wall-130344439_5537,пост
5537,4,Post 5537 (2024-09-04 21:33:19),". Хорошее знание теории вероятностей, математической статистики и методов машинного обучения. Опыт в разработкевалидации моделей машинного обучения от 1 года. Опыт работы c пакетами для анализа данных на Python3 numpy, pandas, scikit-learn, xgboost, lightgbm, catboost, etc. Опыт работы с git. Понимание основ риск-менеджмента является преимуществом",https://vk.com/wall-130344439_5537,пост
5537,5,Post 5537 (2024-09-04 21:33:19),". Умение работать с MLOps Airflow, MLflow, Seldon является преимуществом. Ответы на 10 важных вопросов 1. Данные SQL Oracle, Vertica внешние источники. Данные доступны из среды разработки моделей. 2. Железо Разработка моделей JupyterHub на kubernetes с возможностью выделения до 32 ядер 128 ГБ оперативной памяти. Продакшн cистема исполнения моделей выделенная команда MLOps",https://vk.com/wall-130344439_5537,пост
5537,6,Post 5537 (2024-09-04 21:33:19),. Для работы выделение ноутбука 8 ядер 32 ГБ оперативной памяти удалённое рабочее место VDI. 3. Масштаб влияния на core-бизнес? Без валидации ни одна модель не может быть введена в эксплуатацию возможность альтернативным моделированием улучшить модель разработчика фактически ваша модель пойдет в пром. 4. Уровень развития Data Science в компании? Почти все линии бизнеса покрыты ML моделями,https://vk.com/wall-130344439_5537,пост
5537,7,Post 5537 (2024-09-04 21:33:19),". Каждый год увеличивается количество моделей 10-20 шт. и их сложность до бустингов и нейронных сетей. 5. Роль дата саиентиста ДС-ы проводят полную валидацию модели и альтернативное моделирование, качественную и количественную валидацию. Есть собственные библиотеки, покрывающие методику валидации, альтернативное моделирование и создание отчета о валидации в Python",https://vk.com/wall-130344439_5537,пост
5537,8,Post 5537 (2024-09-04 21:33:19),". Также осуществляется перевод имеющихся моделей и библиотек на MLOps и создание Dashboardа по мониторингу моделей. 6. Бэкграунд у вашего руководителя? 7. Как часто вам будут мешать работать? 1-2 часа организационных встреч в неделю. 8. Карьерный рост Ежегодное ревью. 9. ProdResearch Prod, но при обоснованном желании можно позаниматься и Researchем",https://vk.com/wall-130344439_5537,пост
5537,9,Post 5537 (2024-09-04 21:33:19),". Последний Research, проведенный командой анализ финансовой оценки изменения Gini при изменении модели. 10. Функция сервиса или лидера? На данном этапе сервисных функций больше. Резюме можно направить Игорю на почту kiselev.i.smail.ru или в ТГ igorigg",https://vk.com/wall-130344439_5537,пост
5538,0,Post 5538 (2024-09-05 20:11:40),Готовы подвести долгожданные итоги розыгрыша! 3 место - id741215553Слава Есин уходит с авторской настойкой от id276581559Ивана 2 место - id564243638Александр Евсеев выигрывает единственную в своем роде кастомную кружку иканама 1 место - id393138900Наташа Юн получает 100 кешбэк за проходку! Поздравляем всех победителей,https://vk.com/wall-130344439_5538,пост
5538,1,Post 5538 (2024-09-05 20:11:40),"! Поздравляем всех победителей! Также напоминаем, что еще не поздно запрыгнуть в последний вагон и приобщиться к, возможно, самому легендарному мероприятию иканама Сбербанк сбор - Тинькофф сбор - 79781249606 Тинькофф Волков Иван Дмитриевич Адрес м",https://vk.com/wall-130344439_5538,пост
5538,2,Post 5538 (2024-09-05 20:11:40),". Площадь Ильича, Самокатная 4с19. Будет отдельный пост про маршрут в день лофта, а первокурсникам обеспечим сопровождение в дань традиции По всем вопросам к id276581559Ване и id356485211Алине , до встречи уже завтра!",https://vk.com/wall-130344439_5538,пост
5539,0,Post 5539 (2024-09-06 12:23:25),"Внимание, внимание Тот самый вечер уже близко, и мы готовы напомнить, что лофт состоится уже сегодня! Итак, коротко о главном 1. Время 1900 - 140 2. Место Самокатная 4с19",https://vk.com/wall-130344439_5539,пост
5539,1,Post 5539 (2024-09-06 12:23:25),". Варианты маршрута до места можно посмотреть на приложенных фотографиях Важно Как и всегда, категорически запрещено подходить к музыкальному оборудованию с напитками диджей не оценит ваш энтузиазм в перемешивании звуков и алкоголя! Несмотря на это, приходить со своим алкоголем можно",https://vk.com/wall-130344439_5539,пост
5539,2,Post 5539 (2024-09-06 12:23:25),"! Для приобретения можете обратиться в кб, отмеченный на карте Тем, кто не решился присоединиться к нам, напоминаем, что еще не поздно передумать Сбербанк сбор - Тинькофф сбор - 79781249606 Тинькофф Волков Иван Дмитриевич По всем вопросам к id276581559Ване и id356485211Алине Приходите в отличном настроении будет жарко!",https://vk.com/wall-130344439_5539,пост
5540,0,Post 5540 (2024-09-07 21:10:26),"Пост потеряшек, друзья Если вы что-то нашли или потеряли, но очень хотите вернуть - пишите в комменты с прикреплением фото Всем добра! P.S. вообще у нас собралась коллекция дезодорантов и перцовка, если кто-то сильно хочет вернуть тоже пишите хз",https://vk.com/wall-130344439_5540,пост
5540,0,Post 5540 (2024-09-07 21:10:26),"Тут отправили фото, Также была утеряна вот такая сумка Очень надеемся, что кто-нибудь все же вернёт её владельцу, Шейкер никто не забирал?",https://vk.com/wall-130344439_5540,комментарий
5552,0,Post 5552 (2024-09-11 16:05:08),"Всем привет! Ищем в команду PepsiCo толкового middle дата саентиста. Команда хорошая, отзывчивая, дружная",https://vk.com/wall-130344439_5552,пост
5552,1,Post 5552 (2024-09-11 16:05:08),". Позиция middle data scientist Куда отдел цифровой трансформации Пепси Формат работы гибрид, офис метро Сокол, можно и удаленно из РФ ЗП обсуждается на собеседовании, но компания опирается на рынок Основные обязанности - Анализ больших данных с помощью регрессионных моделей, A-B тестирования",https://vk.com/wall-130344439_5552,пост
5552,2,Post 5552 (2024-09-11 16:05:08),", A-B тестирования, решения задач кластеризации - Прогнозирование с помощью моделей машинного обучения - Участие в подготовке отчетных презентаций для бизнеса - Участие в аналитических проектах совместно с другими отделами Требования - Умение работать с данными подготовка, очистка, отбор признаков и тд - Знание классических ML-моделей",https://vk.com/wall-130344439_5552,пост
5552,3,Post 5552 (2024-09-11 16:05:08),", будет преимуществом знание продвинутого ML - Желателен опыт работы в схожих проектах от 1 года - Уверенные знания в областях линейная алгебра, статистика, методы оптимизации, теория вероятности - Уверенное знание английского языка - Уверенное знание Python и основных библиотек для работы с данными и ML numpy, pandas, scipy, xgboost",https://vk.com/wall-130344439_5552,пост
5552,4,Post 5552 (2024-09-11 16:05:08),", pandas, scipy, xgboost, catboost и тд - Будет большим преимуществом умение работать с azure databricks Резюме можно отправлять в тг DorAnastasia или в личные сообщение ВК",https://vk.com/wall-130344439_5552,пост
5553,0,Post 5553 (2024-09-11 23:02:30),Осень обретает хмурые черты накатил сентябрь накати и ты Через неделю приглашаем всех на мегаламповое мероприятие иканамовский послекапустник в парке школьников 20 сентября 1900 у 4 кпп Ждем вас на последних теплых днях осени Рекомендуется взять что-то с собой из напитков Мы постараемся не выгонять старшиков с мероприятия,https://vk.com/wall-130344439_5553,пост
5557,0,Post 5557 (2024-09-19 13:00:01),"ДО ПОСВЯТА 23 ДНЯ Ну что, все отошли от лофта?? Голова перестала болеть и тело вновь просит праздника? Тогда хотим вас обрадовать - мы анонсируем без преувеличений самое главное мероприятие Иканама, легенды о котором передаются из уст в уста долгие и долгие годы.",https://vk.com/wall-130344439_5557,пост
5557,1,Post 5557 (2024-09-19 13:00:01),".. В общем ура, товарищи! Посвяту быть, мы задумали и приготовили много всего крутого, большую часть которого вы узнаете только если придёте, а часть и вовсе каждый раз остаётся загадкой. Также есть хорошие новости! Мы постарались сделать посвят настолько доступным, насколько это возможно, чтобы каждый желающий узнать, что такое 24 ЧАСА ЧЕЛЛЕНДЖ В ПОДМОСКОВЬЕ, смог себе это позволить",https://vk.com/wall-130344439_5557,пост
5557,2,Post 5557 (2024-09-19 13:00:01),". Эльвира Сахипзадовна своей процентной ставкой отменила инфляцию и вернула цены на проходку из 2022 года, а то и раньше! И не волнуйся о том, как добраться 50 самых быстрых в плане сборов первашей доставит наш автобус с Юго-Западной прямо до посвята! Когда с 1800 12 октября до 1200 13 октября Где Деревня Благовещенка, ул",https://vk.com/wall-130344439_5557,пост
5557,3,Post 5557 (2024-09-19 13:00:01),". Весенняя, дом 1 Стоимость 3599 рублей для первых 80 человек, дальше 3999 рублей. Для первокурсников стоимость не поднимается",https://vk.com/wall-130344439_5557,пост
5557,4,Post 5557 (2024-09-19 13:00:01),". Для первокурсников стоимость не поднимается. За что вы отдадите эту сумму - расскажем в следующих постах, но для тех, кто и так знает, что этот праздник жизни не может пройти мимо него размещаем сборы Тинькофф Сбер Все деньги, которые скидываются без подписи ФИ и КУРСа будут распилены и пропиты, берегите печень организаторов По всем вопросам обращайтесь к id276581559Ваньку и id356485211Алине",https://vk.com/wall-130344439_5557,пост
5559,0,Post 5559 (2024-09-20 10:57:13),ПАРК ПАРК ПАРК Напоминаем! всеобщий сбор сразу после концерта айовы в ранхе в 1900 у 4 кпп в 1920 парк школьников в том самом месте,https://vk.com/wall-130344439_5559,пост
5559,0,Post 5559 (2024-09-20 10:57:13),"id24431392Глеб Шульженко, Капустники уже не те, Ноль куплетов Русского поля экспериментов - ставлю дизлайк",https://vk.com/wall-130344439_5559,комментарий
5567,0,Post 5567 (2024-09-23 20:00:01),"ДО ПОСВЯТА 19 ДНЕЙ Итак, друзья, время немного рассказать вам о том, что же будет происходить на самом масштабном и историческом мероприятии всего Иканама - Посвяте 2024 года",https://vk.com/wall-130344439_5567,пост
5567,1,Post 5567 (2024-09-23 20:00:01),". Вы ждали, вы спрашивали ещё в августе - наше дело всё подробно рассказать! Если погрузиться в историю, то посвят всегда выделялся на фоне остальных тусовок своим наполнением, глубокой предысторией и теми самыми традициями, наиболее ярко выражающимися именно там",https://vk.com/wall-130344439_5567,пост
5567,2,Post 5567 (2024-09-23 20:00:01),". Попадая в коттедж, ты переносишься в абсолютно другой мир, далёкий от повседневной суеты, где главные герои вечера в лице первокурсников монументально, окончательно и бесповоротно присоединяются к числу студентов отделения экономики",https://vk.com/wall-130344439_5567,пост
5567,3,Post 5567 (2024-09-23 20:00:01),". Позже пути в жизни многих 60 по старой статистике могут разойтись, однако, после пережитого вместе, частью нашей семьи вы останетесь навсегда! Посвят - это воспоминания, это бесценные эмоции, это неповторимое событие студенческих лет, остающееся в памяти или, на крайний случай опьянения, в легендах",https://vk.com/wall-130344439_5567,пост
5567,4,Post 5567 (2024-09-23 20:00:01),". Пусть само мероприятие проводится уже порядка 15 лет, однако каждый раз - это нечто абсолютно уникальное. Продублируем основную информацию Когда с 1800 12 октября до 1200 13 октября Где Деревня Благовещенка, ул. Весенняя, дом 1 25 минут на автобусе от станции метро Пятницкое шоссе Стоимость 3599 рублей для первых 80 человек, дальше 3999 рублей. Для первокурсников стоимость не поднимается",https://vk.com/wall-130344439_5567,пост
5567,5,Post 5567 (2024-09-23 20:00:01),". Для первокурсников стоимость не поднимается. И что же конкретно вы получите за свои 3599 рублей? - Бар со всевозможными алко- и безалкогольными коктейлями, расширенной барной картой, которая, в купе с нашими барменами, постараются удовлетворить все ваши хотелки - Куча еды! Всё от мяса и хотдогов до снеков и салатов",https://vk.com/wall-130344439_5567,пост
5567,6,Post 5567 (2024-09-23 20:00:01),". Приложим все усилия, чтобы вплоть до утра никто не остался голодным! - Шикарный коттедж на 4 этажа он самый на фото с кучей плюшек в виде сауны на 4 часа, бассейна, бильярда, настольного тенниса, кучи спальных мест и многого-многого другого - Традиционные и не совсем конкурсы для первокурсников, раздача подарков на спавне",https://vk.com/wall-130344439_5567,пост
5567,7,Post 5567 (2024-09-23 20:00:01),". Даже для старших курсов мы максимально наполним вечер событиями, чтобы каждый мог от души повеселиться - Бесценные воспоминания и истории, чтобы через много лет травить первокурсникам байки о том, как на иканаме сломали дверь, сожгли стул, затопили дом..",https://vk.com/wall-130344439_5567,пост
5567,8,Post 5567 (2024-09-23 20:00:01),". - Трансфер от Юго-Западной до места встречи на огромном автобусе для 50ти первокурсников, расставшихся со своими кровными раньше всех! К слову, места потихоньку расходятся, так что не затягивайте с решением! Даже если вы были на посвятах раньше, сильно постараемся вас порадовать и удивить чем-то новым",https://vk.com/wall-130344439_5567,пост
5567,9,Post 5567 (2024-09-23 20:00:01),". Ну а чем конкретно - либо узнаете в следующих постах, либо только посетив нашу скромную обитель. Как водится говорить - то, что было на посвяте, остаётся на посвяте..",https://vk.com/wall-130344439_5567,пост
5567,10,Post 5567 (2024-09-23 20:00:01),". Дублируем сборы для тех, кто готов присоединиться Т-банк Сбер Настоятельно просим подписывать ФИО и курс во избежание лютого распила ваших средств! id276581559Ваня и id356485211Алина открыты ко всем темам для диалога кроме колка по линалу",https://vk.com/wall-130344439_5567,пост
5567,0,Post 5567 (2024-09-23 20:00:01),"умоляю, только не уколовка в пятилитровках вместо воды, Туалеты, ждите, Сочувствую теннисному столу. Жаль этого добряка, не вижу стульев, шашлыков не будет?",https://vk.com/wall-130344439_5567,комментарий
5568,0,Post 5568 (2024-09-24 10:40:46),Кто-нибудь из студентов хочет поучаствовать? Создается студсовет при минобразовании.,https://vk.com/wall-130344439_5568,пост
5579,0,Post 5579 (2024-09-27 20:23:53),"ATTENTION КОНКУРС Время неумолимо бежит вперёд, а это значит, что ПОСВЯТ ВСЕ БЛИЖЕ и пришло самое время для традиционного конкурса мемов. Старички уже знают, что к чему, а для новоприбывших объясним в чем тут вся суть Правила просты - вам нужно создать МЕМ не важно видео или картинку как-либо связанный с Иканамом",https://vk.com/wall-130344439_5579,пост
5579,1,Post 5579 (2024-09-27 20:23:53),". Тематика может быть любая - от шуток над учебными дисциплинами и преподавателями до постиронии над мероприятиями нашего дорого комьюнити. Победителя выясняем в ходе двух голосований первое на стене группы, второе среди организаторов",https://vk.com/wall-130344439_5579,пост
5579,2,Post 5579 (2024-09-27 20:23:53),. Голоса будут учтены в соотношении 7030 Самые смешные картинки украсят стены коттеджа на нашем скромном мероприятии так что насладиться творчеством конкурсантов можно будет и вживую А теперь самая сладкая и вкусная часть - призы 1 место. 50 скидки на проходку на посвят для вас и вашего друга 2 место. Кастомный шоппер или не менее уникальная сковорода 3 место,https://vk.com/wall-130344439_5579,пост
5579,3,Post 5579 (2024-09-27 20:23:53),". 25 скидки на проходку на посвят Конкурс будет проводится для первокурсников и для старшекурсников отдельно, а значит призов будет не 3, а целых 6. Однако стоит учесть, что все ништяки победители смогут получить исключительно 12 октября в деревне Большаково по адресу ул.Весенняя д.1 ДЕДЛАЙН 4 октября 2300 Мемы присылать id314828807Даше",https://vk.com/wall-130344439_5579,пост
5584,0,Post 5584 (2024-10-02 20:04:31),"дураки вы. дураки., Гигантская клизма или Сэндвич с дерьмом опять схлестнулись",https://vk.com/wall-130344439_5584,комментарий
5591,0,Post 5591 (2024-10-05 00:02:52),"Иканам - вместе. Иканам - 0 чаевых. ____________ Ребят очень круто, очень весело, но я пошёл домой С Степа Уколов",https://vk.com/wall-130344439_5591,пост
5594,0,Post 5594 (2024-10-05 19:15:41),"Посвята не будет. Друзья, наступил черный день календаря для всего сообщества - впервые за большое количество лет несения традиций мы отменяем посвят. Окончательно и бесповоротно. Почему? Это просто перестало быть интересным людям со старших курсов, что напрямую противоречит самой сути сообщества",https://vk.com/wall-130344439_5594,пост
5594,1,Post 5594 (2024-10-05 19:15:41),". Дело не столько в денежном вопросе хотя и в нем тоже огромная часть проблемы, сколько в том, что посвят надо продавать всем кому не попадя и даже тем, кому это не надо, что не слишком приятно. Единственное, что останавливало нас последние пару недель - желание придумать альтернативу, пусть и не самую изящную, и она нашлась",https://vk.com/wall-130344439_5594,пост
5594,2,Post 5594 (2024-10-05 19:15:41),". Просим прощения у всех, кто ждал, верил и надеялся, мы с вами в одной лодке и до сих пор проходим стадию депрессии в принятии отмены посвята. Все средства будут возвращены в полном объеме! Сборы Закрыты По поводу шашлыков и возврата средств писать id276581559Ване P. S",https://vk.com/wall-130344439_5594,пост
5594,3,Post 5594 (2024-10-05 19:15:41),". S. Все, кто участвовал в конкурсе мемов, огромные молодцы! Всех постараемся вознаградить рарными призами и выложим всё лучшее в следующих постах P. P. S. Ждем срача в комментах..",https://vk.com/wall-130344439_5594,пост
5594,0,Post 5594 (2024-10-05 19:15:41),"у меня дежавю, Полный гоол! Губами! Гойда!, каждый раз как в первый, просрали эконом, F, Капец, Тут отправили фото, Мы все еще верим, что это мощный прогрев., Тут отправили фото, Тут отправили фото, Тут отправили фото, А как же., Черный день еканама, Тут отправили фото, Тут отправили фото, Тут отправили фото, Посвят иканама. 2009-2023 Помним. Любим..",https://vk.com/wall-130344439_5594,комментарий
5594,1,Post 5594 (2024-10-05 19:15:41),". 2009-2023 Помним. Любим. Скорбим., А почему не сделать посвят для тех, кто сдал, но просто с меньшим масштабом и по-семейному ?, Лофты размыли ценность посвята",https://vk.com/wall-130344439_5594,комментарий
5594,2,Post 5594 (2024-10-05 19:15:41),". Зумеры предпочитаю быстрые эмоции на один вечер яркому смакованию ночной вакханалии посвята и неумолимой жажды следующего посвята в течение следующих 365 дней, Просрали эконом 2, Эконом может и просрали, зато ikanam-ai растет и процветает! Нас заметили уже крупные ребята из Raft, сводили перваков на хакатон и ожидается еще больше новых проектов",https://vk.com/wall-130344439_5594,комментарий
5594,3,Post 5594 (2024-10-05 19:15:41),". Скорее подписываемся на Это последний оплот студпассива!, Бумеры заиуинили гады, Шутки,что посвята больше не будет,не шутки, Пиздюки все просрали, но виноваты старшекурсники Организаторов на вилы, Почитал комменты, как тв включил, какая-то политика одна",https://vk.com/wall-130344439_5594,комментарий
5594,4,Post 5594 (2024-10-05 19:15:41),". Еще старшие виноваты, Организаторы не смогли в юнит-экономику посвята -Это все потому что старшакам стало не интересно Кек, Скок надо денег чтобы посвят состоялся?",https://vk.com/wall-130344439_5594,комментарий
5624,0,Post 5624 (2024-10-05 23:22:38),"Дорогой Мартин Алексеевич. одевает белое пальто Пишу как моральный богач, чел, инвестированный во весь иканамский движ с момента 03.10.2021 - моего первого посвята, на который я иронично попал, сделав мем про оргов, которые прогревают наивных людей сказками на сей мероприятие После чего я переобулся, и понеслась.",https://vk.com/wall-130344439_5624,пост
5624,1,Post 5624 (2024-10-05 23:22:38),".. паблики с мемами и 99 других карьерки подкасты заорганный посвят нашего года с его минусами, плюсами и выбитыми дверьми и, наверное, венец существования на Иканаме - ikanam-ai, его участниками стали более 20 человек",https://vk.com/wall-130344439_5624,пост
5624,2,Post 5624 (2024-10-05 23:22:38),". Настолько эффективный проект, с которого мы вынесли с победах на хаках лям денег Наши тимы уже начали банить на соревнованиях и там сделано под 20 проектов всех ребят напрямую рекрутируем с Иканама Также кому-то старался помогать советом, некоторым с работой, но всегда открыт ко всему движу на Иканаме А также у меня phd по срачам на Иканаме и грамота за охоту на ведьм..",https://vk.com/wall-130344439_5624,пост
5624,3,Post 5624 (2024-10-05 23:22:38),". снимает белое пальто Сегодня я хотел провести спокойно вечер, попивая бамбл из яндекс лавки, но лс разразило 10 сообщений с трясками от всех людей и пост на Иканаме, который все видели.",https://vk.com/wall-130344439_5624,пост
5624,4,Post 5624 (2024-10-05 23:22:38),". как говорится почему проебаны полимеры Ну давай разберем по частям, тобою написанное 1 Каждый год за неделю до посвята у оргов начинается дикая тряска, что никто не сдает деньги, хотя по формуле Михаила Макава - орги должны минимум выйти в дикий плюс с плотным попилом Это было и в 2021 и в 2022 и в 2023 и похоже в этом году Как правило, это должно заставить оргов шевелиться и чета делать",https://vk.com/wall-130344439_5624,пост
5624,5,Post 5624 (2024-10-05 23:22:38),", кто-то начинал делать кучу постов, объяснять первакам как они слабы в студпассиве в наш год мы составили огромную эксельку с каждым человеком на иканаме и выпрашивали прайс, исходя из которого он сможет сдать деньги В этом году в вк стало более 1к подписчиков и каждый год добавляется по 100 новых людей, потенциальных участников посвята, работайте с полимерами",https://vk.com/wall-130344439_5624,пост
5624,6,Post 5624 (2024-10-05 23:22:38),", работайте с полимерами, было бы желание 2 Все старики выпускники сдают обычно в последний день",https://vk.com/wall-130344439_5624,пост
5624,7,Post 5624 (2024-10-05 23:22:38),". Это не бином ньютона, а ежегодные факты которые известны всем кто что-то оргал Окончательно и бесповоротно. Почему? Это просто перестало быть интересно людям со старших курсов, что напрямую противоречит самой сути сообщества",https://vk.com/wall-130344439_5624,пост
5624,8,Post 5624 (2024-10-05 23:22:38),". На нашем посвяте старики сдавали деньги вообще как только пригоняли на посвят день в день Сейчас я увидел, что за меня и всех моих знакомых и друзей решили что им не интересен посвят ну как бы эээ меня даже не спросили и никого из нас очень прохладная история Мы написали в наш год вообщем ВСЕМ людям на иканаме лол 3 Если старший курс это 4 - то я вообще смеюсь в голос",https://vk.com/wall-130344439_5624,пост
5624,9,Post 5624 (2024-10-05 23:22:38),", люди расплатились тока в феврале за разбитый унитаз",https://vk.com/wall-130344439_5624,пост
5624,10,Post 5624 (2024-10-05 23:22:38),". Обвинять их что им не интересен посвят, то вкину - у них другое мнение, но вы опять же не спрашивали ничего у них Если 3 курс не сдает на орг своего посвята, то хз почему вы обвиняете других обычно сумму и кол-во делают на 40-50 человек перваков и примерно столько же всех остальных У вас какие-то заоблачные представления о людях, которые должны гнать на посвят 4 как потопающи",https://vk.com/wall-130344439_5624,пост
5624,11,Post 5624 (2024-10-05 23:22:38),", которые должны гнать на посвят 4 как потопающи, так и полопающи Далее, если ты берешь ответственность на себя, проводя 3 лофта и навариваясь с них лофты всегда прибыльны или вы их неправильно оргаете - будь готов вложиться морально, временем и, возможно",https://vk.com/wall-130344439_5624,пост
5624,12,Post 5624 (2024-10-05 23:22:38),", временем и, возможно, финансово на посвят Что я увидел левым глазом - 0 карьерок проведенных оргами - 0 парков проведенных оргами кроме момента когда Степа Уколов перепутал hahaha1218 с пабликом Иканама и написал го парк - 0 каких-то вещей кроме дайте деняк дайте деняк мы крутые мутные движи",https://vk.com/wall-130344439_5624,пост
5624,13,Post 5624 (2024-10-05 23:22:38),", связанные студактивом студактив хуйня для даунов кста - 0 мерча и вообще чего либо - иллюстрация из мема хаха я долб",https://vk.com/wall-130344439_5624,пост
5624,14,Post 5624 (2024-10-05 23:22:38),". посмотрите на меня. парень но ты же сам написал - место для лофта как в наш год - дом для посвята как в наш год то есть обвинять кого-то, что он не заинтересован в движе прости госпади старшиков когда сам 0 в креатив - ну такое себе ну это все лирика - наставление будущим годам, кто не будет одевать клоунский нос и говорить лол посвят закрывается лол традициям конец -------------------- P.S",https://vk.com/wall-130344439_5624,пост
5624,15,Post 5624 (2024-10-05 23:22:38),".S. отменять посвят для перваков - самое большое преступление против Иканама P.P.S. готов помочь финансово и организационно в любых масштабах другим ребятам, кто захочет провести посвят в этом году при определенных договоренностяхсдвиге сроков закидывать денег тем у кого были возможности что-то делать, но ничего не делалось - желания нет пишите в лс P.P.P.S",https://vk.com/wall-130344439_5624,пост
5624,16,Post 5624 (2024-10-05 23:22:38),".P.P.S. Иканам все еще SOTA в ранхе и России -------------------- Только проебав посвят, ты по-настоящему понимаешь что такое свобода от тарталеток с картошкой",https://vk.com/wall-130344439_5624,пост
5624,0,Post 5624 (2024-10-05 23:22:38),"возвращаем эконом, База, , А кто сказал что посвят отменяется?, Тут отправили фото, Разъебал, 2023-2023 можем повторить, Тут отправили фото, мне аж на посвят захотелось, А с какой целью это существует",https://vk.com/wall-130344439_5624,комментарий
5624,1,Post 5624 (2024-10-05 23:22:38),"? Мне кажется место личным конфликтам, посвящением в главные преступники иканама и клоуны всё же больше в личных сообщениях в отличие от содержательных предложений в самом конце поста Доказывать свою позицию я не буду, меня споры в интернете не интересуют",https://vk.com/wall-130344439_5624,комментарий
5624,2,Post 5624 (2024-10-05 23:22:38),". Буду рад, если идея окажется жизнеспособной, всё же одним делом живём, Пост вранья. Мне деды кидали за посвят за неделю до или даже раньше, наверное те кто выпрашивал с них бабки уже достали, Автор поста посвят без возврата бабок за помощь не делал, Эконом спёкся уже как несколько лет. Хоронить давно пора",https://vk.com/wall-130344439_5624,комментарий
5624,3,Post 5624 (2024-10-05 23:22:38),". Хоронить давно пора. А то некоторые думают, что мертво умереть не может Зачем устраивать посвят только с целью отметить др Филиппа?",https://vk.com/wall-130344439_5624,комментарий
5643,0,Post 5643 (2024-10-06 02:23:45),"Давайте конкурс мемов на эту тему, , Один год провала, не означает конец иканама, Какой иканам мёртв, я на0уя ikanam tube пишу??, А при чем тут орги 2020, мы вообще не в теме",https://vk.com/wall-130344439_5643,комментарий
5657,0,Post 5657 (2024-10-07 18:40:38),"Скандалы-скандалами, а не отметить блестящую работу наших мемоделов! Участников конкурса мемов оказалось не так уж и много, но за такую самоотверженность, несмотря на отмену мероприятия в изначальном ключе, мы постараемся вознаградить каждого, чьи работы будут представлены! Для начала просим к созерцанию и восторжению работы старших курсов",https://vk.com/wall-130344439_5657,пост
5664,0,Post 5664 (2024-10-10 18:00:07),"Лофта не будет. Друзья, черная полоса в жизни сообщества продолжается. Впервые за годы несения традиций мы отменяем зимний лофт. Окончательно и бесповоротно",https://vk.com/wall-130344439_5664,пост
5664,1,Post 5664 (2024-10-10 18:00:07),". Окончательно и бесповоротно. Почему? Все силы и ресурсы направлены на другое мероприятие - на ПОСВЯТ Второкурсники, только вступившие в должность организаторов, совместно с оргами прошлых лет провели общий созвон, на котором решили, что посвят крайне обязателен, без этого ежегодного события Иканам - не Иканам",https://vk.com/wall-130344439_5664,пост
5664,2,Post 5664 (2024-10-10 18:00:07),". Впервые за всю историю существования данного мероприятия на нашем отделении в его спасении участвуют столько поколений одновременно! Все это ради 15-го ЮБИЛЕЙНОГО посвята Для первого курса это возможность стать частью нашего дружного комьюнити, продолжать творить великую историю Иканама",https://vk.com/wall-130344439_5664,пост
5664,3,Post 5664 (2024-10-10 18:00:07),". Это участие в уникальном обряде посвящения, после которого вы навсегда становитесь членом большой семьи! Все традиции, разумеется, будут соблюдены Для старших курсов и дедов отделения это повод не только лампово провести время в приятной компании близких по духу людей, но и отдать дань уважения традициям в этот юбилейный 15-ый год",https://vk.com/wall-130344439_5664,пост
5664,4,Post 5664 (2024-10-10 18:00:07),". Рады видеть все поколения в этот знаменательный день! Подробная информация будет в следующих постах, ориентируйтесь на конец ноября - начало декабря. Уходим плотно работать и отмечать легендарное спасение посвята таким количеством неравнодушных людей Иканам жив и будет жить вопреки всему, посвяты тоже",https://vk.com/wall-130344439_5664,пост
5664,0,Post 5664 (2024-10-10 18:00:07),"Просрали эконом 3, Лофты иканама. 2019-2023 Помним. Любим. Скорбим., Тут отправили фото, Посвяты размыли ценность лофтов",https://vk.com/wall-130344439_5664,комментарий
5664,1,Post 5664 (2024-10-10 18:00:07),". Бумеры предпочитают томное смакование ночной вакханалии посвята и неумолимой жажды следующего посвята в течение следующих 365 дней быстрым эмоциям на один вечер, У меня дежавю, Реально в первый раз, Организация лофта провалилась полностью, Зачем посвят от тех, кто не знает что такое послепосвят., Увольте маркетолога, хватит уже этих прогревов.",https://vk.com/wall-130344439_5664,комментарий
5676,0,Post 5676 (2024-10-11 17:42:17),"Всем привет. Ищем аналитика данных в лабораторию нейронаук и поведения человека Сбера Кому может быть актуально, резюме и свои вопросы кидайте мне в телегу",https://vk.com/wall-130344439_5676,пост
5681,0,Post 5681 (2024-10-22 22:00:00),"Посвят все ближе. Настало время немного рассказать о его традициях, о том, что из года в год создает ту самую иканамовскую атмосферу праздника и сплочает всех тех, кто приехал в дом Начать стоит с самого главного - обряда посвящения. О нем знают уже все, даже студактив",https://vk.com/wall-130344439_5681,пост
5681,1,Post 5681 (2024-10-22 22:00:00),". О нем знают уже все, даже студактив. Однако мы не можем не упомянуть еще раз этот ритуал единения иканамовских душ, во время которого вас охватят незабываемые эмоции, а после останутся теплые воспоминания, укрепляющие связь с нашим дружным комьюнити. Стоит один раз принять участие в обряде, и вы навсегда останетесь членом большой семьи",https://vk.com/wall-130344439_5681,пост
5681,2,Post 5681 (2024-10-22 22:00:00),". Помимо этого для первокурсников каждый год проводятся конкурсы, на которых разыгрывают различные атрибуты Иканама. Но главная цель проведения таких конкурсов - создать для вас возможность поработать в команде, лучше узнать друг друга",https://vk.com/wall-130344439_5681,пост
5681,3,Post 5681 (2024-10-22 22:00:00),". Мы хотим, чтобы в ходе их прохождения каждый из вас нашел своих бро среди всего потока, если ранее этого не произошло Следующей традицией и правилом ! является разнос танцпола! Помимо прочего, посвят - большая тусовка, на которой вы просто обязаны культурно отдохнуть",https://vk.com/wall-130344439_5681,пост
5681,4,Post 5681 (2024-10-22 22:00:00),". Отбросьте свои страхи и идите выпускать накопившийся негатив, танцуя и крича песни почти охрипшим голосом Конечно мы помним о традиции мариновать первокурсников на улице, не пуская их в дом некоторое время",https://vk.com/wall-130344439_5681,пост
5681,5,Post 5681 (2024-10-22 22:00:00),". Таким образом подогревается интерес к мероприятию, разжигаются эмоции, которые так необходимы для выполнения предыдущего пункта Однако, к нашему сожалению и вашему счастью, на ближайшем посвяте такого не будет. Даты его проведения сдвинулись, и держать вас на улице на таком холоде было бы жестоко. Кстати, выпускники нашего отделения до сих пор помнят как это было",https://vk.com/wall-130344439_5681,пост
5681,6,Post 5681 (2024-10-22 22:00:00),". Ниже представлены ответы Димы Пулина на несколько наших вопросов о посвяте P.S. - канал ваших оргов там вы можете видеть наши посты раньше остальных, а также наблюдать за другим ярким и интересным контентом",https://vk.com/wall-130344439_5681,пост
5681,0,Post 5681 (2024-10-22 22:00:00),"А че, иканам теперь плодится почкованием по разным группам? Это 8ая или 10ая группа?, Мммммм, история повторяется",https://vk.com/wall-130344439_5681,комментарий
5686,0,Post 5686 (2024-10-29 13:00:10),"Всем привет! Есть вакансия, актуальна для тех, кто пошел по ветке манагеров, а не по ветке этих ваших дата сатанистов Ищем к нам в команду Service Request и Delivery Manager, если заинтересованы - пишите в телегу irinburko ну или мне в личку ldred - дадим полное описание вакансии, сюда не помещается",https://vk.com/wall-130344439_5686,пост
5686,1,Post 5686 (2024-10-29 13:00:10),". Что делать вместе с лидами аналитики нужно много общаться с бизнесом и управлять командой аналитики бэклог, встречи команды Что нужно Умение очень хорошо общаться, объяснять сложные вещи простыми словами, понимание agile и работа с фреймворками scrumkanban как плюс Что предлагаем есть полная удаленка, платим как middlesenior продакту есть еще квартально-годовой бонус",https://vk.com/wall-130344439_5686,пост
5686,2,Post 5686 (2024-10-29 13:00:10),", в сумме получается 40 процентов от годового оклада",https://vk.com/wall-130344439_5686,пост
5688,0,Post 5688 (2024-10-30 20:00:01),"Друзья, хотим напомнить о том, что Иканам - место не только для тусовок, но и для обмена знаниями и опытом. Пока идет активная подготовка к посвяту, мы проводим еще одно мероприятие - долгожданную КАРЬЕРНУЮ ПЯТНИЦУ Приглашенные выпускники расскажут вам про свой тернистый карьерный путь, поделятся ценным опытом в поиске работы и стажировок",https://vk.com/wall-130344439_5688,пост
5688,1,Post 5688 (2024-10-30 20:00:01),". Из первых уст вы услышите удивительные и просто забавные истории ребят, пришедших к успеху На карьерке вы сможете задать интересующие вас вопросы нашим спикерам, перенять опыт, который будет полезен вам в будущем. Вы получите огромную дозу вдохновения и станете более уверены в своих силах",https://vk.com/wall-130344439_5688,пост
5688,2,Post 5688 (2024-10-30 20:00:01),". Без порции хихи-хаха вас тоже никто не оставит В общем, уйдете заряженными За мотивацией и хорошо проведенным временем приходить сюда дата 16 ноября время 1330 место 5-327 в нашем любимом ранхе Ждем всех на карьерке! Канал ваших оргов",https://vk.com/wall-130344439_5688,пост
5690,0,Post 5690 (2024-11-05 20:00:01),"ПОСВЯТ ПОСВЯТ ПОСВЯТ Это не ложная тревога, это официальный анонс! Скажем еще раз посвят всегда выделялся на фоне других мероприятий, и этот раз не станет исключением. Это не просто тусовка, это шаг в мир традиций, передающихся из поколения в поколение. Зайдя в дом, вы окунетесь в атмосферу таинства и единства, станете частью великой истории и нашего тайного общества",https://vk.com/wall-130344439_5690,пост
5690,1,Post 5690 (2024-11-05 20:00:01),". Вы получите незабываемые эмоции, проходя наши испытания, приготовленные специально для вас",https://vk.com/wall-130344439_5690,пост
5690,2,Post 5690 (2024-11-05 20:00:01),". Пусть эта часть останется загадкой Что вас ждет в нашем доме помимо основной программы? вкусная еда и широкое барное меню, чтобы никто не остался голодным и трезвым нон-стоп музыка от диджея, подобранная по вашим предпочтениям бассейн с лаунж-зоной, чтобы все оценили ваш красивый купальник Куда, когда, и сколько деняк? дата и время 30 ноября 1830 адрес Одинцовский городской округ, пос",https://vk.com/wall-130344439_5690,пост
5690,3,Post 5690 (2024-11-05 20:00:01),". Горки-2, Знаменское поле тер., улица Первая, 30 цена 3900р для первого курса, 4300р для остальных Тиньк - Сбер - Если возникают сложности 79684379630 - Михаил Ч. тиньксбер подписывайте ФИ и курс во избежание распила ваших кровных По всем вопросам С нетерпением ждем всех в этот знаменательный день!",https://vk.com/wall-130344439_5690,пост
5692,0,Post 5692 (2024-11-06 13:34:15),"Всем хеллоу! Есть вакансии Есть варианты и для опытных, и для начинающих дата саентистов и аналитиков HR закручивают гайки и не дают публиковать вилки, но всегда есть getmatch где можно рыночные вилки посмотреть солидный квартально-годовой бонус в 40 от годовой зп прилагается Условия ниже во вложении описание команд Всем привет",https://vk.com/wall-130344439_5692,пост
5692,1,Post 5692 (2024-11-06 13:34:15),! Мы - команда анализа данных и машинного обучения в Х5 Tech - планируем проводить оффлайн-мероприятие Weekend Offer для DSMLDA 16 и 17 ноября,https://vk.com/wall-130344439_5692,пост
5692,2,Post 5692 (2024-11-06 13:34:15),". Что за мероприятие? Weekend Offer - это возможность получить оффер в Х5 Tech за 2 дня. Необходимо до 14 ноября пообщаться с нашим рекрутером в tg alinchauu 16-го ноября пройти 2 этапа технических финальное интервью оффлайн в Москве, а 17-го онлайн мы презентуем оффер. Узнать подробности про наши команды и продукты можно в презентации",https://vk.com/wall-130344439_5692,пост
5692,3,Post 5692 (2024-11-06 13:34:15),". Будем рады, если заинтересуетесь, и также готовы ответить на вашим вопросы",https://vk.com/wall-130344439_5692,пост
5694,0,Post 5694 (2024-11-06 19:00:01),"Барабанная дробь КОНКУРС Из года в год перед посвятом по традиции проводится конкурс, в котором разыгрываются различные призы. Последние несколько лет наше сообщество дружно создавало мемы, однако в этот раз мы решили возродить ШЕСТИГРАННИКИ Что нужно сделать? Создать свою картинку, помещенную в шестиугольную рамочку. Это может быть как мем, так и высокоинтиллектуальное творчество",https://vk.com/wall-130344439_5694,пост
5694,1,Post 5694 (2024-11-06 19:00:01),". В общем все то, из чего позже можно будет сделать наклейки и стикеры Примеры работ на фото Зачем вам участвовать в этом? Призы",https://vk.com/wall-130344439_5694,пост
5694,2,Post 5694 (2024-11-06 19:00:01),"! Для первого курса место - бесплатная проходка на посвят место - допы с Мишей Черненко по мат дисциплинам до конца сессии благодаря ему наш поток все еще не отчислен в фулл составе место - медляк на посвяте с Саней Евсеевым, всеми любимым оргом Для всех остальных одно призовое место кастомная бутылка с горячительным напитком от ваших оргов Работы принимаются до 2359 15",https://vk.com/wall-130344439_5694,пост
5694,3,Post 5694 (2024-11-06 19:00:01),".11. Далее - всеобщее иканамовское голосование. Промежуточные результаты будут известны 20.11, итоги и список победителей - 25.11. Картинки присылать По секрету в нашем тг-канале призов больше Желаем удачи каждому",https://vk.com/wall-130344439_5694,пост
5695,0,Post 5695 (2024-11-09 18:33:07),"АЛАРМКАРЬЕРКА Напоминаем, что уже через неделю состоится крайне важное и полезное мероприятие - карьерная пятница. Пришло время представить вам список спикеров Андрей Четвергов - ведущий эксперт, ML-engineer МХК ЕвроХим, эксперт по машинному обучению в Центре искусственного интеллекта РАНХиГС",https://vk.com/wall-130344439_5695,пост
5695,1,Post 5695 (2024-11-09 18:33:07),". 6 выигранных хакатонов Расскажет всю правду о работе ML-инженера как решаются реальные NLP и CV задачи в индустрии Валера Ходжаев - Риск аналитик ФГ БКС, работал в КИБ корп инвест бизнес Поделится тем, что делать, когда не хочешь идти в Data Science, но хочешь 300кк в наносек Анастасия Щетинина - заместитель заведующего Международной лаборатории теории игр НИУ ВШЭ, он же проектный менеджер",https://vk.com/wall-130344439_5695,пост
5695,2,Post 5695 (2024-11-09 18:33:07),", он же проектный менеджер, ответственная за деньги для ученых и развитие научных групп Тема выступления индустриальная математика за пределами ML избранные сюжеты отборные байки из мира науки Мая Буй - аналитик Яндекс в команде продукта грузового Из выпускника иканама в курьеры",https://vk.com/wall-130344439_5695,пост
5695,3,Post 5695 (2024-11-09 18:33:07),". Работа в Яндекс.Доставке Дмитрий Пулин - старший менеджер по сегментному маркетингу, коммерческий блок, направление по управлению продажами VAS Расскажет о том, что после эконома можно работать не только аналитиком",https://vk.com/wall-130344439_5695,пост
5695,4,Post 5695 (2024-11-09 18:33:07),". Путь от иканама до CVM маркетолога Анастасия Дорофеева - PepsiCo на должности junior data scientist, вошла в топ-30 лучших абитуриентов и получила грант на обучение в магистратуре ФКН ВШЭ, опыт работы в 3 разных сферах DADEDS Поделится опытом трудоустройства в международные компании и учебы в IT магистратуре Самир Алиев - продуктовый аналитик в мегафоне, 1,5 года в науке",https://vk.com/wall-130344439_5695,пост
5695,5,Post 5695 (2024-11-09 18:33:07),", 1,5 года в науке, успешно окончил магистратуру в вышке, входящую в топ-5 магистерских программ Расскажет о том, как гуманитарию найти себя в иканаме и в карьере Ринат Шарафетдинов - Senior ML Engineer в ecom",https://vk.com/wall-130344439_5695,пост
5695,6,Post 5695 (2024-11-09 18:33:07),".tech, победитель множества соревнований по машинному обучению, магистрант ИТМО Тема выступления вредные советы Александр Фень - DA Альфа-Банк, руководитель направления аналитики портфеля партнерского канала Однажды я проспорил Сёме Осипову 100к и началось..",https://vk.com/wall-130344439_5695,пост
5695,7,Post 5695 (2024-11-09 18:33:07),". Еще раз дата 16 ноября время 1330 место 5-327 ранх Если вы не учитесь в ранхе, пропуск можно оформить по ссылке Говорят, что те, кто придет на эту карьерку, обязательно добьются успеха в своей сфере Ждем всех и каждого!",https://vk.com/wall-130344439_5695,пост
5698,0,Post 5698 (2024-11-11 19:00:01),"ДО ПОСВЯТА 19 ДНЕЙ Орги сами в шоке от этой цифры, и одновременно безумно рады, ведь ждать осталось совсем чуть-чуть Пройдемся по организационным моментам По классике будут повышения цен. Каждый следующий понедельник в 0000 цена будет расти на 150р для всех Сейчас цена для первого курса 3900р, в 0000 18.11 она составит 4050р, в 0000 25",https://vk.com/wall-130344439_5698,пост
5698,1,Post 5698 (2024-11-11 19:00:01),".11 она составит 4050р, в 0000 25.11 - 4200р Для старших курсов и приведенных друзей 4300р - 4450р - 4600р, соответственно Свои денежки можно отправить по этим ссылкам Тиньк - Сбер - Напоминаем про конкурс шестигранников. У каждого, кто скинет картинку, есть все шансы забрать свой приз FAQ - Сколько длится посвят? - Для посвята снимается дом на сутки, этим он сильно отличается от лофтов",https://vk.com/wall-130344439_5698,пост
5698,2,Post 5698 (2024-11-11 19:00:01),". Мероприятие начинается вечером и длится до самого утра - Я смогу отдохнуть и поспать? - В доме до 30 спальных мест, поэтому для тех, кто устал, будет возможность вздремнуть - Я не пью и люблю тихий отдых, стоит ли мне идти? - Конечно",https://vk.com/wall-130344439_5698,пост
5698,3,Post 5698 (2024-11-11 19:00:01),"! В барном меню есть безалкогольные коктейли, а в доме места, где можно провести время без лишнего шума, играя в настолки или на гитаре в кругу близких людей - Что делать, если я боюсь потеряться по дороге к дому? - В день посвята все желающие могут собраться у ранха и доехать до дома в сопровождении оргов",https://vk.com/wall-130344439_5698,пост
5698,4,Post 5698 (2024-11-11 19:00:01),". О времени сбора объявим чуть позже Если возникают другие вопросы, задавайте их и или непосредственно в комментариях Будем рады сделать этот день особенным для каждого из вас",https://vk.com/wall-130344439_5698,пост
5700,0,Post 5700 (2024-11-12 12:11:41),"Небольшое напоминание о том, что карьерка состоится уже в эту субботу Убедительно просим всех, у кого нет доступа в ранх, оформить пропуск по ссылке в самое ближайшее время, чтобы до карьерки его успели сделать Дублируем форму",https://vk.com/wall-130344439_5700,пост
5702,0,Post 5702 (2024-11-13 18:59:06),"Всех, кто идет на карьерку Мы приглашаем на афтерпати! Это небольшое мероприятие, где вы сможете пообщаться со спикерами в неформальной обстановке, лично задать им свои вопросы и просто почиллить под приятную музыку с бутылочкой расслабляющего напитка Посиделки подобного формата всегда отличались своей душевностью",https://vk.com/wall-130344439_5702,пост
5702,1,Post 5702 (2024-11-13 18:59:06),". От вас требуется лишь прийти, быть открытым к новым знакомствам и скинуться на напитки и закуски. Однако выполнение последнего пункта не обязательно для тех, кто уже оплатил посвят или сделает это до конца карьерки. Орги организуют вам вечер за свой счет Время 16.11 сразу после карьерки Место скажем лично каждому Необходимо заполнить пригласительную форму ниже",https://vk.com/wall-130344439_5702,пост
5702,2,Post 5702 (2024-11-13 18:59:06),. Места ограничены жилищным пространством Приходите на афтерпати лампово отдохнуть после рабочей недели,https://vk.com/wall-130344439_5702,пост
5706,0,Post 5706 (2024-11-14 16:01:43),"Друзья, напоминаем о том, что до конца приема работ на конкурс шестигранников остается чуть больше суток Дедлайн завтра, 15.11 2359 Также скоро первое повышение цен на посвят В пн, 18.11 0000 цена для первого курса будет составлять 4050р, для остальных - 4450р 25.11 0000 4200р и 4600р соответственно Пожалуйста, помните о дедлайнах По всем вопросам",https://vk.com/wall-130344439_5706,пост
5712,0,Post 5712 (2024-11-16 19:00:01),"Итак, время выбирать лучший шестигранник Вчера был дедлайн по приему работ на конкурс, а это значит, что сегодня начинается голосование Конкурс разделен на 3 части работы первого курса работы старших курсов и друзей иканама работы тех, кто подписан на наш тг-канал Поскольку многие ребята по совместительству являются подписчиками нашего тг",https://vk.com/wall-130344439_5712,пост
5712,1,Post 5712 (2024-11-16 19:00:01),", эту часть конкурса мы проведем после результатов первых двух",https://vk.com/wall-130344439_5712,пост
5712,2,Post 5712 (2024-11-16 19:00:01),". Участвовать будут работы тех, кто не смог выиграть до этого Если мы заметим, что вы просите сторонних людей проголосовать за ваш шестигранник, он будет снят с конкурса. Победа должна быть честной Пожалуйста, не нажимайте в голосовалках на тык для оргов Чтобы голоса не учитывались несколько раз, опросы будут только в этой группе Что ж, поехали",https://vk.com/wall-130344439_5712,пост
5713,0,Post 5713 (2024-11-16 19:01:00),1 КУРС Номер в опросе соответствует номеру фотографии,https://vk.com/wall-130344439_5713,пост
5714,0,Post 5714 (2024-11-16 19:02:00),СТАРШИЕ И ДРУЗЬЯ ИКАНАМА Номер в опросе соответствует номеру фотографии,https://vk.com/wall-130344439_5714,пост
5716,0,Post 5716 (2024-11-17 18:00:01),Промо получается. Погнали на посвят 30.11. Без лишних слов. Приятного просмотра.,https://vk.com/wall-130344439_5716,пост
5716,0,Post 5716 (2024-11-17 18:00:01),"Промо тянет на 10 баллов на кинопоиске и на 10 дисциплинарок в академии, Разъеб, оп, я, я!, Тут отправили фото, слово студпассив вам о чем нибудь говорит?",https://vk.com/wall-130344439_5716,комментарий
5723,0,Post 5723 (2024-11-18 12:48:12),"Спасибо всем за карьерную пятницу Здесь нарезанные видео выступлений, чтобы вам было удобнее смотреть Презы спикеров вы найдете в комментах под этим постом",https://vk.com/wall-130344439_5723,пост
5723,0,Post 5723 (2024-11-18 12:48:12),"Презы, Тут отправили фото, Тут отправили фото, Тут отправили фото, Не приложили презу Саши Феня",https://vk.com/wall-130344439_5723,комментарий
5733,0,Post 5733 (2024-11-18 20:00:01),"ДО ПОСВЯТА 12 ДНЕЙ До нашей биг тусы остается меньше двух недель. Пройдемся по некоторым моментам Что с концепцией? Вам будет предложено пройти различные испытания, характеризующие путь Иканама буквально от абитуриента до 300ккнаносек",https://vk.com/wall-130344439_5733,пост
5733,1,Post 5733 (2024-11-18 20:00:01),". В конце вас ждет тот самый обряд посвящения, после которого вы станете членом нашего тайного общества В следующих постах приоткроем завесу тайны и более подробно расскажем об испытаниях, но основная часть конкурсов все же останется загадкой до самого прибытия в дом Вчера было первое повышение цен теперь цена для первого курса составляет 4050р, для всех остальных 4450р В пн 25",https://vk.com/wall-130344439_5733,пост
5733,2,Post 5733 (2024-11-18 20:00:01),.11 0000 цены вырастут еще на 150р и будут составлять 4200р и 4600р Для перевода ваших кровных Тиньк - Сбер - подписывайте ФИ и курс Когда резы? Сейчас идет иканамовское голосование за лучший шестигранник. О промежуточных результатах сообщим в нашем тг-канале Голоса принимаем до 1500 20.11 Далее второй этап - голоса оргов,https://vk.com/wall-130344439_5733,пост
5733,3,Post 5733 (2024-11-18 20:00:01),".11 Далее второй этап - голоса оргов. С каким коэффициентом они будут учитываться, сообщим позже Помните, что приз для подписчиков нашего тг будет разыгран после основных результатов среди шестигранников, которые не выиграли За видео спасибо Насте На сегодня все Если возникают другие вопросы, задавайте их",https://vk.com/wall-130344439_5733,пост
5734,0,Post 5734 (2024-11-20 21:57:35),"Стоп Ваши голоса за лучший шестигранник больше не принимаются Далее второй этап - голоса оргов. Ваши голоса будут учтены с коэффициентом 0,7, наши - 0,3 До финальных результатов осталось не так много времени, однако не забывайте о доп призе для нашего тг, который будет разыгран в самом конце",https://vk.com/wall-130344439_5734,пост
5735,0,Post 5735 (2024-11-21 15:24:41),"Всем привет! Снова ищем стажеров в команду, описание вакансии ниже Позиция Стажер дата-аналитик Компания Х5 Group Формат Продолжительность стажировки 4-6 месяцев full-time - 40 часов в неделю! Локация Удаленная работа но по желанию можно работать из офиса, г. Москва Вилка Оклад 60 тыс.руб. gross Начало стажировки январь 2025 г",https://vk.com/wall-130344439_5735,пост
5735,1,Post 5735 (2024-11-21 15:24:41),".руб. gross Начало стажировки январь 2025 г. Команда ad-hoc аналитики из X5 Group Пятерочка, Перекресток, Чижик и etc в поисках стажеров! Почему у нас интересно? Более 20 тысяч магазинов, 15 миллионов клиентов, петабайты данных - и все это нужно анализировать",https://vk.com/wall-130344439_5735,пост
5735,2,Post 5735 (2024-11-21 15:24:41),". Каждый день мы показываем, что наши супермаркеты - на самом деле цифровой проект, в котором большое место занимают Big Data и Data-Driven подход",https://vk.com/wall-130344439_5735,пост
5735,3,Post 5735 (2024-11-21 15:24:41),". Мы в команде ad-hoc аналитики крутим AB-тесты в оффлайне и не только, с каждым днем все больше прилетает нестандартных задачек, в которых мы используем все свои знания или быстро их приобретаем, а также у нас можно заниматься рисерчами",https://vk.com/wall-130344439_5735,пост
5735,5,Post 5735 (2024-11-21 15:24:41),"? - Первое время проходят онбординг, запоминают имена ментора и тим-лида и погружаются в курс дела - Сразу после этого получают свою первую настоящую боевую задачку и НЕ страдают, так как ментор всегда под рукой на дизайн или оценку будущего эксперимента - Продумывают дизайн АB-тестов на магазинах или лояльных клиентах и интерпретируют их результаты",https://vk.com/wall-130344439_5735,пост
5735,6,Post 5735 (2024-11-21 15:24:41),", а также помогают руководителям инициатив бизнесу в этом - Исследуют новые метрики на применимость АB-тестов - и многое чего еще Ты нам подходишь - Если уже загуглил, что такое ad-hoc и понял, в чем суть - Уверенно владеешь Python pandas, numpy, matplotlib и весь базовый набор для аналитики данных, SQL joinы, оконки, знаешь статистику - Обладаешь аналитическим складом ума",https://vk.com/wall-130344439_5735,пост
5735,7,Post 5735 (2024-11-21 15:24:41),", наблюдательностью и успешно практикуешь метод пристального взгляда - Любишь мемы желательно, но необязательно - Преимуществом будет владение бигдатой и ML Что мы предлагаем - Помощь менторов на всем этапе стажировки - Классный коллектив, теплая атмосфера и веселые ретро с играми и битвой мемов, а также оффлайн-тимбилдинги Если тебе интересно развиваться в области аналитики данных",https://vk.com/wall-130344439_5735,пост
5735,9,Post 5735 (2024-11-21 15:24:41),! Свои CV и вопросы направлять в телеграмм didi_ulyanova,https://vk.com/wall-130344439_5735,пост
5736,0,Post 5736 (2024-11-22 16:50:12),"Итак, орги проголосовали и Ничего не изменилось! Поздравляем с победой этих ребят ПЕРВЫЙ КУРС Евстафьев Георгий - бесконечность не предел Ты забираешь бесплатную проходку на посвят! Коннова Таисия - make ekanam great again Тебе доступны допы с Мишей до конца сессии! Честно, даже лучше проходки Сибагатуллина Светлана - import pandas Тебя ждет медляк с Сашей на посвяте",https://vk.com/wall-130344439_5736,пост
5736,1,Post 5736 (2024-11-22 16:50:12),"! Среди старших и друзей Иканама один победитель Сеня Барышев - six Дарим тебе кастомную бутылку с приятным напитком от оргов! Напишите чтобы получить призы Все, кто участвовал, большие молодцы! Мы видим, как вы старались, это очень ценно Далее будем разыгрывать приз для нашего тг среди тех, кто не выиграл, поэтому у каждого еще есть шансы на победу",https://vk.com/wall-130344439_5736,пост
5740,0,Post 5740 (2024-11-25 22:51:24),"ДО ПОСВЯТА 5 ДНЕЙ Осталось совсем немного. Все с замиранием сердца ждут этот знаменательный день, и не зря Зайдя в дом, вы попадете в поистине волшебное место. У вас будет время разложить вещи, перекусить, а дальше.. вас ждут испытания! У вас будет уникальная возможность пройти путь Иканама в сжатые сроки в формате квестов. 1-ый курс, 2-ой, 3-ий, 4-ый, поиск работы со всеми сложностями и приколами",https://vk.com/wall-130344439_5740,пост
5740,1,Post 5740 (2024-11-25 22:51:24),". Став счастливыми обладателями зп 300ккнаносек, вы будете приняты в наше тайное общество, а того, кто справится лучше всех, ждет особенный приз Кстати, квесты будут вести не только орги, но и старики Иканама. Актерская игра поможет вам погрузиться в атмосферу преодоления трудностей и единства нашего сообщества",https://vk.com/wall-130344439_5740,пост
5740,2,Post 5740 (2024-11-25 22:51:24),". Все это ради того, чтобы в процессе прохождения квестов вы лучше узнали друг друга и вам было легче завести новые полезные знакомства, а после у вас остались незабываемые воспоминания В конце испытаний вас ждет тот самый.. обряд посвящения! После него вы окончательно и бесповоротно станете членом нашей большой семьи",https://vk.com/wall-130344439_5740,пост
5740,3,Post 5740 (2024-11-25 22:51:24),". Обряд в обязательном порядке нужно пройти каждому, кто претендует на звание настоящего иканамовца После прохождения испытаний и обряда посвящения самое время отдыхать и веселиться! Для этого у нас есть все необходимое Бассейн и сауна",https://vk.com/wall-130344439_5740,пост
5740,4,Post 5740 (2024-11-25 22:51:24),". Ну кто не хочет плескаться в воде со своими друзьями и греться в сауне, выводя из организма остатки накопленных жизненных проблем? Настоящее мероприятие по откисанию душой и телом Танцпол. Своих внутренних демонов можно изгнать именно на нем. Не стесняйтесь - пойте, танцуйте, кричите, устройте тусич, который останется в памяти на долгие десятилетия! Пинг-понг и дартс",https://vk.com/wall-130344439_5740,пост
5740,5,Post 5740 (2024-11-25 22:51:24),". Если после испытаний в вас еще осталась жажда соревнований или вы хотите провести время активно, но без танцев и басика, это для вас! Гитара. Когда все устанут, мы с вами будем душевно играть на гитаре и петь те самые, известные всем песни, погружаясь в спокойствие и умиротворение после бурной ночи Еда. Конечно, голодными вы не останетесь",https://vk.com/wall-130344439_5740,пост
5740,6,Post 5740 (2024-11-25 22:51:24),". Конечно, голодными вы не останетесь. Хот-доги, салаты, тарталетки, ммм Все самое вкусное для самых вкусных! Напитки. В барном меню есть алкогольные и безалкогольные коктейли и шоты, целых 25 позиций! Легендарный коктейль ночь в гжк с ананасовым соком, мадам маракуйя с непередаваемым фруктовым вкусом - мои алко фавориты",https://vk.com/wall-130344439_5740,пост
5740,7,Post 5740 (2024-11-25 22:51:24),". Среди безалкогольных предпочитаю чао персик как минимум, за его название, как максимум, за его нежный кисло-сладкий вкус! А своих любимчиков вы найдете сами, методом тыка и попадания в ваше сердечко Музыка",https://vk.com/wall-130344439_5740,пост
5740,8,Post 5740 (2024-11-25 22:51:24),". Все, что написано выше, будет происходить под ваши любимые треки! Если вы еще не добавили свои, сделайте это по ссылке Все это сделано для того, чтобы вы провели одну из лучших ночей в своей жизни вместе друг с другом, в приятной для каждого обстановке! В течение следующих лет дороги многих из вас разойдутся, но эти теплые воспоминания останутся с вами навсегда",https://vk.com/wall-130344439_5740,пост
5740,9,Post 5740 (2024-11-25 22:51:24),". Это тот день, который вы будете вспоминать с теплой тоской по нему и всем, кто был рядом в этот момент Напоминаем, что сейчас цена для первого курса составляет 4200р, для старших и друзей иканама - 4600р Тиньк - Сбер - По всем вопросам Пусть это событие останется в памяти и сердце каждого из вас, как нечто магическое, что в один день навсегда объединило своей безумной энергией всех",https://vk.com/wall-130344439_5740,пост
5746,0,Post 5746 (2024-11-27 21:00:00),"3 ДНЯ ДО ПОСВЯТА Время дать вам рекомендации, чтобы это событие оставило только приятные впечатления Друзья, контролируйте количество выпитого. Если вы понимаете, что вам достаточно, сделайте перерыв - так будет лучше для вас самих Не устраивайте драки",https://vk.com/wall-130344439_5746,пост
5746,1,Post 5746 (2024-11-27 21:00:00),". За попытку разбить кому-то лицо или предметы дома вы будете отправлены домой и внесены в черный список Иканама и не сможете больше посещать наши тусовки Если вам стало плохо, подойдите к оргам. У нас есть все необходимое, чтобы помочь вам Что взять с собой? Тапочки. В доме ходим в них! Также они понадобятся вам для посещения бассейна Купальник и полотенце. Для бассейна Лекарства",https://vk.com/wall-130344439_5746,пост
5746,2,Post 5746 (2024-11-27 21:00:00),". Для бассейна Лекарства. У нас есть аптечка, но, если вы принимаете какие-то определенные препараты, вам стоит взять их с собой Умывашку, зубную щетку и все, чем вы привыкли пользоваться в повседневной жизни Самое главное - берите с собой ахеренное настроение! Ваш настрой - основа хорошо проведенного времени. Будьте открыты в новым знакомствам и опыту, не стесняйтесь проявлять себя",https://vk.com/wall-130344439_5746,пост
5746,3,Post 5746 (2024-11-27 21:00:00),. Именно это способно сделать эту ночь лучшей в жизни Давайте поможем друг другу сотворить историю и сделать этот день незабываемым для каждого,https://vk.com/wall-130344439_5746,пост
5750,0,Post 5750 (2024-11-28 20:00:01),"До главного события этого месяца осталось совсем немного. Как добраться до посвята? Помимо такси есть несколько вариантов В 1600 несколько оргов будут ждать всех у главного входа в ранх, чтобы помочь вам добраться и просто весело провести время в дороге. Имейте в виду, что в 1615 железно нужно выехать, поэтому всех, кто опоздает, ждать не будут Несколько маршрутов для тех, кто едет сам 1",https://vk.com/wall-130344439_5750,пост
5750,1,Post 5750 (2024-11-28 20:00:01),". От метро Молодежная на 121 автобусе или маршрутках 121150536 доезжаете до остановки Горки-2, далее пешком 2",https://vk.com/wall-130344439_5750,пост
5750,2,Post 5750 (2024-11-28 20:00:01),". Недалеко от ранха садитесь на 461 автобус и едете до остановки улица Неделина, затем пересаживаетесь на 36 до Знаменское, далее так же пешком - В обоих случаях советуем заказать такси на компанию от остановки до конечной точки Напоминаем Время 1830 30 ноября Адрес Одинцовский городской округ, пос. Горки-2, Знаменское поле тер., улица Первая, 30 Уже на финишной прямой, всех ждем!",https://vk.com/wall-130344439_5750,пост
5756,0,Post 5756 (2024-12-04 17:41:40),"Друзья, орги наконец отошли от посвята СПАСИБО ВСЕМ ЗА ЭТОТ ДЕНЬ, ВЫ ВСЕ БЕЗУМНО КРУТЫЕ Время подвести итоги нашего мероприятия Количество ахуенных людей в доме около 100 Количество выпитого алкоголя 50 литров Съедено 60 кг Ненавидили Четвергова 1003918392 раз Количество разбитых туалетов 0!",https://vk.com/wall-130344439_5756,пост
5756,1,Post 5756 (2024-12-04 17:41:40),"! Блеваний в басик надеемся на 0 Количество выгнанных людей 1 Добитый Иканам 1 штука Количество оргов в отключке 12 В общем, посвят прошел душевно",https://vk.com/wall-130344439_5756,пост
5756,2,Post 5756 (2024-12-04 17:41:40),". Мы вложили в него много сил и времени и надеемся, что вам тоже все зашло. Мы были рады провести с вами эту особенную бессонную ночь Свой фидбек можете оставить ниже. Обязательно порадуемся успехам и учтем все ошибки Еще раз спасибо всем, кто был. И отдельная благодарность тем, кто помогал. Без вас это мероприятие было бы не таким классным",https://vk.com/wall-130344439_5756,пост
5756,0,Post 5756 (2024-12-04 17:41:40),"ненавижу четвергова, А толчек все таки зря не разъебали",https://vk.com/wall-130344439_5756,комментарий
5760,0,Post 5760 (2024-12-05 21:27:57),"Ребята, всем привет! Мы тут хотим кое-что важное узнать. Хотите ли вы зимний лофт? Думаем устроить его для вас",https://vk.com/wall-130344439_5760,пост
5766,0,Post 5766 (2024-12-08 02:44:27),"Спасибо поучаствовавшим, кого не успела снять на последний нужно было что-то значит сделать чтобы я успела!! Ну такой видосик уровня церковно-приходской школы от меня не благодарите",https://vk.com/wall-130344439_5766,пост
5768,0,Post 5768 (2024-12-12 19:30:00),"ЛОФТ ЛЮБОВЬ В ВОЗДУХЕ by ORGIA Привет, друг, мы пришли с новостями Зима сезон самых разных праздников Новый год, Рождество, Старый Новый год, Китайский Новый год Но есть один праздник, который имеет неоднозначную репутацию Кто-то считает, что это не его праздник, кто-то его презирает, так как не получает желаемого от него, а есть те, кто наслаждается этим днём",https://vk.com/wall-130344439_5768,пост
5768,1,Post 5768 (2024-12-12 19:30:00),", а есть те, кто наслаждается этим днём, несмотря ни на что Эта зима запомнится тебе не только холодом, но и теплом сердец, эмоциями и незабываемыми моментами Мы приглашаем тебя на лофт, вдохновленный Днём Святого Валентина, чтобы подарить атмосферу праздника, веселья и волшебства Концепция вечера Любовь в воздухе это не просто слова",https://vk.com/wall-130344439_5768,пост
5768,2,Post 5768 (2024-12-12 19:30:00),". Это вечер, который объединяет всех тех, кто ищет вдохновение, новые знакомства, настоящие эмоции или просто хочет отдохнуть. Мы создадим место, где каждый почувствует себя особенным Формат В сердце нашего лофта уют, свобода и радость. Вечеринка, которая сочетает лёгкость и драйв, романтику и дружбу. Это ночь, где ты сможешь быть собой и найти то, чего не хватало",https://vk.com/wall-130344439_5768,пост
5768,3,Post 5768 (2024-12-12 19:30:00),". Мы добавим много нового и прокачаем прошлый формат лофтов, так что готовьтесь удивляться. Вас ждёт отборная музыка, вкусная еда, множество классных активностей, а также новые локации, проработанная концепция и дизайн, множество интересных людей и полная атмосфера любви и уюта. И пара сюрпризов 15 февраля. Вечер, который сделает твою зиму теплее. Не пропусти это больше, чем просто лофт",https://vk.com/wall-130344439_5768,пост
5768,4,Post 5768 (2024-12-12 19:30:00),". Не пропусти это больше, чем просто лофт. Это твоя история, твоя любовь, твоя ночь",https://vk.com/wall-130344439_5768,пост
5772,0,Post 5772 (2024-12-13 21:50:55),"Друзья, ваши орги проводят Тайного Санту в тгк Переходите, чтобы участвовать",https://vk.com/wall-130344439_5772,пост
5773,0,Post 5773 (2024-12-16 19:00:54),"Всем привет! Используйте ЛЛМки каждый день чтобы генерировать стопки эссе по истории Шильниковой и НИРов? Мы прогнали за вас 14 тысяч вопросов на 30 моделях, чтобы сделать топ лучших. Представляем вниманию наш нашумевший ГООООЛ бенчмарк SLAVA, в создании которого поучаствовало несколько людей с Иканама",https://vk.com/wall-130344439_5773,пост
5775,0,Post 5775 (2024-12-31 18:30:00),"Иканам, что по планам на 2025? 2024 год был насыщенным, ярким и полным вдохновения",https://vk.com/wall-130344439_5775,пост
5775,1,Post 5775 (2024-12-31 18:30:00),". Спасибо каждому, кто стал частью наших мероприятий и нашей общей истории! Мы не просто делаем тусовки, мы создаем место для встреч, новых знакомств и незабываемых эмоций 2025 год обещает быть ещё круче",https://vk.com/wall-130344439_5775,пост
5775,2,Post 5775 (2024-12-31 18:30:00),"! В планах Увеличить масштаб новые места, новые концепции и ещё больше возможностей для вашего незабываемого отдыха Мощная диджейка активно работаем над ней, чтобы максимально раскачивать вас на лофтах Интерактивы и перфомансы будем удивлять вас интересными активностями и нововведениями Уникальные новые коктейли под вкусную еду Различные мероприятия",https://vk.com/wall-130344439_5775,пост
5775,3,Post 5775 (2024-12-31 18:30:00),", помимо лофтов и карьерок Мы продолжаем вдохновляться новыми местами, приключениями, друг другом, вами и придумывать нестандартные идеи для отдыха и досуга, которыми хотим делиться Ваши орги остаются теми, кто готов создавать эмоции и пробовать новое",https://vk.com/wall-130344439_5775,пост
5775,4,Post 5775 (2024-12-31 18:30:00),! Впереди ещё больше крутых событий и неожиданных сюрпризов,https://vk.com/wall-130344439_5775,пост
5775,5,Post 5775 (2024-12-31 18:30:00),". Вместе мы наполним 2025 год энергией и новыми впечатлениями С наступающим, by ORGIA",https://vk.com/wall-130344439_5775,пост
5780,0,Post 5780 (2025-01-01 00:00:02),Новогоднее поздравление от Кирилла Юрьевича Шилина.,https://vk.com/wall-130344439_5780,пост
5780,0,Post 5780 (2025-01-01 00:00:02),"Я заплакал, Хороший тост для галок, Озуенно!, Лучший",https://vk.com/wall-130344439_5780,комментарий
5781,0,Post 5781 (2025-01-01 00:02:00),"Дорогие друзья! ORGIA на связи, чтобы поздравить вас с Новым 2025 годом! Этот год пролетел как лофт в разгаре ярко, громко и незабываемо. Мы вместе прошли через сотни историй, литры кофе и других напитков, бессонные ночи, сотни выученных билетов и теорем и самые лучшие тусовки. Все это благодаря вам, нашему невероятному комьюнити, которое делает Иканам таким крутым местом",https://vk.com/wall-130344439_5781,пост
5781,1,Post 5781 (2025-01-01 00:02:00),". 2025 это год новых возможностей, побед и историй. Мы уже готовим для вас что-то невероятное спойлер будет громко, стильно и с сюрпризами. Этот год будет таким же энергичным и ярким, как вы сами. Пусть 2025 год принесет вам кучу моментов, которые захочется сохранять в памяти и фотогалерее",https://vk.com/wall-130344439_5781,пост
5781,2,Post 5781 (2025-01-01 00:02:00),". Пусть он будет полон смеха, успехов и, конечно, побед как в карьерном, так и в учебном плане! Спасибо, что вы с нами, за вашу энергию, поддержку и просто за то, что вы есть. Давайте продолжим делать Иканам легендарным местом вместе! С любовью, Ваша ORGIA",https://vk.com/wall-130344439_5781,пост
5786,0,Post 5786 (2025-01-10 16:47:40),"Стратегическая группа Координационного центра при Правительстве РФ ищет сотрудника на позицию аналитикdata scientist Рабочие задачи Внедрение биологическим интеллектом искусственного в рабочий процесс, что включает в себя анализ и моделирование экономических процессов, прогнозирование временных рядов сбор и обработка численных и текстовых данных",https://vk.com/wall-130344439_5786,пост
5786,1,Post 5786 (2025-01-10 16:47:40),", написание скреперов и поддержка их работы разработка AI-агентов, промпт-инжиниринг, разработка RAG, fine-tuning LLM",https://vk.com/wall-130344439_5786,пост
5786,2,Post 5786 (2025-01-10 16:47:40),". Условия работы ЗП зависит от навыков, график возможен неполныйполный, бронь при работе на полную ставку, широкий ДМС работать можно удаленно или в бункере в центре Москвы бункер, конечно, условно. Это офис в подземном конгресс-парке напротив дома Правительства РФ по адресу Кутузовский просп",https://vk.com/wall-130344439_5786,пост
5786,3,Post 5786 (2025-01-10 16:47:40),"., 21с6 Ожидания по навыкам от кандидата Уверенные знания и опыт программирования на Python Знание классического машинного обучения и статистического анализа Знания в области NLP построение пайплайнов для обработки данных и их подготовки для использования в LLM Опыт работы с RAG и файнтюнинга SFT LoRA, RLHF будет плюсом",https://vk.com/wall-130344439_5786,пост
5786,4,Post 5786 (2025-01-10 16:47:40),". Альтернативный вариант уверенные знания и опыт программирования на Python, опыт в ML и искренний интерес разбираться и разрабатывать RAG, разворачивать и дообучать LLM. Если интересно, пишите",https://vk.com/wall-130344439_5786,пост
5787,0,Post 5787 (2025-01-13 11:23:26),"Команда CVM Мегафона ищет продуктовогобизнес-аналитика. Грейд juniormiddle Формат работы гибрид 32 ЗП зависит от навыков Офис Оружейный переулок, 41 м",https://vk.com/wall-130344439_5787,пост
5787,1,Post 5787 (2025-01-13 11:23:26),. Маяковская Какие задачи необходимо решать - Изучать большой объём данных и искать в них инсайты - Выдвигать гипотезы для тестирования и разрабатывать дизайны AB тестов - Анализировать продуктовые метрики и воронки продаж - Сегментировать клиентскую базу для запуска CVM кампаний - Проводить пост-анализ маркетинговых кампаний - Разрабатывать дашборды Что для этого нужно - Умение работать с SQL,https://vk.com/wall-130344439_5787,пост
5787,2,Post 5787 (2025-01-13 11:23:26),Что для этого нужно - Умение работать с SQL Oracle - Понимать инструменты анализа данных Python - Уметь визуализировать инсайты - знание BI инструментов - Уверенно знать статистический анализ Кому интересно,https://vk.com/wall-130344439_5787,пост
5788,0,Post 5788 (2025-01-14 16:00:03),"Как сессия, друзья? Хотим напомнить, что кроме экзаменов существуют другие интересные мероприятия",https://vk.com/wall-130344439_5788,пост
5788,1,Post 5788 (2025-01-14 16:00:03),". Да, мы про лофт Еще раз приглашаем на наше незабываемое событие в честь Дня Святого Валентина! 15 февраля мы открываем двери нашего нового тематического лофта, созданного специально для тех, кто хочет окунуться в атмосферу любви и веселья Наш новый лофт превратится в настоящую обитель любви, дружбы и романтики",https://vk.com/wall-130344439_5788,пост
5788,2,Post 5788 (2025-01-14 16:00:03),"! Мы тщательно продумали каждую деталь, чтобы создать уникальную атмосферу, которая погрузит вас в мир чувственных переживаний и ярких эмоций Вас ждет Романтический декор и уютная атмосфера Увлекательные активности для пар и друзей Фотозона для запоминающихся кадров Конечно же, бар с уникальными напитками и вкусными закусками И подобранная по вашим предпочтениям музыка",https://vk.com/wall-130344439_5788,пост
5788,3,Post 5788 (2025-01-14 16:00:03),"! Трек про бобра обязательно будет Неважно, пришли вы с любимым человеком, друзьями или в поисках новых знакомств эта ночь станет незабываемой! Совсем скоро сообщим вам адрес проведения и стоимость, а пока бронируйте вечер 15",https://vk.com/wall-130344439_5788,пост
5790,0,Post 5790 (2025-01-15 16:15:35),"Друзья, есть вероятность что дату лофта придется сместить на один день В нашем тгк проходит опрос за дату проведения. Ждем ваших решений! Ссылка на тгк",https://vk.com/wall-130344439_5790,пост
5791,0,Post 5791 (2025-01-17 16:07:05),"Привет, Иканам! В Департамент Рисков ФГ БКС aka BCS Financial Group, Мир Инвестиций нужен бэкендер питонист",https://vk.com/wall-130344439_5791,пост
5791,1,Post 5791 (2025-01-17 16:07:05),". Че нужно будет делать - Строить ETL пайплайны, автоматизация - Разрабатыватьвалидировать модели расчета риск-метрик VaR, Expected Shorfall, GARCH etc - Написание веб-интерфейсов для управления функционалом не жесткий фронт - Управление версиями репозитория ветки, коммиты, пуши, понятно - Настройка сервера рисков много долгосрочных задач работа с SMTP, PowerShell - Оптимизация",https://vk.com/wall-130344439_5791,пост
5791,2,Post 5791 (2025-01-17 16:07:05),", PowerShell - Оптимизация, ускорения бэка в целом, создание собственного хранилища Стэк SQL SQL Server, Python - на хорошем уровне ООП, Паттерны разработки, Архитектуры и тд Либыфреймворки luigi Task Manager, на подобие AirFlow, dbt, dash, pandas, numpy, pymssql Позиция в департамент рисков отчётности группы всех холдинговдесков",https://vk.com/wall-130344439_5791,пост
5791,3,Post 5791 (2025-01-17 16:07:05),". Суть работы - создавать инструменты для эффективностиудобства работы риск-менеджмента группы. Отчётность вплоть до ежедневной. По условиям Гибрид де юре 2 дня удаленка, 3 дня офис де факто опционально, кто-то на 2-3 недели на Кипр улетает, работает оттуда. Офис на проспекте Мира мое имхо, в офисе есть все необходимое, без излишеств. По сравнению со всякими Альфами, Пеньками - скромненько",https://vk.com/wall-130344439_5791,пост
5791,4,Post 5791 (2025-01-17 16:07:05),". ДМС, всякие скидки у партнёров, это не помню уже. Желательно с опытом работы, хотя бы какие-нибудь проекты. Грейд в целом любой, кроме стажёрского с нуля учить - времени нет. По ЗП - индивидуально по собесу Свои CV и вопросы закидывать сюда - valera_kh0dzhaev P.S. Вакансии пока нигде нет, инфа прям свежая, из первых рук",https://vk.com/wall-130344439_5791,пост
5791,5,Post 5791 (2025-01-17 16:07:05),". По задачам и стеку писал то, что сам знаюслышалподслушал о позиции, скорее всего, там гораздо больше",https://vk.com/wall-130344439_5791,пост
5800,0,Post 5800 (2025-01-22 22:00:00),"Друзья, мы напоминаем о том, что наш лофт проходит в день всех влюбленных Безусловно, мы создали все условия для того, чтобы лофт прошел отлично для всех",https://vk.com/wall-130344439_5800,пост
5800,1,Post 5800 (2025-01-22 22:00:00),". Однако дата выбрана не просто так! Мы придумали много фишек в тематике праздника Мы продумали декор, чтобы максимально погрузить вас в атмосферу любви и романтики Конечно же, у нас будет фотозона в стиле этого прекрасного дня, каждая деталь которой будет дополнять ваши образы на фото с мероприятия На баре будут специальные позиции для влюбленных",https://vk.com/wall-130344439_5800,пост
5800,2,Post 5800 (2025-01-22 22:00:00),". Советуем попробовать как минимум для вкуса, как максимум для красивых фоток Дресс-код? Обязательного нет, но, если хотите сильнее погрузить себя в атмосферу праздника и лучше прочувствовать его вайб, надевайте одежду в розовых, белых, красных оттенках. Нежно или дерзко на ваш выбор Пару медлячков вы обязательно услышите! Мы придумали много новых активностей, в том числе и для пар",https://vk.com/wall-130344439_5800,пост
5800,3,Post 5800 (2025-01-22 22:00:00),". Принимайте в них участие вместе Подробнее о них расскажем позже, но мы уверены, что вам понравится В общем, этот лофт точно сможет вас удивить! Не забудьте взять с собой своего любимого человека, чтобы разделить с ним этот волшебный вечер Напоминаем",https://vk.com/wall-130344439_5800,пост
5800,4,Post 5800 (2025-01-22 22:00:00),"! 1505 для первых 69 1705 для всех остальных Т-банк Сбер указывайте ФИ и курс Мы уходим работать, а вы готовьтесь к самой пиздатой тусовке в честь этого замечательного праздника",https://vk.com/wall-130344439_5800,пост
5801,0,Post 5801 (2025-01-29 21:10:02),"Хотим спалить одну фишку грядущего лофта КУЛЕР С ПИВОМ! Да-да, мы решили воплотить этот мем в жизнь! На лофте вы сможете пить пиво прямо из кулера, и даже не из одного Приходите, чтобы лично это увидеть, сделать фоточки и посмеяться Кстати, по традиции проходит розыгрыш! Среди тех, кто уже оплатил проходку или сделает это до 07",https://vk.com/wall-130344439_5801,пост
5801,1,Post 5801 (2025-01-29 21:10:02),".02, будет 3 победителя 1 место вернем деньги за лофт 2 место одна полезная и интересная книжечка 3 место настойка от ваших оргов 07.02 2359 - дедлайн. Участие принимают все, кто в него уложится Напоминаем! 1505 для первых 69. Пока что эта цена актуальна 1705 для всех остальных Т-банк Сбер указывайте фио и курс Желаем удачи в розыгрыше! И ждем всех желающих попить пива из кулера",https://vk.com/wall-130344439_5801,пост
5803,0,Post 5803 (2025-01-31 22:00:00),"Друзья, важная информация! Мы меняем локацию К сожалению, при бронировании лофта возникли некоторые проблемы, поэтому мы нашли новое место для нашего мероприятия Этот лофт больше предыдущего, а еще здесь целых 3 туалета, что немаловажно Формат мероприятия никак не меняется. Мы уже работаем над организацией нового пространства Новый адрес Самокатная ул",https://vk.com/wall-130344439_5803,пост
5803,1,Post 5803 (2025-01-31 22:00:00),"., 4с1 Дублируем цены 1505р - для первых 69 человек. Таких мест осталось совсем немного 1705р - для всех следующих Т-банк Сбер Подписывайте ФИО и курс С нетерпением всех ждем! Увидимся по новому адресу",https://vk.com/wall-130344439_5803,пост
5805,0,Post 5805 (2025-02-04 16:03:07),"Для 1 и 2 курса проводили второй по счету мини-конкурс творческих резюме для тех, кто хочет погонять на хаки и соревы в этом году Подводим итоги, в общей сложности было подано 18 штук после тяжелого голосования объявляем победителем id321644696Гафарова Дамира за фото с ульянкиным за отличную проработку, 1 страницу",https://vk.com/wall-130344439_5805,пост
5805,1,Post 5805 (2025-02-04 16:03:07),", 1 страницу, латех и хорошее содержание Подробнее c резюме Дамира ознакомиться здесь Торжественно вручим тебе набор мерча от РСВ на лофте на которые ты все ходишь хах Было много других достойных работ, всем спасибо, haha от души, всем напишем в ближайшие дни по дальнейшим действиям",https://vk.com/wall-130344439_5805,пост
5807,0,Post 5807 (2025-02-04 19:00:01),"ДО ЛОФТА 10 ДНЕЙ Соберем всю важную информацию в этом посте, чтобы никто не запутался Итак.. Дата 14.02 Время 1900-0200 Место Самокатная ул., 4с1 Мы хотим, чтобы каждый из вас получил удовольствие от нашего мероприятия парочки смогут насладиться атмосферой любви и романтики, а остальные пиздатой тусовкой со своими друзьями Этот лофт будет отличаться от всех предыдущих",https://vk.com/wall-130344439_5807,пост
5807,1,Post 5807 (2025-02-04 19:00:01),". Безусловно, мы сохранили формат выпить-потанцевать-пообщаться, но добавили новые фишки и активности, которых не было раньше",https://vk.com/wall-130344439_5807,пост
5807,2,Post 5807 (2025-02-04 19:00:01),". В общем, сделали все, чтобы разнообразить нашу тусовочную жизнь Именно с этого дня мы начинаем улучшать формат иканамовских лофтов, поэтому у вас просто не остается вариантов, кроме как прийти и увидеть все самим! Вместе мы разъебем и эту, и все следующие совместные тусовки В этот день мы ждем всех, кто хочет Просто потанцевать и отдохнуть",https://vk.com/wall-130344439_5807,пост
5807,3,Post 5807 (2025-02-04 19:00:01),". Это база всех наших лофтов, разумеется, вы сможете провести время так же, как на предыдущих мероприятиях Поучаствовать в различных активностях самостоятельно, с друзьями или со своим партнером Попить пива из кулера Попить не пива не из кулера. На баре вы найдете новые позиции как в алкогольном, так и в безалкогольном меню Вкусно поесть",https://vk.com/wall-130344439_5807,пост
5807,4,Post 5807 (2025-02-04 19:00:01),". Куда же без этого И, конечно же, стать частью большой истории! Ведь именно этот день станет отправной точкой в мир более масштабных и интересных иканамовских лофтов! Цены 1505р - для первых 69 человек. Остаются последние места 1705р - для всех остальных Т-банк Сбер Подписывайте ФИО и курс В день всех влюбленных хотим видеть весь Иканам! Давайте отметим этот праздник вместе",https://vk.com/wall-130344439_5807,пост
5812,0,Post 5812 (2025-02-06 17:43:48),"Привет! Вакансия для молодых специалистов Обратите внимание, что минимальный опыт работы обязателен. Если заинтересует, то пишитезакидывайте CV в личку Овечкиной Лиде Мы в Купер еx. СберМаркет ищем младшего аналитика в команду продукта",https://vk.com/wall-130344439_5812,пост
5812,1,Post 5812 (2025-02-06 17:43:48),". Что нужно делать - Оперативно решать запросы со стороны бизнеса, предоставляя данные и аналитические инсайты - Писать SQL-запросы и Python-скрипты для обработки, трансформации и анализа данных - Разрабатывать и поддерживать DAGи в Apache Airflow для автоматизации процессов - Участвовать в проведении AB-тестов",https://vk.com/wall-130344439_5812,пост
5812,2,Post 5812 (2025-02-06 17:43:48),", анализировать результаты и предлагать улучшения - Оптимизировать процессы обработки данных и участвовать в улучшении инструментов аналитики",https://vk.com/wall-130344439_5812,пост
5812,3,Post 5812 (2025-02-06 17:43:48),". Тебе к нам, если ты - Имеешь опыт работы младшим аналитикомстажёром от полугода - Знаешь SQL и Python - пишешь чистый и надежный код - Готов быстро разбираться в новых задачах и инструментах - Имеешь аналитическое стратегическое мышление - умеешь формировать видение и приоритеты, выделять главное, смотреть на задачи сверху вниз",https://vk.com/wall-130344439_5812,пост
5812,4,Post 5812 (2025-02-06 17:43:48),". Здорово, если ты - Имеешь опыт проведения AB-тестов и анализа их результатов - Знаешь Airflow - Имеешь навыки работы с BI-инструментами Tableau, Power BI. Теперь немного от себя про вакансию это вакансия в мою команду, мы занимаемся курьерским прайсингом",https://vk.com/wall-130344439_5812,пост
5812,5,Post 5812 (2025-02-06 17:43:48),". Мы придумываем и оптимизируем механики для привлечения и удержания курьеров, механики сведения и управления клиентской и партнерской экономики, делаем глубокие ресерчи, чтобы найти самые оптимальные инструменты мотивации в соотношении метрики эффективности-деньги. Мы оч драйвовые и классные, у нас всегда много тестов, гипотез, выстроены процессы с продуктовыми и операционными командами",https://vk.com/wall-130344439_5812,пост
5812,6,Post 5812 (2025-02-06 17:43:48),. А еще очень сильный лид аналитики Из плюсов ваки мы рассматриваем студентов и можно работать полностью удаленно хоть по всему миру гоняй.,https://vk.com/wall-130344439_5812,пост
5813,0,Post 5813 (2025-02-06 22:03:54),"Стоп теперь цена за проходку на лофт 1705р Да, места по 1505р закончились, но мы знаем, чем вас порадовать Помните о розыгрыше? Призом за второе место будет вот эта книга Некоторые орги сами ее читали и говорят, что она безумно интересная. Советуем к прочтению и тем, кто ее не выиграет Напоминаем, что в розыгрыше участвуют все, кто успеет купить проходку дедлайн 07",https://vk.com/wall-130344439_5813,пост
5813,1,Post 5813 (2025-02-06 22:03:54),.02 2359 Желаем удачи каждому из вас! По всем вопросам,https://vk.com/wall-130344439_5813,пост
5815,0,Post 5815 (2025-02-07 21:40:19),"Друзья, для грядущего лофта мы создали свою иканамовскую игру! В этом файле 69 карточек с вопросами на тему Иканама. Игра универсальная правила можете придумать сами и использовать эти карточки как захотите",https://vk.com/wall-130344439_5815,пост
5815,1,Post 5815 (2025-02-07 21:40:19),". Перед лофтом накинем вам пару идей В общем, развлекайтесь Это наш первый опыт создания чего-то подобного, поэтому очень ждем обратную связь! Если зайдет, придумаем что-то в разы масштабнее и интереснее С любовью, ваша ORGIA",https://vk.com/wall-130344439_5815,пост
5817,0,Post 5817 (2025-02-08 18:00:01),"Друзья, вчера был дедлайн по участию в розыгрыше! Мы закинули список оплативших лофт в рандомайзер и 1 место Землянская Евгения тебе мы возвращаем деньги за проходку 2 место Карандей Виктория дарим тебе классную книгу 3 место Иванов Роман ты забираешь настойку от оргов Поздравляем победителей Ждем вас и всех остальных на нашем лофте! Забрать призы",https://vk.com/wall-130344439_5817,пост
5818,0,Post 5818 (2025-02-11 18:46:19),"Лофт уже совсем близко Отвечаем на часто задаваемые вопросы Как пары смогут провести время на лофте? Тематика лофта, как и дата его проведения - 14 февраля",https://vk.com/wall-130344439_5818,пост
5818,1,Post 5818 (2025-02-11 18:46:19),". Поэтому декор помещения и фотозоны будет соответствующим, а на баре вы найдете тематические коктейли А не пары? Или это мероприятие с атмосферой исключительно любви и романтики? Помимо вышеперечисленного, лофт остается такой же тусовкой, как и раньше",https://vk.com/wall-130344439_5818,пост
5818,2,Post 5818 (2025-02-11 18:46:19),". От предыдущих лофтов он будет отличаться некоторыми нововведениями, например, бирпонгом Сколько кулеров с пивом? Два кулера, в одном непосредственно пиво, в другом - сидр, чтобы сделать этот вечер слаще Что будет из еды",https://vk.com/wall-130344439_5818,пост
5818,3,Post 5818 (2025-02-11 18:46:19),"? Здесь все по классике - пицца, чипсики и начос с соусом Советуем приезжать не слишком поздно, чтобы без вас все не съели Очень хочу пойти, но у меня скоро пересдача, сижу, готовлюсь Безусловно, вы сами знаете, как лучше распорядиться своим временем",https://vk.com/wall-130344439_5818,пост
5818,4,Post 5818 (2025-02-11 18:46:19),". Однако, если вы понимаете, что вместо усердного плотного бота вы проведете время за просмотром рилсиков, лучше приходите на лофт",https://vk.com/wall-130344439_5818,пост
5818,5,Post 5818 (2025-02-11 18:46:19),". На нем вы морально отдохнете от бесконечной учебы, и у вас появятся новые силы для более продуктивной работы после У вас еще есть возможность присоединиться к нашей тусовке в честь прекрасного праздника 1705р Т-банк Сбер подписывайте ФИ и курс во избежание попила ваших средств Всех обнимаем и ждем на лофте! По всем вопросам",https://vk.com/wall-130344439_5818,пост
5821,0,Post 5821 (2025-02-12 19:05:35),"Мы сняли интервью с Балакиной Татьяной Петровной! Обсудили с ней ее карьерный путь, науку и образование, в каких олимпиадах и хакатонах стоит участвовать и кем быть после отделения экономики физик она или экономист? кто из студентов ей запомнился? и почему Иканам выделяется среди других направлений? Ответы на эти и многие другие вопросы вы найдете в видео по ссылке Приятного просмотра",https://vk.com/wall-130344439_5821,пост
5822,0,Post 5822 (2025-02-13 21:35:03),"По традиции как добраться до лофта Напоминаем адрес Самокатная ул., 4с1 Здесь всего 3 варианта 1. Такси 2. Доехать до Курской на метро и затем 20 минут пешком 3",https://vk.com/wall-130344439_5822,пост
5822,1,Post 5822 (2025-02-13 21:35:03),". На метро доехать до Красносельской, сесть на 443 трамвай, выйти на остановке Библиотека имени Грина и совсем немного пройтись Выбирайте наиболее удобный для вас маршрут Завтра мы запишем и выложим видео о том, как пройти к самому лофту, чтобы никто не запутался У тех, кто еще не присоединился к нашему мероприятию, есть возможность сделать это прямо сейчас 1705р Т-банк Сбер До встречи, получается",https://vk.com/wall-130344439_5822,пост
5823,0,Post 5823 (2025-02-14 19:12:05),"Видео с маршрутом до лофта Помните о том, что за уличную территорию лофта с алкоголем и сигаретами выходить нельзя",https://vk.com/wall-130344439_5823,пост
5826,0,Post 5826 (2025-02-15 20:54:21),"Ну что друзья, а вот и фото со вчерашнего лофта Всем огромные спасибо, что пришли, это было безумно круто вы снова зарядили нас на новые ивенты для вас, но обо всем немного позжеорги еще отходят ждите итоги лофта и больше приятных слов завтра!",https://vk.com/wall-130344439_5826,пост
5828,0,Post 5828 (2025-02-16 18:00:01),"Спасибо всем, кто был на нашем лофте! Друзья, этот вечер был невероятным! Мы безумно рады видеть, как вы заряжаете пространство энергией, создаете атмосферу и делаете наши мероприятия по-настоящему живыми Будем честны, у нас не все пошло по плану, однако это не помешало сделать этот день особенным",https://vk.com/wall-130344439_5828,пост
5828,1,Post 5828 (2025-02-16 18:00:01),"! Спасибо за ваши тепло и любовь Мы хотим становиться лучше, делать наши встречи еще круче, а для этого нужен ваш фидбек! Поделитесь своими впечатлениями что понравилось, что можно улучшить, а что точно нужно повторить? Оставляйте мысли по ссылке Спасибо, что были с нами! Вы душа и сердце этих тусовок! Впереди еще больше классных моментов",https://vk.com/wall-130344439_5828,пост
5829,0,Post 5829 (2025-02-17 18:10:28),"Традиционный пост с потеряшками Вот, что мы нашли после лофта Чтобы забрать свои вещи, напишите",https://vk.com/wall-130344439_5829,пост
5830,0,Post 5830 (2025-02-21 08:09:46),"Всем привет, инфа про универсиаду по эконометрике на которой каждый студент ОБЯЗАН выступать, если он за МАТЕШУ Универсиада проходит в два тура До 25.02.25 г. 2359 по Москве регистрация и решение заданий отборочного тура в дистанционном формате. 19.04.25 г. заключительный тур универсиады пройдёт очно в здании экономического факультета МГУ",https://vk.com/wall-130344439_5830,пост
5830,1,Post 5830 (2025-02-21 08:09:46),. Задания отборочного тура и регистрационная форма доступны по ссылке Результаты отборочного тура и список финалистов публикуются до 11 марта. Также задания и решения прошлых лет 2012-2024 доступны в архиве Контакты оргкомитета группа вконтакте club65099143universiade_ecm эл.почта ecm.universiadegmail.com телеграм-канал,https://vk.com/wall-130344439_5830,пост
5832,0,Post 5832 (2025-02-28 17:48:47),"Не слишком сложный хакатон в Москве. Подойдет для пробы сил. И кстати в прошлом году от Студпассива был только один участник со специальным призом за волю к победе, пора бы там отметится как следует .",https://vk.com/wall-130344439_5832,пост
5836,0,Post 5836 (2025-03-25 22:30:00),"ХОБА, ВЕСЕННИЙ ЛОФТ! Уже чувствуете этот вайб, да? Ровно через месяц мы снова собираем всех вас, чтобы забыть про время, раствориться в звуке и создать воспоминания, которые будут согревать ещё долго Да-да, это тот самый давно понравившийся нам лофт",https://vk.com/wall-130344439_5836,пост
5836,1,Post 5836 (2025-03-25 22:30:00),". В этот раз с бронью все гуд! Что вас ждет? Атмосферное пространство с мощным звуком и светом Мы пофиксили диджейку, в этот раз она вам точно зайдет! Бар с авторскими коктейлями и классикой, проверенной временем Больше пиццы и чипсиков, чтобы никто не ушел голодным Энергия, которая остаётся с тобой даже после рассвета И, конечно, люди, которые пришли за настоящими эмоциями",https://vk.com/wall-130344439_5836,пост
5836,2,Post 5836 (2025-03-25 22:30:00),"! Больше подробностей в следующих постах Этот вечер не просто тусовка, это ритуал для тех, кто ценит музыку, танцы, общение и свободу Итак дата и время 25",https://vk.com/wall-130344439_5836,пост
5836,3,Post 5836 (2025-03-25 22:30:00),".04.2025 2000-0300 место 2-й Кабельный проезд, 1 стоимость 1500р до 14.04 2359 1700р с 15.04 0000 Т-банк Сбер Обязательно указывайте фио и курс! Время замедляется, когда ночь идеальна. Ты с нами? Больше уникальной инфы сами знаете где найти",https://vk.com/wall-130344439_5836,пост
5837,0,Post 5837 (2025-04-01 15:41:50),"Всем привет! вакансия Позиция Стажер дата-аналитик Компания Х5 Group Формат Продолжительность стажировки 4 месяца full-time - 40 часов в неделю! Локация Удаленная работа но по желанию можно работать из офиса, г. Москва Вилки Оклад 100 тыс.руб. gross Начало стажировки 2я половина мая 2025 г",https://vk.com/wall-130344439_5837,пост
5837,1,Post 5837 (2025-04-01 15:41:50),". gross Начало стажировки 2я половина мая 2025 г. Команда ad-hoc аналитики из X5 Group Пятерочка, Перекресток, Чижик и etc в поисках стажеров! Почему у нас интересно? Более 20 тысяч магазинов, 15 миллионов клиентов, петабайты данных - и все это нужно анализировать",https://vk.com/wall-130344439_5837,пост
5837,2,Post 5837 (2025-04-01 15:41:50),". Каждый день мы показываем, что наши супермаркеты - на самом деле цифровой проект, в котором большое место занимают Big Data и Data-Driven подход",https://vk.com/wall-130344439_5837,пост
5837,3,Post 5837 (2025-04-01 15:41:50),". Мы в команде ad-hoc аналитики крутим AB-тесты в оффлайне и не только, с каждым днем все больше прилетает нестандартных задачек, в которых мы используем все свои знания или быстро их приобретаем, а также у нас можно заниматься рисерчами",https://vk.com/wall-130344439_5837,пост
5837,4,Post 5837 (2025-04-01 15:41:50),! Мы ищем соискателей на 2 стрима задач Стрим 1 Чем у нас занимаются стажеры,https://vk.com/wall-130344439_5837,пост
5837,5,Post 5837 (2025-04-01 15:41:50),"? - Первое время проходят онбординг, запоминают имена ментора и тим-лида и погружаются в курс дела - Сразу после этого получают свою первую настоящую боевую задачку и НЕ страдают, так как ментор всегда под рукой на дизайн или оценку будущего эксперимента - Продумывают дизайн АB-тестов на магазинах или лояльных клиентах и интерпретируют их результаты",https://vk.com/wall-130344439_5837,пост
5837,6,Post 5837 (2025-04-01 15:41:50),", а также помогают руководителям инициатив бизнесу в этом - Исследуют новые метрики на применимость АB-тестов - и многое чего еще Стрим 2 Чем у нас занимаются стажеры",https://vk.com/wall-130344439_5837,пост
5837,7,Post 5837 (2025-04-01 15:41:50),"? - Исследуют новые подходы к оценкам АБ-тестов, для такой задачи преимуществом будет продвинутые знания в области статистики и causal inference Ты нам подходишь - Если уже загуглил, что такое ad-hoc и понял, в чем суть - Уверенно владеешь Python pandas, numpy, matplotlib и весь базовый набор для аналитики данных, SQL joinы, оконки, знаешь статистику - Обладаешь аналитическим складом ума",https://vk.com/wall-130344439_5837,пост
5837,8,Post 5837 (2025-04-01 15:41:50),", наблюдательностью и успешно практикуешь метод пристального взгляда - Любишь мемы желательно, но необязательно - Преимуществом будет владение бигдатой и ML Что мы предлагаем - Помощь менторов на всем этапе стажировки - Классный коллектив, теплая атмосфера и веселые ретро с играми и битвой мемов, а также оффлайн-тимбилдинги Если тебе интересно развиваться в области аналитики данных",https://vk.com/wall-130344439_5837,пост
5837,10,Post 5837 (2025-04-01 15:41:50),! Свои CV в формате Фамилия Имя Резюме Стрим 1 или 2 направлять сюда,https://vk.com/wall-130344439_5837,пост
5839,0,Post 5839 (2025-04-06 22:00:00),"Где постыЖивы Да, живы, просто руки до работы не доходят А работать кто и когда будет, орги блять А на самом деле лофт на последней стадии подготовки Очень ждем вас на новом, старом, традиционном и инновационном лофте дата и время 25.04.2025 2000-0300 место 2-й Кабельный проезд, 1 стоимость 1500р до 14.04 2359 1700р с 15.04 0000 Т-банк Сбер Обязательно указывайте фио и курс!",https://vk.com/wall-130344439_5839,пост
5841,0,Post 5841 (2025-04-08 22:30:00),"На связи OrgiA Хотим поделится парочкой важных новостей Главная новость До лофта осталось не так долго, и уже ровно через неделю будет повышение цен Успейте купить билет на одно из легендарнейших мероприятий Иканама по классным ценам Вторая новость, связана с тем",https://vk.com/wall-130344439_5841,пост
5841,1,Post 5841 (2025-04-08 22:30:00),", связана с тем, что мы объявляем неделю интересных историй с мероприятий Мы надеемся повеселить вас нашей внутренней кухней и приоткрыть занавес организации для вас, рассказать о наших факапах и случайных радостях",https://vk.com/wall-130344439_5841,пост
5841,2,Post 5841 (2025-04-08 22:30:00),". Ближайшую неделю, мы будем постить по одной истории в вк и в наш тгк, истории везде будут разные. Начнем с истории про то, как орги решили собраться делать диджейский сет за день до интервью с Татьяной Петровной Балакиной. В конце января мы договорились снимать интервью с Татьяной Петровной. Не за горами был лофт",https://vk.com/wall-130344439_5841,пост
5841,3,Post 5841 (2025-04-08 22:30:00),". Не за горами был лофт. Поэтому,пока были каникулы, Богдан решил вечером перед съемками позвать оргов собирать плейлист для нашего мероприятия. Всё началось,как и планировалось. Плейлист собирался под Ноггано, отвлекаясь на минутные разговоры с Мишей",https://vk.com/wall-130344439_5841,пост
5841,4,Post 5841 (2025-04-08 22:30:00),". Но в один момент Богдан предложил взять перерыв на отдых открылся джин и после 5 часового диалога про школьные времена, лофты и прошлое никто не сел доделывать плейлист. Легли в 730,а вставать нужно было в 10. Договорились,что Богдан соберет плейлист в Тюмени и перекинет Лиле,как тот будет готов. Утром еле еле не проспав, побежали в метро, чтобы успеть на запись интервью",https://vk.com/wall-130344439_5841,пост
5841,5,Post 5841 (2025-04-08 22:30:00),". Но все прошло очень хорошо и результат вы уже успели посмотреть. Ну а с сетом дальше происходило много веселых и невеселых фейлов, но об этом уже в следующий раз",https://vk.com/wall-130344439_5841,пост
5842,0,Post 5842 (2025-04-09 22:05:35),"Ну что, продолжим марафон историй Сегодня мы расскажем об одном из наших лучших приобритений, а также создателе нашего веселья на лофтах - Рации. Еще во время создание нашей команды, мы знали, что точно хотим внедрить их для оптимизации работы. Но все никак не получилось выбрать хорошие и заказать",https://vk.com/wall-130344439_5842,пост
5842,1,Post 5842 (2025-04-09 22:05:35),". Уже прошел посвят, на котором произошло много проблем с коммуникацией и мы поняли, что рации, это точно наш выбор! Вот и пришло время, на зимних каникулах закупились рациями. А дальше пошли приколы хахаха. Пока Лиля собирала плейлист 14 февраля в 1630 в гжк,два Влада настраивали рации и случайно выходили на канал охраны нашей академии Рации действительно лучшее наше решение",https://vk.com/wall-130344439_5842,пост
5842,2,Post 5842 (2025-04-09 22:05:35),". Оргам очень понравилось. И в многие моменты было даже забавно,когда стоишь на диджейке,а по рации говорят Ребята,у нас проблема,Ваня Грасенков опять нажрался",https://vk.com/wall-130344439_5842,пост
5842,0,Post 5842 (2025-04-09 22:05:35),"Ураааа, Ваня нажрался, Забыли упомянуть когда на частоте орги петь начали",https://vk.com/wall-130344439_5842,комментарий
5845,0,Post 5845 (2025-04-10 22:00:00),"Новый день новая история Многие из вас, надеемся, оценили наше нововведение кулеры с пивом. Но как же появилась эта идея и как она развивалась? Наступил Новый год. Орги наелись салатов, напились шампанского и решили устроить созвон, чтобы обсудить планы на лофт. В какой-то момент Миша вкинул прикол про кулер все моментально подхватили идею и ринулись искать его на Авито",https://vk.com/wall-130344439_5845,пост
5845,1,Post 5845 (2025-04-10 22:00:00),". По какой-то неведомой причине кулер оказался у нас уже на следующий день. Бедный Саим, забрав его аж из Щелково, поехал везти на Южку. Тут-то и начались сложности. Он пронес кулер через КПП, но в общаге с ним заходить запретили. Пришлось Саиму собрать еще парочку оргов, и все вместе они отнесли кулер к Вике, оставив его у нее",https://vk.com/wall-130344439_5845,пост
5845,2,Post 5845 (2025-04-10 22:00:00),". Ну а потом, конечно, бухали до поздней ночи куда же без этого? Зато кулер успешно прошел тест-драйв Через месяц затишья Саим снова отправился в путешествие за вторым кулером. В этот раз все прошло спокойно, и кулер оказался в квартире у Ванечки. Тогда же появилась идея кастомизировать их под эстетику Иканама",https://vk.com/wall-130344439_5845,пост
5845,3,Post 5845 (2025-04-10 22:00:00),". Как обычно, всё делается в последний момент, поэтому за три дня до лофта решили расписывать кулеры у Вани дома. Тот, что был у Вики, с помощью Влада Диденко переехал к нашему бармену. За день до лофта в дело наконец вступила Ксюша. Она оказалась запертой в Ваниной квартире на семь часов наедине с кулерами, красками и водкой чтобы оттирать погрешности, честно",https://vk.com/wall-130344439_5845,пост
5845,4,Post 5845 (2025-04-10 22:00:00),". Пока Ваня, Саим и Влад закупали алкоголь, кулеры становились все красивее, а Ксюша все более уставшей. Но в итоге получилось просто супер! И они снова появятся на предстоящем лофте",https://vk.com/wall-130344439_5845,пост
5849,0,Post 5849 (2025-04-11 21:00:00),"Отвлечемся от приятной ностальгии Сегодня ровно две недели до последней тусовки в этом учебном году. Осталось не так много времени, чтобы ярко закончить, так, что запомнится всем! Также повышение цен ровно через 4 дня 4-й курс, это ваш последний лофт в статусе официальных студентов Иканама",https://vk.com/wall-130344439_5849,пост
5849,1,Post 5849 (2025-04-11 21:00:00),". Выпускной на носу, а значит, надо оторваться по-королевски! Ждём вас, чтобы в последний разно это не точно устроить легендарный движ под наши любимые треки. Ждем всех, кто готов жарко провести эту ночь и пусть это будет круто! P.S. 4-й курс, если думаете отсидеться мы вас вычислим и затащим на танцпол. Без вариантов. дата и время 25.04",https://vk.com/wall-130344439_5849,пост
5849,2,Post 5849 (2025-04-11 21:00:00),". Без вариантов. дата и время 25.04.2025 2000-0300 место 2-й Кабельный проезд, 1 стоимость 1500р до 14.04 2359 1700р с 15.04 0000 Т-банк Сбер Обязательно указывайте фио и курс!",https://vk.com/wall-130344439_5849,пост
5851,0,Post 5851 (2025-04-12 22:00:00),"Орги купили на посвят 300 сосисок! Что?? Сегодня расскажем про то, готовилась кухня для посвята Началось все с мыслей о том что же будем готовить и сколько всего нужно покупать",https://vk.com/wall-130344439_5851,пост
5851,1,Post 5851 (2025-04-12 22:00:00),". Ради этого Лиля стала мега-прогером, написав тарталеточный код Основные приготовления были сделаны и Даша, Гоша и Ксюша поехали скупать все Метро, пообедав осетинскими пирогами хехехе и это было верным решением, ведь за 4",https://vk.com/wall-130344439_5851,пост
5851,2,Post 5851 (2025-04-12 22:00:00),"! часа хождения они очень устали Этот закуп был невероятным и очень смешным, ребята унесли всю полку с булочками для хот-догов, вручную пересчитали все сосиски и конечно же не забыли купить легендарные тарталетки и огромное ведро майонеза",https://vk.com/wall-130344439_5851,пост
5851,3,Post 5851 (2025-04-12 22:00:00),". Затем все это поехало на хранение в общагу к другим оргам и их друзьям коменданты были в шоке и очень интересовались, кто же это все будет есть В ночь перед самим посвятом началось великое кукинг шоу, для этого была оккупирована кухня гжк. Шефом стал Влад Диденко, собрав себе команду поваров в лице Гоши, Богдана, Влада и Вики",https://vk.com/wall-130344439_5851,пост
5851,4,Post 5851 (2025-04-12 22:00:00),". Да, на нашей кухне работают мужчины, ведь мы против стереотипов, что это женское место В это же время остальные доделывали декор. В целом была долгая веселая ночь, но все салаты были заготовлены и орги отправились спать. На самом же посвяте королем мангала был Гоша, который весь день жарил нам сосиски, еще раз огромное ему спасибо!",https://vk.com/wall-130344439_5851,пост
5854,0,Post 5854 (2025-04-13 22:05:00),"Продолжаем марафон историй Вспомним деятельность до лофтов и посвята. Наша команда решила снять промо к посвяту. Так вот, сам ролик снимался около 5 дней. Многим было сложно в таком участвовать,так как мы не актеры на камерухоть актеры в жизни Поэтому данная авантюра оказалась интересным времяпрепровождением. Был 2ой день съемок. Мы собрались на востоке Москвы снимать сцену Вики",https://vk.com/wall-130344439_5854,пост
5854,1,Post 5854 (2025-04-13 22:05:00),". Лиля,Богдан,Влад П и Аняоператор договорились встретиться на площади ильича. Но Аня задерживалась,поэтому оргам ничего лучше в голову не пришло,как поехать за ней до таганки на машине. Мало того,что сильно задерживались, так еще и еще навигатор сломался. В итоге смогли развернуться у Парка Горького. И то, чуть не попали в жуткую аварию,но благодаря навыку вождения Влада все обошлось",https://vk.com/wall-130344439_5854,пост
5854,2,Post 5854 (2025-04-13 22:05:00),". Приехав спустя 1,5 часа после назначенного времени,мы приступили к подготовке места и девочек,но тут тоже не все так просто оператор забыла карту памяти, ей не на что было снимать. Поэтому Богдан и Аня побежали в ближайший ТЦ ,чтобы спасти съемки. Остальная часть оргов ждала в районе метро мякинино, договорились там встретиться в 2130",https://vk.com/wall-130344439_5854,пост
5854,3,Post 5854 (2025-04-13 22:05:00),. Во сколько мы к ним приехали после окончания сцены? Вопрос достаточно интересный,https://vk.com/wall-130344439_5854,пост
5856,0,Post 5856 (2025-04-14 19:00:21),"Друзья,осталось 5 ЧАСОВ до повышения цен на лофт Уже с 0000 15 апреля цена станет 1700р Успевайте купить дешёвые билеты,осталось немного времени! С любовью,ORGIA",https://vk.com/wall-130344439_5856,пост
5857,0,Post 5857 (2025-04-14 22:02:30),2 ЧАСА ДО ПОВЫШЕНИЯ ЦЕН Последние билеты по 1500 Т-банк Сбер Обязательно указывайте фио и курс!,https://vk.com/wall-130344439_5857,пост
5858,0,Post 5858 (2025-04-15 01:02:39),"СТОП ВСЕ Уже час, как цена за вход составляет 1700 А мы все еще очень ждем вас к нам Т-банк Сбер Обязательно указывайте фио и курс!",https://vk.com/wall-130344439_5858,пост
5860,0,Post 5860 (2025-04-15 21:30:00),Барабанная дробь Время розыгрыша на лофт Условия просты 1. Купить проходку 2. Прийти на лофт 3,https://vk.com/wall-130344439_5860,пост
5860,1,Post 5860 (2025-04-15 21:30:00),". Охуенно отдохнуть А теперь к самому главному - Призы 1 Место - Возврат 100 стоимости проходки 2 Место - Книга да, да, снова она, но по-моему это лучший подарок Какая",https://vk.com/wall-130344439_5860,пост
5860,2,Post 5860 (2025-04-15 21:30:00),"? У нас есть 3 идеи, между которыми мы пока не определись, а пока думаем, можете посоветовать, чего бы хотелось почитать вам, может быть мы реализуем именно это 3 Место - Брендированная настойка собственного производства от нашей команды ORGIA если умрете, то только от наслаждения, честно, честно Сроки конкурса Оплатить проходку нужно до 2359 20",https://vk.com/wall-130344439_5860,пост
5860,3,Post 5860 (2025-04-15 21:30:00),".04.2025 Напомним еще раз дата и время 25.04.2025 2000-0300 место 2-й Кабельный проезд, 1 стоимость 1700р Т-банк Сбер Обязательно указывайте фио и курс!",https://vk.com/wall-130344439_5860,пост
5862,0,Post 5862 (2025-04-18 20:00:01),"ААААА, ПОЧТИ ВСЕ До лофта меньше недели! Осталось совсем немного до самого яркого мероприятия Иканама этой весной Последняя возможность отдохнуть с нашим комьюнити, а для 4 курса провести последний лофт в статусе студентов Орги заряжены подарить вам лучший вечер весны, с новым баром и интересными плюшками Ждем Вас дата и время 25.04",https://vk.com/wall-130344439_5862,пост
5862,1,Post 5862 (2025-04-18 20:00:01),".04.2025 2000-0300 место 2-й Кабельный проезд, 1 стоимость 1700р Т-банк Сбер Обязательно указывайте фио и курс!",https://vk.com/wall-130344439_5862,пост
5864,0,Post 5864 (2025-04-19 20:00:01),Розыгрыш почти все Осталось чуть больше суток до конца розыгрыша Не проебите возмоможность забрать бесплатную проходку или другие призы от Orgia Напомним вам про все детали Условия 1. Купить проходку 2. Прийти на лофт 3,https://vk.com/wall-130344439_5864,пост
5864,1,Post 5864 (2025-04-19 20:00:01),. Купить проходку 2. Прийти на лофт 3. Охуенно отдохнуть 1 Место - Возврат 100 стоимости проходки 2 Место - Книга 3 Место - Брендированная настойка собственного производства от нашей команды ORGIA Сроки конкурса Оплатить проходку нужно до 2359 20.04.2025,https://vk.com/wall-130344439_5864,пост
5866,0,Post 5866 (2025-04-19 21:00:00),"У нас еще для вас неожиданные нововведения! Теперь билеты в формате qr-кодов Это поможет вам быстрее заходить и не ждать на улице, пока вас найдут в этом бессчетном количестве листов Как все работает Оплачиваете билет по сбору, как и всегда. После этого переходим по ссылке на регистрацию на лофт. Указываем почту, имя, фамилию, курсвыпускникдруг",https://vk.com/wall-130344439_5866,пост
5866,1,Post 5866 (2025-04-19 21:00:00),". Указываем почту, имя, фамилию, курсвыпускникдруг. После этого заявка отправляется к нам, после ее подтверждения вы на почту получите свой личный билет на вход. Еще раз Оплачиваем на сбор - Регистрируем билет - Получаем qr на почту Все просто Ждем вас на нашем лофте по новым билетам Вот ссылка на регистрацию",https://vk.com/wall-130344439_5866,пост
5868,0,Post 5868 (2025-04-20 20:30:00),"ОСТАЛОСЬ ПАРУ ЧАСОВ Сегодня заканчивается наш розыгрыш бесплатной проходки , книги и авторской настойки Результаты розыгрыша будут объявлены завтра вечером Последний шанс выиграть наши подарки Еще раз напомним дата и время 25.04",https://vk.com/wall-130344439_5868,пост
5868,1,Post 5868 (2025-04-20 20:30:00),".04.2025 2000-0300 место 2-й Кабельный проезд, 1 стоимость 1700р Т-банк Сбер Обязательно указывайте фио и курс! Для получения билета, зарегестрируйтесь по ссылке после оплаты и после нашего подтверждения проверяйте почту",https://vk.com/wall-130344439_5868,пост
5870,0,Post 5870 (2025-04-21 21:30:00),"БАРАБАННАЯ ДРОБЬ Вот и результаты нашего розыгрыша 1 МЕСТО - Иримбетов Тимур, получается возврат денег за проходку 2 МЕСТО - Тихонов Виктор, выиграл от нас книгу 3 МЕСТО - Шапкин Матвей, попробует нашу собственную настойку Поздравляем всех победителей Свяжитесь с нами А мы снова напоминаем вам самое яркое событие весны на Иканаме, наш лофт дата и время 25.04",https://vk.com/wall-130344439_5870,пост
5870,1,Post 5870 (2025-04-21 21:30:00),".04.2025 2000-0300 место 2-й Кабельный проезд, 1 стоимость 1700р Т-банк Сбер Обязательно указывайте фио и курс! Для получения билета, зарегестрируйтесь по ссылке после оплаты и после нашего подтверждения проверяйте почту",https://vk.com/wall-130344439_5870,пост
5872,0,Post 5872 (2025-04-22 20:00:01),"ДО ЛОФТА 3 ДНЯ Осталось всего чуть-чуть до самого масштабного события Иканама этой весны У оргов идут последние приготовления, чтобы подарить вам шикарный вечер Мы сделали новую барную карту, которая на 2 лучше, чем все предыдущие Наполнили наши музыкальные сеты новыми бэнгерами Создали много прикольных деталей",https://vk.com/wall-130344439_5872,пост
5872,1,Post 5872 (2025-04-22 20:00:01),", который сделают ваш вечер еще веселее Почти последний шанс прийти на лофт дата и время 25",https://vk.com/wall-130344439_5872,пост
5872,2,Post 5872 (2025-04-22 20:00:01),".04.2025 2000-0300 место 2-й Кабельный проезд, 1 стоимость 1700р Т-банк Сбер Обязательно указывайте фио и курс! Для получения билета, зарегестрируйтесь по ссылке после оплаты и после нашего подтверждения проверяйте почту",https://vk.com/wall-130344439_5872,пост
5874,0,Post 5874 (2025-04-25 13:00:01),"Сегодня А вот и время лофта! Сегодня в 2000 начинаем. Не забывайте взять разъебное настроение и вторую печень Кто еще не запрыгнул, у вас остался последний шанс влететь в вагон перед отправлением Сегодня ожидается ебать как охуенно Ждем вас дата и время 25.04",https://vk.com/wall-130344439_5874,пост
5874,1,Post 5874 (2025-04-25 13:00:01),".04.2025 2000-0300 место 2-й Кабельный проезд, 1 стоимость 1700р Т-банк Сбер Обязательно указывайте фио и курс! Для получения билета, зарегестрируйтесь по ссылке после оплаты и после нашего подтверждения проверяйте почту",https://vk.com/wall-130344439_5874,пост
5875,0,Post 5875 (2025-04-25 19:18:14),"ДО ЛОФТА ЧАС А пока вы готовитесь разносить эту тусовку, мы записали для вас видос о том, как до нее добраться У вас еще есть возможность залететь в последний вагон и оформить проходку на лучшее меро этой весны дата и время 25.04",https://vk.com/wall-130344439_5875,пост
5875,1,Post 5875 (2025-04-25 19:18:14),".04.2025 2000-0300 место 2-й Кабельный проезд, 1 стоимость 1700р Т-банк Сбер Обязательно указывайте фио и курс! Для получения билета, зарегестрируйтесь по ссылке после оплаты и после нашего подтверждения проверяйте почту",https://vk.com/wall-130344439_5875,пост
5878,0,Post 5878 (2025-04-27 15:54:51),"Гаааайс, а вот и фотки с лофта подъехали В этот раз кадры получились в разы лучше, бегите смотреть на эти шедевры Зацените обложку, кстати",https://vk.com/wall-130344439_5878,пост
5879,0,Post 5879 (2025-05-16 11:09:02),Всем общий саламчик! Мы ищем в Мегафон DS уровня миддл в команду кредитно-платежных продуктов. Более подробное описание вакансии по ссылке В случае заинтересованности пишите мне в тг samik_1999,https://vk.com/wall-130344439_5879,пост
5880,0,Post 5880 (2025-05-27 12:29:30),"Всем привет всем привет Ищем датасаентистов любого уровня с опытом, занимаемся в основном аб, но в последнее время приходит много задачек на построение всяких мвп по ML части, подробное описание ниже Вилочки не дают публиковать злые hr, но getmatch никто не отменял платим хорошо Присылайте CV в телеграмм, если есть вопросы - также пишите мне",https://vk.com/wall-130344439_5880,пост
